ngram,year,frequency,shift,side
mongolism,1900,1.976566832428972e-08,1960s_down,old
mongolism,1901,5.808290126640969e-09,1960s_down,old
mongolism,1902,5.354888754638409e-09,1960s_down,old
mongolism,1903,1.1763963969624314e-08,1960s_down,old
mongolism,1904,1.0316285825595628e-08,1960s_down,old
mongolism,1905,3.1337288319832624e-08,1960s_down,old
mongolism,1906,2.0194895700154092e-08,1960s_down,old
mongolism,1907,1.6424474280629653e-08,1960s_down,old
mongolism,1908,3.361933162415731e-08,1960s_down,old
mongolism,1909,2.1720980569739368e-08,1960s_down,old
mongolism,1910,2.0100038966575084e-08,1960s_down,old
mongolism,1911,1.882995051549763e-08,1960s_down,old
mongolism,1912,2.064395146494924e-08,1960s_down,old
mongolism,1913,2.3815054706055605e-08,1960s_down,old
mongolism,1914,3.405024179281568e-08,1960s_down,old
mongolism,1915,4.913769419134795e-08,1960s_down,old
mongolism,1916,4.3837419805292654e-08,1960s_down,old
mongolism,1917,3.417335336930449e-08,1960s_down,old
mongolism,1918,3.5144883225868284e-08,1960s_down,old
mongolism,1919,3.350544508506914e-08,1960s_down,old
mongolism,1920,4.320998225892936e-08,1960s_down,old
mongolism,1921,4.9022235715234785e-08,1960s_down,old
mongolism,1922,7.149752345725346e-08,1960s_down,old
mongolism,1923,4.563765398923891e-08,1960s_down,old
mongolism,1924,8.520628469455005e-08,1960s_down,old
mongolism,1925,7.04976318433026e-08,1960s_down,old
mongolism,1926,3.9015424710409086e-08,1960s_down,old
mongolism,1927,5.094331212429637e-08,1960s_down,old
mongolism,1928,1.4380535073854617e-07,1960s_down,old
mongolism,1929,8.616742031009039e-08,1960s_down,old
mongolism,1930,5.921073581438563e-08,1960s_down,old
mongolism,1931,1.6301940169993756e-07,1960s_down,old
mongolism,1932,7.06232297087439e-08,1960s_down,old
mongolism,1933,1.0158540469928923e-07,1960s_down,old
mongolism,1934,1.173402517373745e-07,1960s_down,old
mongolism,1935,9.284702828793456e-08,1960s_down,old
mongolism,1936,1.1303256686190366e-07,1960s_down,old
mongolism,1937,1.5664602148746098e-07,1960s_down,old
mongolism,1938,1.0764498326043537e-07,1960s_down,old
mongolism,1939,1.4304453921365479e-07,1960s_down,old
mongolism,1940,1.1326687809898317e-07,1960s_down,old
mongolism,1941,9.410024048861487e-08,1960s_down,old
mongolism,1942,1.4689964600300698e-07,1960s_down,old
mongolism,1943,1.2765085344312865e-07,1960s_down,old
mongolism,1944,1.262546972524703e-07,1960s_down,old
mongolism,1945,1.1263417848406121e-07,1960s_down,old
mongolism,1946,2.473353881704554e-07,1960s_down,old
mongolism,1947,2.0331566830122938e-07,1960s_down,old
mongolism,1948,1.2560496331914806e-07,1960s_down,old
mongolism,1949,1.7259672713265672e-07,1960s_down,old
mongolism,1950,1.7176207078861694e-07,1960s_down,old
mongolism,1951,1.5561000132890968e-07,1960s_down,old
mongolism,1952,2.2963421919541815e-07,1960s_down,old
mongolism,1953,2.97520845293775e-07,1960s_down,old
mongolism,1954,2.3643695978847745e-07,1960s_down,old
mongolism,1955,2.1913613323931713e-07,1960s_down,old
mongolism,1956,2.2755668727114653e-07,1960s_down,old
mongolism,1957,2.99246435631062e-07,1960s_down,old
mongolism,1958,2.951464583844654e-07,1960s_down,old
mongolism,1959,4.1679436257879843e-07,1960s_down,old
mongolism,1960,4.5691354788601757e-07,1960s_down,old
mongolism,1961,5.786063947965658e-07,1960s_down,old
mongolism,1962,6.639254959139862e-07,1960s_down,old
mongolism,1963,7.412984928123478e-07,1960s_down,old
mongolism,1964,7.431376616295893e-07,1960s_down,old
mongolism,1965,6.27571214550926e-07,1960s_down,old
mongolism,1966,6.649845403217114e-07,1960s_down,old
mongolism,1967,5.425304188122482e-07,1960s_down,old
mongolism,1968,4.6205132875343224e-07,1960s_down,old
mongolism,1969,6.230242775018269e-07,1960s_down,old
mongolism,1970,4.692367525649388e-07,1960s_down,old
mongolism,1971,4.073743422594589e-07,1960s_down,old
mongolism,1972,3.8186775341841894e-07,1960s_down,old
mongolism,1973,3.339429035520425e-07,1960s_down,old
mongolism,1974,3.47930457778034e-07,1960s_down,old
mongolism,1975,3.7245199546731556e-07,1960s_down,old
mongolism,1976,2.662441440648422e-07,1960s_down,old
mongolism,1977,2.7848979833322574e-07,1960s_down,old
mongolism,1978,2.3546745042679618e-07,1960s_down,old
mongolism,1979,1.8749797181527583e-07,1960s_down,old
mongolism,1980,1.5625014260223224e-07,1960s_down,old
mongolism,1981,1.341737045912339e-07,1960s_down,old
mongolism,1982,1.5111021145486347e-07,1960s_down,old
mongolism,1983,1.3593760894714535e-07,1960s_down,old
mongolism,1984,1.0462742983108342e-07,1960s_down,old
mongolism,1985,9.649766052888253e-08,1960s_down,old
mongolism,1986,9.228703579111652e-08,1960s_down,old
mongolism,1987,8.56197108767276e-08,1960s_down,old
mongolism,1988,6.486795145477231e-08,1960s_down,old
mongolism,1989,5.962773741430283e-08,1960s_down,old
mongolism,1990,6.366469174068357e-08,1960s_down,old
mongolism,1991,5.540969139072871e-08,1960s_down,old
mongolism,1992,5.2989927057378594e-08,1960s_down,old
mongolism,1993,3.970510475959088e-08,1960s_down,old
mongolism,1994,3.6879873765993665e-08,1960s_down,old
mongolism,1995,4.034999845359266e-08,1960s_down,old
mongolism,1996,2.9263094725173744e-08,1960s_down,old
mongolism,1997,3.3048905945243234e-08,1960s_down,old
mongolism,1998,3.988124791520775e-08,1960s_down,old
mongolism,1999,3.66148480979156e-08,1960s_down,old
mongolism,2000,3.1529585942102756e-08,1960s_down,old
mongolism,2001,2.823026995502076e-08,1960s_down,old
mongolism,2002,3.5836796974386687e-08,1960s_down,old
mongolism,2003,2.904125606661978e-08,1960s_down,old
mongolism,2004,2.4385140684479722e-08,1960s_down,old
mongolism,2005,2.9387463101882005e-08,1960s_down,old
mongolism,2006,2.776625365741303e-08,1960s_down,old
mongolism,2007,2.2997110007971777e-08,1960s_down,old
mongolism,2008,1.8433481754898118e-08,1960s_down,old
mongolism,2009,2.1723681020713315e-08,1960s_down,old
mongolism,2010,1.8897774400894463e-08,1960s_down,old
mongolism,2011,4.32969044228404e-08,1960s_down,old
mongolism,2012,4.1847725978927386e-08,1960s_down,old
mongolism,2013,4.7456442817117583e-08,1960s_down,old
mongolism,2014,2.3235197196824764e-08,1960s_down,old
mongolism,2015,1.9063291431531404e-08,1960s_down,old
mongolism,2016,2.02643226747401e-08,1960s_down,old
mongolism,2017,2.6877615133535926e-08,1960s_down,old
mongolism,2018,1.615624722547948e-08,1960s_down,old
mongolism,2019,1.8794232836683022e-08,1960s_down,old
Down syndrome,1900,1.6059345797625468e-09,1960s_down,new
Down syndrome,1901,0.0,1960s_down,new
Down syndrome,1902,0.0,1960s_down,new
Down syndrome,1903,0.0,1960s_down,new
Down syndrome,1904,0.0,1960s_down,new
Down syndrome,1905,0.0,1960s_down,new
Down syndrome,1906,0.0,1960s_down,new
Down syndrome,1907,0.0,1960s_down,new
Down syndrome,1908,0.0,1960s_down,new
Down syndrome,1909,0.0,1960s_down,new
Down syndrome,1910,0.0,1960s_down,new
Down syndrome,1911,0.0,1960s_down,new
Down syndrome,1912,0.0,1960s_down,new
Down syndrome,1913,0.0,1960s_down,new
Down syndrome,1914,0.0,1960s_down,new
Down syndrome,1915,3.2578324482557264e-09,1960s_down,new
Down syndrome,1916,2.851056682406927e-10,1960s_down,new
Down syndrome,1917,0.0,1960s_down,new
Down syndrome,1918,0.0,1960s_down,new
Down syndrome,1919,7.00938918019034e-10,1960s_down,new
Down syndrome,1920,9.290508640180661e-11,1960s_down,new
Down syndrome,1921,2.868815601742014e-10,1960s_down,new
Down syndrome,1922,0.0,1960s_down,new
Down syndrome,1923,3.083426847183546e-10,1960s_down,new
Down syndrome,1924,0.0,1960s_down,new
Down syndrome,1925,0.0,1960s_down,new
Down syndrome,1926,1.6325998886124182e-10,1960s_down,new
Down syndrome,1927,3.2468329830281917e-09,1960s_down,new
Down syndrome,1928,4.5871161036270536e-10,1960s_down,new
Down syndrome,1929,7.616520747433242e-10,1960s_down,new
Down syndrome,1930,3.0226418590295623e-10,1960s_down,new
Down syndrome,1931,0.0,1960s_down,new
Down syndrome,1932,0.0,1960s_down,new
Down syndrome,1933,2.172346663664726e-09,1960s_down,new
Down syndrome,1934,3.489004918311167e-10,1960s_down,new
Down syndrome,1935,8.33457003412974e-09,1960s_down,new
Down syndrome,1936,4.621610316668523e-10,1960s_down,new
Down syndrome,1937,0.0,1960s_down,new
Down syndrome,1938,2.9560207059908805e-10,1960s_down,new
Down syndrome,1939,2.7851546069435074e-10,1960s_down,new
Down syndrome,1940,1.4920278901264794e-10,1960s_down,new
Down syndrome,1941,1.4463513720031074e-10,1960s_down,new
Down syndrome,1942,4.968876143873757e-10,1960s_down,new
Down syndrome,1943,1.3731155934504358e-09,1960s_down,new
Down syndrome,1944,0.0,1960s_down,new
Down syndrome,1945,2.322363412687878e-09,1960s_down,new
Down syndrome,1946,4.2844794378993356e-10,1960s_down,new
Down syndrome,1947,2.5271271186788624e-10,1960s_down,new
Down syndrome,1948,9.991512062157426e-10,1960s_down,new
Down syndrome,1949,7.269087817785014e-09,1960s_down,new
Down syndrome,1950,1.0468618777403904e-08,1960s_down,new
Down syndrome,1951,5.688254728353215e-10,1960s_down,new
Down syndrome,1952,2.2636570395917488e-10,1960s_down,new
Down syndrome,1953,5.629066310297581e-10,1960s_down,new
Down syndrome,1954,2.4233760553826755e-09,1960s_down,new
Down syndrome,1955,2.2963132506603756e-09,1960s_down,new
Down syndrome,1956,4.1763544705863964e-10,1960s_down,new
Down syndrome,1957,2.0290217839225022e-09,1960s_down,new
Down syndrome,1958,2.7016188453021783e-09,1960s_down,new
Down syndrome,1959,3.58816976131493e-10,1960s_down,new
Down syndrome,1960,5.346065090616747e-09,1960s_down,new
Down syndrome,1961,6.6574646906403245e-09,1960s_down,new
Down syndrome,1962,4.815114668099696e-09,1960s_down,new
Down syndrome,1963,6.1338810697364465e-09,1960s_down,new
Down syndrome,1964,1.3040282048626395e-08,1960s_down,new
Down syndrome,1965,8.832390985258343e-09,1960s_down,new
Down syndrome,1966,8.313322474862161e-09,1960s_down,new
Down syndrome,1967,2.115492171717026e-08,1960s_down,new
Down syndrome,1968,1.6147931991561393e-08,1960s_down,new
Down syndrome,1969,2.507980489951933e-08,1960s_down,new
Down syndrome,1970,1.1490404024094847e-08,1960s_down,new
Down syndrome,1971,2.6500303507148715e-08,1960s_down,new
Down syndrome,1972,1.0768450138531893e-08,1960s_down,new
Down syndrome,1973,1.647477404498332e-08,1960s_down,new
Down syndrome,1974,2.5589960955807456e-08,1960s_down,new
Down syndrome,1975,1.1590475830491886e-07,1960s_down,new
Down syndrome,1976,1.2545954918702362e-07,1960s_down,new
Down syndrome,1977,1.4817820141038718e-07,1960s_down,new
Down syndrome,1978,2.1731289662207942e-07,1960s_down,new
Down syndrome,1979,1.8369731913381315e-07,1960s_down,new
Down syndrome,1980,2.1755202819079278e-07,1960s_down,new
Down syndrome,1981,2.5970875679875993e-07,1960s_down,new
Down syndrome,1982,4.4053450976716535e-07,1960s_down,new
Down syndrome,1983,3.661625645259847e-07,1960s_down,new
Down syndrome,1984,3.929599912688708e-07,1960s_down,new
Down syndrome,1985,5.2533301877003e-07,1960s_down,new
Down syndrome,1986,6.288271952037405e-07,1960s_down,new
Down syndrome,1987,7.552405171494525e-07,1960s_down,new
Down syndrome,1988,7.341308581355899e-07,1960s_down,new
Down syndrome,1989,8.207740588711543e-07,1960s_down,new
Down syndrome,1990,9.446606554081027e-07,1960s_down,new
Down syndrome,1991,7.151082659362373e-07,1960s_down,new
Down syndrome,1992,8.846227807259022e-07,1960s_down,new
Down syndrome,1993,8.428638994945059e-07,1960s_down,new
Down syndrome,1994,7.886917296681673e-07,1960s_down,new
Down syndrome,1995,1.0227885483757304e-06,1960s_down,new
Down syndrome,1996,8.939099619062474e-07,1960s_down,new
Down syndrome,1997,7.656388155349858e-07,1960s_down,new
Down syndrome,1998,8.431691334541414e-07,1960s_down,new
Down syndrome,1999,8.20357738209182e-07,1960s_down,new
Down syndrome,2000,8.85369818893339e-07,1960s_down,new
Down syndrome,2001,9.014206068733155e-07,1960s_down,new
Down syndrome,2002,8.849284221512654e-07,1960s_down,new
Down syndrome,2003,9.039242673189452e-07,1960s_down,new
Down syndrome,2004,8.469950619031941e-07,1960s_down,new
Down syndrome,2005,9.942938906798426e-07,1960s_down,new
Down syndrome,2006,1.1738273785893982e-06,1960s_down,new
Down syndrome,2007,1.0154326916325673e-06,1960s_down,new
Down syndrome,2008,1.3396274431559663e-06,1960s_down,new
Down syndrome,2009,9.417794852029093e-07,1960s_down,new
Down syndrome,2010,1.2131421863112446e-06,1960s_down,new
Down syndrome,2011,1.4858100604552005e-06,1960s_down,new
Down syndrome,2012,1.2628355136028863e-06,1960s_down,new
Down syndrome,2013,1.1915840154204382e-06,1960s_down,new
Down syndrome,2014,1.0438982319463386e-06,1960s_down,new
Down syndrome,2015,1.1536536075919257e-06,1960s_down,new
Down syndrome,2016,1.0288893959042866e-06,1960s_down,new
Down syndrome,2017,9.112466169969302e-07,1960s_down,new
Down syndrome,2018,9.53862302019437e-07,1960s_down,new
Down syndrome,2019,8.706542555560193e-07,1960s_down,new
trisomy 21,1900,0.0,1960s_down,new
trisomy 21,1901,0.0,1960s_down,new
trisomy 21,1902,0.0,1960s_down,new
trisomy 21,1903,0.0,1960s_down,new
trisomy 21,1904,0.0,1960s_down,new
trisomy 21,1905,0.0,1960s_down,new
trisomy 21,1906,9.531235106718938e-10,1960s_down,new
trisomy 21,1907,0.0,1960s_down,new
trisomy 21,1908,0.0,1960s_down,new
trisomy 21,1909,0.0,1960s_down,new
trisomy 21,1910,0.0,1960s_down,new
trisomy 21,1911,0.0,1960s_down,new
trisomy 21,1912,0.0,1960s_down,new
trisomy 21,1913,0.0,1960s_down,new
trisomy 21,1914,0.0,1960s_down,new
trisomy 21,1915,2.299646528758359e-09,1960s_down,new
trisomy 21,1916,0.0,1960s_down,new
trisomy 21,1917,0.0,1960s_down,new
trisomy 21,1918,0.0,1960s_down,new
trisomy 21,1919,0.0,1960s_down,new
trisomy 21,1920,0.0,1960s_down,new
trisomy 21,1921,9.56271867247338e-11,1960s_down,new
trisomy 21,1922,0.0,1960s_down,new
trisomy 21,1923,0.0,1960s_down,new
trisomy 21,1924,0.0,1960s_down,new
trisomy 21,1925,0.0,1960s_down,new
trisomy 21,1926,0.0,1960s_down,new
trisomy 21,1927,0.0,1960s_down,new
trisomy 21,1928,0.0,1960s_down,new
trisomy 21,1929,0.0,1960s_down,new
trisomy 21,1930,0.0,1960s_down,new
trisomy 21,1931,0.0,1960s_down,new
trisomy 21,1932,0.0,1960s_down,new
trisomy 21,1933,7.4221842005783856e-09,1960s_down,new
trisomy 21,1934,0.0,1960s_down,new
trisomy 21,1935,4.717681245658412e-10,1960s_down,new
trisomy 21,1936,7.702683491039863e-10,1960s_down,new
trisomy 21,1937,2.8383250194607967e-09,1960s_down,new
trisomy 21,1938,0.0,1960s_down,new
trisomy 21,1939,0.0,1960s_down,new
trisomy 21,1940,0.0,1960s_down,new
trisomy 21,1941,0.0,1960s_down,new
trisomy 21,1942,6.625168191831676e-10,1960s_down,new
trisomy 21,1943,0.0,1960s_down,new
trisomy 21,1944,1.835582519316148e-10,1960s_down,new
trisomy 21,1945,4.976493106489954e-10,1960s_down,new
trisomy 21,1946,0.0,1960s_down,new
trisomy 21,1947,1.7689890108307793e-09,1960s_down,new
trisomy 21,1948,2.4978780155393565e-10,1960s_down,new
trisomy 21,1949,1.7622030501485142e-09,1960s_down,new
trisomy 21,1950,4.958819688205551e-09,1960s_down,new
trisomy 21,1951,0.0,1960s_down,new
trisomy 21,1952,0.0,1960s_down,new
trisomy 21,1953,6.75487936419028e-10,1960s_down,new
trisomy 21,1954,2.2030691160246363e-10,1960s_down,new
trisomy 21,1955,0.0,1960s_down,new
trisomy 21,1956,0.0,1960s_down,new
trisomy 21,1957,9.66200869312317e-11,1960s_down,new
trisomy 21,1958,4.824319554952439e-10,1960s_down,new
trisomy 21,1959,3.58816976131493e-10,1960s_down,new
trisomy 21,1960,1.1880144090703482e-09,1960s_down,new
trisomy 21,1961,3.4872433829491456e-09,1960s_down,new
trisomy 21,1962,8.802631401572114e-09,1960s_down,new
trisomy 21,1963,1.776710412126903e-08,1960s_down,new
trisomy 21,1964,4.4291991185829716e-08,1960s_down,new
trisomy 21,1965,2.7923944490026997e-08,1960s_down,new
trisomy 21,1966,3.536460924102869e-08,1960s_down,new
trisomy 21,1967,4.201019898619762e-08,1960s_down,new
trisomy 21,1968,3.951839189220152e-08,1960s_down,new
trisomy 21,1969,6.674275143669917e-08,1960s_down,new
trisomy 21,1970,4.071727854881857e-08,1960s_down,new
trisomy 21,1971,5.82534488424713e-08,1960s_down,new
trisomy 21,1972,4.768030481550056e-08,1960s_down,new
trisomy 21,1973,6.817752074006478e-08,1960s_down,new
trisomy 21,1974,8.440511645169124e-08,1960s_down,new
trisomy 21,1975,1.1219580575705379e-07,1960s_down,new
trisomy 21,1976,8.92682390229993e-08,1960s_down,new
trisomy 21,1977,1.2581577424342072e-07,1960s_down,new
trisomy 21,1978,1.199917000205275e-07,1960s_down,new
trisomy 21,1979,8.657800099065582e-08,1960s_down,new
trisomy 21,1980,9.664227562655725e-08,1960s_down,new
trisomy 21,1981,1.4984869078915608e-07,1960s_down,new
trisomy 21,1982,1.6206864528189868e-07,1960s_down,new
trisomy 21,1983,1.2758550382852007e-07,1960s_down,new
trisomy 21,1984,1.235017070277955e-07,1960s_down,new
trisomy 21,1985,1.4920701452147966e-07,1960s_down,new
trisomy 21,1986,1.3551247945997602e-07,1960s_down,new
trisomy 21,1987,1.4090709743452834e-07,1960s_down,new
trisomy 21,1988,1.2714078750919455e-07,1960s_down,new
trisomy 21,1989,1.225688028849703e-07,1960s_down,new
trisomy 21,1990,1.420264417184569e-07,1960s_down,new
trisomy 21,1991,1.283243566962966e-07,1960s_down,new
trisomy 21,1992,1.2034236707147983e-07,1960s_down,new
trisomy 21,1993,1.1849586700751757e-07,1960s_down,new
trisomy 21,1994,1.071608721758821e-07,1960s_down,new
trisomy 21,1995,1.195924144159477e-07,1960s_down,new
trisomy 21,1996,1.0888465590275231e-07,1960s_down,new
trisomy 21,1997,1.1703038871324623e-07,1960s_down,new
trisomy 21,1998,1.3296161827103248e-07,1960s_down,new
trisomy 21,1999,1.2516495578873688e-07,1960s_down,new
trisomy 21,2000,1.114475660091152e-07,1960s_down,new
trisomy 21,2001,1.2687116857090786e-07,1960s_down,new
trisomy 21,2002,1.0426015983888703e-07,1960s_down,new
trisomy 21,2003,1.400797058348502e-07,1960s_down,new
trisomy 21,2004,1.3413291422015305e-07,1960s_down,new
trisomy 21,2005,1.6029144778162419e-07,1960s_down,new
trisomy 21,2006,1.6318258688752252e-07,1960s_down,new
trisomy 21,2007,1.770082085350566e-07,1960s_down,new
trisomy 21,2008,1.7183120587516143e-07,1960s_down,new
trisomy 21,2009,1.5179478862759055e-07,1960s_down,new
trisomy 21,2010,1.6636805066916338e-07,1960s_down,new
trisomy 21,2011,2.597860820907627e-07,1960s_down,new
trisomy 21,2012,2.4851678809278965e-07,1960s_down,new
trisomy 21,2013,2.0210766704664707e-07,1960s_down,new
trisomy 21,2014,1.792405968092936e-07,1960s_down,new
trisomy 21,2015,2.5020578114931524e-07,1960s_down,new
trisomy 21,2016,1.8523073408438506e-07,1960s_down,new
trisomy 21,2017,1.8020934411389078e-07,1960s_down,new
trisomy 21,2018,1.9935714545837868e-07,1960s_down,new
trisomy 21,2019,1.545414407555512e-07,1960s_down,new
shell shock,1900,7.412005731399773e-10,1980s_ptsd,old
shell shock,1901,1.0792023663608319e-09,1980s_ptsd,old
shell shock,1902,3.6319969254350326e-10,1980s_ptsd,old
shell shock,1903,6.007110087136169e-10,1980s_ptsd,old
shell shock,1904,1.1394522131391582e-10,1980s_ptsd,old
shell shock,1905,8.011734192736597e-10,1980s_ptsd,old
shell shock,1906,1.059026130678653e-10,1980s_ptsd,old
shell shock,1907,8.429299133694279e-10,1980s_ptsd,old
shell shock,1908,1.1143030109739271e-09,1980s_ptsd,old
shell shock,1909,5.156308366394136e-10,1980s_ptsd,old
shell shock,1910,1.7529773743696353e-09,1980s_ptsd,old
shell shock,1911,1.1859068380082327e-09,1980s_ptsd,old
shell shock,1912,2.2892498036108933e-09,1980s_ptsd,old
shell shock,1913,2.929334386170268e-09,1980s_ptsd,old
shell shock,1914,8.916459459662462e-09,1980s_ptsd,old
shell shock,1915,2.567938575670503e-08,1980s_ptsd,old
shell shock,1916,2.515582302464736e-07,1980s_ptsd,old
shell shock,1917,5.551563873260057e-07,1980s_ptsd,old
shell shock,1918,1.2541403369703552e-06,1980s_ptsd,old
shell shock,1919,7.697310540621949e-07,1980s_ptsd,old
shell shock,1920,4.2838534969336095e-07,1980s_ptsd,old
shell shock,1921,2.2749707964675459e-07,1980s_ptsd,old
shell shock,1922,2.6579694481498883e-07,1980s_ptsd,old
shell shock,1923,1.4892951405443e-07,1980s_ptsd,old
shell shock,1924,1.0945499646919377e-07,1980s_ptsd,old
shell shock,1925,9.114947641108984e-08,1980s_ptsd,old
shell shock,1926,8.456867317541139e-08,1980s_ptsd,old
shell shock,1927,1.2451604547436546e-07,1980s_ptsd,old
shell shock,1928,8.684939825642779e-08,1980s_ptsd,old
shell shock,1929,1.399916507160981e-07,1980s_ptsd,old
shell shock,1930,8.402944540186752e-08,1980s_ptsd,old
shell shock,1931,7.227390586006521e-08,1980s_ptsd,old
shell shock,1932,7.682211000670236e-08,1980s_ptsd,old
shell shock,1933,5.865336075161487e-08,1980s_ptsd,old
shell shock,1934,5.3905127750386583e-08,1980s_ptsd,old
shell shock,1935,5.142272607727705e-08,1980s_ptsd,old
shell shock,1936,6.439443628325492e-08,1980s_ptsd,old
shell shock,1937,6.124806861684817e-08,1980s_ptsd,old
shell shock,1938,5.187816443097404e-08,1980s_ptsd,old
shell shock,1939,5.2778680814657974e-08,1980s_ptsd,old
shell shock,1940,5.9233508042932925e-08,1980s_ptsd,old
shell shock,1941,9.719481453007717e-08,1980s_ptsd,old
shell shock,1942,1.1825925305686269e-07,1980s_ptsd,old
shell shock,1943,1.4743829335195358e-07,1980s_ptsd,old
shell shock,1944,1.323455011970065e-07,1980s_ptsd,old
shell shock,1945,9.654396440628155e-08,1980s_ptsd,old
shell shock,1946,5.669794633789138e-08,1980s_ptsd,old
shell shock,1947,4.8773553584791074e-08,1980s_ptsd,old
shell shock,1948,3.884200164283591e-08,1980s_ptsd,old
shell shock,1949,3.205006822437628e-08,1980s_ptsd,old
shell shock,1950,3.812781274037391e-08,1980s_ptsd,old
shell shock,1951,2.8441274058099708e-08,1980s_ptsd,old
shell shock,1952,2.444749663821355e-08,1980s_ptsd,old
shell shock,1953,2.4880473348254384e-08,1980s_ptsd,old
shell shock,1954,2.1369769565016128e-08,1980s_ptsd,old
shell shock,1955,2.066681884654864e-08,1980s_ptsd,old
shell shock,1956,2.5893398564180714e-08,1980s_ptsd,old
shell shock,1957,1.903415614012971e-08,1980s_ptsd,old
shell shock,1958,2.643727092799253e-08,1980s_ptsd,old
shell shock,1959,1.9107003979002002e-08,1980s_ptsd,old
shell shock,1960,1.9517379934441692e-08,1980s_ptsd,old
shell shock,1961,4.184692159459047e-08,1980s_ptsd,old
shell shock,1962,2.0313763920976058e-08,1980s_ptsd,old
shell shock,1963,2.4324010583498534e-08,1980s_ptsd,old
shell shock,1964,2.1583914169842622e-08,1980s_ptsd,old
shell shock,1965,1.4335650597163685e-08,1980s_ptsd,old
shell shock,1966,2.2366797164385943e-08,1980s_ptsd,old
shell shock,1967,1.7019824022357355e-08,1980s_ptsd,old
shell shock,1968,2.4838454293352186e-08,1980s_ptsd,old
shell shock,1969,2.595877079958342e-08,1980s_ptsd,old
shell shock,1970,1.8384646617575218e-08,1980s_ptsd,old
shell shock,1971,2.000802300228255e-08,1980s_ptsd,old
shell shock,1972,2.0998477678890737e-08,1980s_ptsd,old
shell shock,1973,2.1498995361746154e-08,1980s_ptsd,old
shell shock,1974,2.582856195587624e-08,1980s_ptsd,old
shell shock,1975,2.2717332681665425e-08,1980s_ptsd,old
shell shock,1976,3.096612355424355e-08,1980s_ptsd,old
shell shock,1977,1.89972052810905e-08,1980s_ptsd,old
shell shock,1978,2.6071069733624164e-08,1980s_ptsd,old
shell shock,1979,1.867473559125088e-08,1980s_ptsd,old
shell shock,1980,2.6298672184399408e-08,1980s_ptsd,old
shell shock,1981,2.814417033453198e-08,1980s_ptsd,old
shell shock,1982,2.646129221295368e-08,1980s_ptsd,old
shell shock,1983,2.1968710246789147e-08,1980s_ptsd,old
shell shock,1984,3.627322753274598e-08,1980s_ptsd,old
shell shock,1985,3.31077739113006e-08,1980s_ptsd,old
shell shock,1986,4.5137977612574876e-08,1980s_ptsd,old
shell shock,1987,3.3281286556524625e-08,1980s_ptsd,old
shell shock,1988,3.2519906611322424e-08,1980s_ptsd,old
shell shock,1989,3.8955263459428124e-08,1980s_ptsd,old
shell shock,1990,4.3734703247810813e-08,1980s_ptsd,old
shell shock,1991,5.0821983829663075e-08,1980s_ptsd,old
shell shock,1992,4.182739109931388e-08,1980s_ptsd,old
shell shock,1993,4.244032381084395e-08,1980s_ptsd,old
shell shock,1994,4.627003430401899e-08,1980s_ptsd,old
shell shock,1995,6.244580741388006e-08,1980s_ptsd,old
shell shock,1996,5.1802829123537286e-08,1980s_ptsd,old
shell shock,1997,6.215614055046781e-08,1980s_ptsd,old
shell shock,1998,6.354219464488331e-08,1980s_ptsd,old
shell shock,1999,7.012430591757379e-08,1980s_ptsd,old
shell shock,2000,7.767209242448558e-08,1980s_ptsd,old
shell shock,2001,8.90986004420391e-08,1980s_ptsd,old
shell shock,2002,1.0281461360062139e-07,1980s_ptsd,old
shell shock,2003,7.680674102283902e-08,1980s_ptsd,old
shell shock,2004,1.0441200532299022e-07,1980s_ptsd,old
shell shock,2005,1.3608840410128664e-07,1980s_ptsd,old
shell shock,2006,1.0445337028652801e-07,1980s_ptsd,old
shell shock,2007,1.0669633028828618e-07,1980s_ptsd,old
shell shock,2008,1.07982628234915e-07,1980s_ptsd,old
shell shock,2009,1.381418346380059e-07,1980s_ptsd,old
shell shock,2010,1.3096298628889613e-07,1980s_ptsd,old
shell shock,2011,1.5986564466663467e-07,1980s_ptsd,old
shell shock,2012,1.1761378062094541e-07,1980s_ptsd,old
shell shock,2013,1.564915771586073e-07,1980s_ptsd,old
shell shock,2014,2.460043998508965e-07,1980s_ptsd,old
shell shock,2015,2.3926393277751146e-07,1980s_ptsd,old
shell shock,2016,2.325183863782776e-07,1980s_ptsd,old
shell shock,2017,1.919651296186653e-07,1980s_ptsd,old
shell shock,2018,1.906422830988408e-07,1980s_ptsd,old
shell shock,2019,1.4954414565698793e-07,1980s_ptsd,old
war neurosis,1900,2.470668669651843e-10,1980s_ptsd,old
war neurosis,1901,0.0,1980s_ptsd,old
war neurosis,1902,0.0,1980s_ptsd,old
war neurosis,1903,0.0,1980s_ptsd,old
war neurosis,1904,0.0,1980s_ptsd,old
war neurosis,1905,0.0,1980s_ptsd,old
war neurosis,1906,0.0,1980s_ptsd,old
war neurosis,1907,0.0,1980s_ptsd,old
war neurosis,1908,1.0130027372490247e-10,1980s_ptsd,old
war neurosis,1909,0.0,1980s_ptsd,old
war neurosis,1910,9.73876326804124e-11,1980s_ptsd,old
war neurosis,1911,1.8244721011750897e-10,1980s_ptsd,old
war neurosis,1912,3.6627995081417453e-10,1980s_ptsd,old
war neurosis,1913,0.0,1980s_ptsd,old
war neurosis,1914,6.501585103624308e-10,1980s_ptsd,old
war neurosis,1915,2.395464993032448e-09,1980s_ptsd,old
war neurosis,1916,1.2354578887707746e-09,1980s_ptsd,old
war neurosis,1917,1.6330988859836193e-08,1980s_ptsd,old
war neurosis,1918,8.629503023271923e-08,1980s_ptsd,old
war neurosis,1919,1.1425304313750217e-07,1980s_ptsd,old
war neurosis,1920,6.884266889883861e-08,1980s_ptsd,old
war neurosis,1921,5.068240854777528e-08,1980s_ptsd,old
war neurosis,1922,4.280341936446774e-08,1980s_ptsd,old
war neurosis,1923,2.4050728963942447e-08,1980s_ptsd,old
war neurosis,1924,2.2227209295344608e-08,1980s_ptsd,old
war neurosis,1925,2.471306152773689e-08,1980s_ptsd,old
war neurosis,1926,1.550969896957355e-08,1980s_ptsd,old
war neurosis,1927,2.386422270905797e-08,1980s_ptsd,old
war neurosis,1928,1.4831675915205622e-08,1980s_ptsd,old
war neurosis,1929,5.270632341680681e-08,1980s_ptsd,old
war neurosis,1930,7.55660461981833e-09,1980s_ptsd,old
war neurosis,1931,1.2878997757148625e-08,1980s_ptsd,old
war neurosis,1932,1.2775667801445678e-08,1980s_ptsd,old
war neurosis,1933,1.1947906553011478e-08,1980s_ptsd,old
war neurosis,1934,8.722512379044645e-09,1980s_ptsd,old
war neurosis,1935,5.975729466811686e-09,1980s_ptsd,old
war neurosis,1936,1.001348887141873e-08,1980s_ptsd,old
war neurosis,1937,8.365589609926616e-09,1980s_ptsd,old
war neurosis,1938,8.572460075129129e-09,1980s_ptsd,old
war neurosis,1939,1.2115422678982135e-08,1980s_ptsd,old
war neurosis,1940,1.9097956299729546e-08,1980s_ptsd,old
war neurosis,1941,3.8906851684838983e-08,1980s_ptsd,old
war neurosis,1942,6.542353647720489e-08,1980s_ptsd,old
war neurosis,1943,1.2392368420321986e-07,1980s_ptsd,old
war neurosis,1944,1.4831506645052173e-07,1980s_ptsd,old
war neurosis,1945,1.2109466529519608e-07,1980s_ptsd,old
war neurosis,1946,8.211918700595788e-08,1980s_ptsd,old
war neurosis,1947,6.22936838778898e-08,1980s_ptsd,old
war neurosis,1948,5.657693624705473e-08,1980s_ptsd,old
war neurosis,1949,3.535419912381599e-08,1980s_ptsd,old
war neurosis,1950,6.159956000839628e-08,1980s_ptsd,old
war neurosis,1951,3.572223916670225e-08,1980s_ptsd,old
war neurosis,1952,3.972718132239095e-08,1980s_ptsd,old
war neurosis,1953,2.262884689352429e-08,1980s_ptsd,old
war neurosis,1954,2.1149463971803506e-08,1980s_ptsd,old
war neurosis,1955,1.8474883956010046e-08,1980s_ptsd,old
war neurosis,1956,2.7459530843598756e-08,1980s_ptsd,old
war neurosis,1957,1.5749074433468735e-08,1980s_ptsd,old
war neurosis,1958,1.7849981714945784e-08,1980s_ptsd,old
war neurosis,1959,1.8837891246903382e-08,1980s_ptsd,old
war neurosis,1960,1.714135178243481e-08,1980s_ptsd,old
war neurosis,1961,1.4107484624936717e-08,1980s_ptsd,old
war neurosis,1962,1.1511132824715276e-08,1980s_ptsd,old
war neurosis,1963,1.3677849519666552e-08,1980s_ptsd,old
war neurosis,1964,1.5663327301851382e-08,1980s_ptsd,old
war neurosis,1965,1.0462986754777859e-08,1980s_ptsd,old
war neurosis,1966,1.755034742534356e-08,1980s_ptsd,old
war neurosis,1967,1.144643080319696e-08,1980s_ptsd,old
war neurosis,1968,1.2566026608151759e-08,1980s_ptsd,old
war neurosis,1969,1.1016363127280826e-08,1980s_ptsd,old
war neurosis,1970,9.251248350716779e-09,1980s_ptsd,old
war neurosis,1971,1.3633786100086809e-08,1980s_ptsd,old
war neurosis,1972,1.5434778177780828e-08,1980s_ptsd,old
war neurosis,1973,1.0340549638776508e-08,1980s_ptsd,old
war neurosis,1974,9.663341321575203e-09,1980s_ptsd,old
war neurosis,1975,1.0489380919409541e-08,1980s_ptsd,old
war neurosis,1976,6.215225653583012e-09,1980s_ptsd,old
war neurosis,1977,5.210661790933102e-09,1980s_ptsd,old
war neurosis,1978,1.1281270355378847e-08,1980s_ptsd,old
war neurosis,1979,2.0333522865456644e-08,1980s_ptsd,old
war neurosis,1980,1.3149336286488733e-08,1980s_ptsd,old
war neurosis,1981,8.312853433389833e-09,1980s_ptsd,old
war neurosis,1982,1.2121327733205511e-08,1980s_ptsd,old
war neurosis,1983,7.98387794764821e-09,1980s_ptsd,old
war neurosis,1984,1.4072387401198316e-08,1980s_ptsd,old
war neurosis,1985,1.4703601940169175e-08,1980s_ptsd,old
war neurosis,1986,1.089027602818593e-08,1980s_ptsd,old
war neurosis,1987,1.1893165396958949e-08,1980s_ptsd,old
war neurosis,1988,1.165898855237657e-08,1980s_ptsd,old
war neurosis,1989,1.1498011626143168e-08,1980s_ptsd,old
war neurosis,1990,2.8280586678031128e-08,1980s_ptsd,old
war neurosis,1991,9.324288050005514e-09,1980s_ptsd,old
war neurosis,1992,9.74790937899317e-09,1980s_ptsd,old
war neurosis,1993,1.3747648588968708e-08,1980s_ptsd,old
war neurosis,1994,1.7903919402595392e-08,1980s_ptsd,old
war neurosis,1995,1.3269204270083268e-08,1980s_ptsd,old
war neurosis,1996,1.4334834541607222e-08,1980s_ptsd,old
war neurosis,1997,1.9895166847305745e-08,1980s_ptsd,old
war neurosis,1998,1.3117289379693808e-08,1980s_ptsd,old
war neurosis,1999,1.5209705866298107e-08,1980s_ptsd,old
war neurosis,2000,1.7711997091218734e-08,1980s_ptsd,old
war neurosis,2001,2.17933477930643e-08,1980s_ptsd,old
war neurosis,2002,2.5730755914832315e-08,1980s_ptsd,old
war neurosis,2003,2.0387188257031674e-08,1980s_ptsd,old
war neurosis,2004,2.0693052500686537e-08,1980s_ptsd,old
war neurosis,2005,2.1123956049640125e-08,1980s_ptsd,old
war neurosis,2006,1.754651414442865e-08,1980s_ptsd,old
war neurosis,2007,1.6256886538335014e-08,1980s_ptsd,old
war neurosis,2008,1.540715610648391e-08,1980s_ptsd,old
war neurosis,2009,1.763220798534082e-08,1980s_ptsd,old
war neurosis,2010,2.253049848077726e-08,1980s_ptsd,old
war neurosis,2011,2.0744847506470876e-08,1980s_ptsd,old
war neurosis,2012,1.6632251981923973e-08,1980s_ptsd,old
war neurosis,2013,3.001058740403906e-08,1980s_ptsd,old
war neurosis,2014,3.145275871002662e-08,1980s_ptsd,old
war neurosis,2015,2.483229233352091e-08,1980s_ptsd,old
war neurosis,2016,2.590664638368878e-08,1980s_ptsd,old
war neurosis,2017,2.534409928450776e-08,1980s_ptsd,old
war neurosis,2018,2.3685640102022454e-08,1980s_ptsd,old
war neurosis,2019,1.9073020829374343e-08,1980s_ptsd,old
combat fatigue,1900,1.2353343348259216e-10,1980s_ptsd,old
combat fatigue,1901,0.0,1980s_ptsd,old
combat fatigue,1902,2.4213311911047697e-10,1980s_ptsd,old
combat fatigue,1903,3.6042660522817016e-10,1980s_ptsd,old
combat fatigue,1904,0.0,1980s_ptsd,old
combat fatigue,1905,0.0,1980s_ptsd,old
combat fatigue,1906,0.0,1980s_ptsd,old
combat fatigue,1907,0.0,1980s_ptsd,old
combat fatigue,1908,0.0,1980s_ptsd,old
combat fatigue,1909,3.0937849504475423e-10,1980s_ptsd,old
combat fatigue,1910,1.947752653608248e-10,1980s_ptsd,old
combat fatigue,1911,2.7367080823736956e-10,1980s_ptsd,old
combat fatigue,1912,1.8313997540708726e-10,1980s_ptsd,old
combat fatigue,1913,1.2815837280300002e-09,1980s_ptsd,old
combat fatigue,1914,4.086710525541548e-09,1980s_ptsd,old
combat fatigue,1915,1.1498232366236039e-09,1980s_ptsd,old
combat fatigue,1916,8.553169839053965e-10,1980s_ptsd,old
combat fatigue,1917,1.7497486792805717e-09,1980s_ptsd,old
combat fatigue,1918,1.484189771083777e-09,1980s_ptsd,old
combat fatigue,1919,3.0040239740181107e-10,1980s_ptsd,old
combat fatigue,1920,1.3006712373808682e-09,1980s_ptsd,old
combat fatigue,1921,5.737631481039784e-10,1980s_ptsd,old
combat fatigue,1922,1.0393765847993564e-09,1980s_ptsd,old
combat fatigue,1923,6.166853694367092e-10,1980s_ptsd,old
combat fatigue,1924,3.7356653881381874e-10,1980s_ptsd,old
combat fatigue,1925,3.20948850829339e-10,1980s_ptsd,old
combat fatigue,1926,1.4693398719956008e-09,1980s_ptsd,old
combat fatigue,1927,1.948099903614775e-09,1980s_ptsd,old
combat fatigue,1928,4.5871162424049317e-10,1980s_ptsd,old
combat fatigue,1929,1.370973667924602e-09,1980s_ptsd,old
combat fatigue,1930,3.47603817951736e-09,1980s_ptsd,old
combat fatigue,1931,1.3636585610710128e-09,1980s_ptsd,old
combat fatigue,1932,2.1853116538572692e-09,1980s_ptsd,old
combat fatigue,1933,5.792924501202279e-09,1980s_ptsd,old
combat fatigue,1934,2.9656542221978555e-09,1980s_ptsd,old
combat fatigue,1935,2.2015846923295612e-09,1980s_ptsd,old
combat fatigue,1936,5.545932157957623e-09,1980s_ptsd,old
combat fatigue,1937,1.3444698132580868e-09,1980s_ptsd,old
combat fatigue,1938,1.773612368083377e-09,1980s_ptsd,old
combat fatigue,1939,2.785154551432356e-09,1980s_ptsd,old
combat fatigue,1940,2.8348530745070377e-09,1980s_ptsd,old
combat fatigue,1941,5.640770239789816e-09,1980s_ptsd,old
combat fatigue,1942,1.3747224247850909e-08,1980s_ptsd,old
combat fatigue,1943,6.968561860887235e-08,1980s_ptsd,old
combat fatigue,1944,1.2849077624110805e-07,1980s_ptsd,old
combat fatigue,1945,2.126621323483846e-07,1980s_ptsd,old
combat fatigue,1946,1.7380705097380655e-07,1980s_ptsd,old
combat fatigue,1947,2.1594300436689196e-07,1980s_ptsd,old
combat fatigue,1948,7.968230864019432e-08,1980s_ptsd,old
combat fatigue,1949,6.454068768313448e-08,1980s_ptsd,old
combat fatigue,1950,5.168191896665064e-08,1980s_ptsd,old
combat fatigue,1951,5.176311734800265e-08,1980s_ptsd,old
combat fatigue,1952,3.6444878781516366e-08,1980s_ptsd,old
combat fatigue,1953,4.660866803618546e-08,1980s_ptsd,old
combat fatigue,1954,4.042631862599677e-08,1980s_ptsd,old
combat fatigue,1955,3.41315644636353e-08,1980s_ptsd,old
combat fatigue,1956,3.121825015162116e-08,1980s_ptsd,old
combat fatigue,1957,1.9807118278869495e-08,1980s_ptsd,old
combat fatigue,1958,3.0489698446545255e-08,1980s_ptsd,old
combat fatigue,1959,2.7180385941960594e-08,1980s_ptsd,old
combat fatigue,1960,2.995493564306173e-08,1980s_ptsd,old
combat fatigue,1961,2.3459637232825514e-08,1980s_ptsd,old
combat fatigue,1962,2.3699391879516973e-08,1980s_ptsd,old
combat fatigue,1963,2.4183002045319313e-08,1980s_ptsd,old
combat fatigue,1964,2.690494849133529e-08,1980s_ptsd,old
combat fatigue,1965,2.819571065515447e-08,1980s_ptsd,old
combat fatigue,1966,3.5100695017220573e-08,1980s_ptsd,old
combat fatigue,1967,2.6129024832677317e-08,1980s_ptsd,old
combat fatigue,1968,2.7069805730306484e-08,1980s_ptsd,old
combat fatigue,1969,3.140835413972809e-08,1980s_ptsd,old
combat fatigue,1970,3.523723893228414e-08,1980s_ptsd,old
combat fatigue,1971,2.91562341353524e-08,1980s_ptsd,old
combat fatigue,1972,2.4468311154990374e-08,1980s_ptsd,old
combat fatigue,1973,2.453689817993876e-08,1980s_ptsd,old
combat fatigue,1974,1.6284519954723464e-08,1980s_ptsd,old
combat fatigue,1975,1.4893761071665956e-08,1980s_ptsd,old
combat fatigue,1976,1.3090475224630804e-08,1980s_ptsd,old
combat fatigue,1977,1.508920821624571e-08,1980s_ptsd,old
combat fatigue,1978,1.8406284107985726e-08,1980s_ptsd,old
combat fatigue,1979,1.7122966142202323e-08,1980s_ptsd,old
combat fatigue,1980,1.9777456589098463e-08,1980s_ptsd,old
combat fatigue,1981,1.874466959428389e-08,1980s_ptsd,old
combat fatigue,1982,1.8019652374412498e-08,1980s_ptsd,old
combat fatigue,1983,2.0194515011617842e-08,1980s_ptsd,old
combat fatigue,1984,2.174361664331048e-08,1980s_ptsd,old
combat fatigue,1985,2.195672105242963e-08,1980s_ptsd,old
combat fatigue,1986,2.094283781117756e-08,1980s_ptsd,old
combat fatigue,1987,2.5107793844014736e-08,1980s_ptsd,old
combat fatigue,1988,2.4426062561477835e-08,1980s_ptsd,old
combat fatigue,1989,2.009852428930259e-08,1980s_ptsd,old
combat fatigue,1990,2.360426980263508e-08,1980s_ptsd,old
combat fatigue,1991,2.0541128575857215e-08,1980s_ptsd,old
combat fatigue,1992,2.3173439556156694e-08,1980s_ptsd,old
combat fatigue,1993,2.3459697823247083e-08,1980s_ptsd,old
combat fatigue,1994,2.40324020128746e-08,1980s_ptsd,old
combat fatigue,1995,2.992989711625427e-08,1980s_ptsd,old
combat fatigue,1996,2.2789811589957187e-08,1980s_ptsd,old
combat fatigue,1997,2.2452496528657662e-08,1980s_ptsd,old
combat fatigue,1998,2.5808694022189105e-08,1980s_ptsd,old
combat fatigue,1999,2.987320696368201e-08,1980s_ptsd,old
combat fatigue,2000,3.3315423447755066e-08,1980s_ptsd,old
combat fatigue,2001,3.188143501975382e-08,1980s_ptsd,old
combat fatigue,2002,3.335602194454168e-08,1980s_ptsd,old
combat fatigue,2003,2.869436156738292e-08,1980s_ptsd,old
combat fatigue,2004,3.455604548341373e-08,1980s_ptsd,old
combat fatigue,2005,4.031453201824853e-08,1980s_ptsd,old
combat fatigue,2006,2.9416215158173387e-08,1980s_ptsd,old
combat fatigue,2007,2.8777717282074677e-08,1980s_ptsd,old
combat fatigue,2008,2.9588367228550183e-08,1980s_ptsd,old
combat fatigue,2009,3.0256045280285804e-08,1980s_ptsd,old
combat fatigue,2010,3.257981485982331e-08,1980s_ptsd,old
combat fatigue,2011,3.335377124491501e-08,1980s_ptsd,old
combat fatigue,2012,3.254616609549288e-08,1980s_ptsd,old
combat fatigue,2013,3.009243415563745e-08,1980s_ptsd,old
combat fatigue,2014,3.500238420287016e-08,1980s_ptsd,old
combat fatigue,2015,3.453074064185824e-08,1980s_ptsd,old
combat fatigue,2016,3.125189684816121e-08,1980s_ptsd,old
combat fatigue,2017,2.869795835344635e-08,1980s_ptsd,old
combat fatigue,2018,2.9182154692719564e-08,1980s_ptsd,old
combat fatigue,2019,2.17798900026267e-08,1980s_ptsd,old
PTSD,1900,1.1703355784487002e-09,1980s_ptsd,new
PTSD,1901,1.262671772694901e-10,1980s_ptsd,new
PTSD,1902,0.0,1980s_ptsd,new
PTSD,1903,1.2649423175581376e-10,1980s_ptsd,new
PTSD,1904,0.0,1980s_ptsd,new
PTSD,1905,0.0,1980s_ptsd,new
PTSD,1906,5.578700834618644e-10,1980s_ptsd,new
PTSD,1907,3.3292853890420915e-10,1980s_ptsd,new
PTSD,1908,1.0672803613109849e-10,1980s_ptsd,new
PTSD,1909,1.0860490284869684e-10,1980s_ptsd,new
PTSD,1910,1.0255121751789886e-10,1980s_ptsd,new
PTSD,1911,0.0,1980s_ptsd,new
PTSD,1912,5.788024018404947e-10,1980s_ptsd,new
PTSD,1913,0.0,1980s_ptsd,new
PTSD,1914,9.784552335023733e-11,1980s_ptsd,new
PTSD,1915,0.0,1980s_ptsd,new
PTSD,1916,5.004271441677588e-10,1980s_ptsd,new
PTSD,1917,1.0231542696415019e-10,1980s_ptsd,new
PTSD,1918,1.1157105794801225e-10,1980s_ptsd,new
PTSD,1919,4.846699930283194e-09,1980s_ptsd,new
PTSD,1920,2.9328042078224925e-10,1980s_ptsd,new
PTSD,1921,6.794662965603493e-08,1980s_ptsd,new
PTSD,1922,0.0,1980s_ptsd,new
PTSD,1923,0.0,1980s_ptsd,new
PTSD,1924,0.0,1980s_ptsd,new
PTSD,1925,2.3668269566456956e-09,1980s_ptsd,new
PTSD,1926,0.0,1980s_ptsd,new
PTSD,1927,8.54753559598187e-10,1980s_ptsd,new
PTSD,1928,8.051811301035272e-10,1980s_ptsd,new
PTSD,1929,1.60460741915891e-10,1980s_ptsd,new
PTSD,1930,3.1833730096408885e-10,1980s_ptsd,new
PTSD,1931,0.0,1980s_ptsd,new
PTSD,1932,5.310017425763647e-10,1980s_ptsd,new
PTSD,1933,0.0,1980s_ptsd,new
PTSD,1934,2.9380970156811514e-09,1980s_ptsd,new
PTSD,1935,1.1585190584639804e-09,1980s_ptsd,new
PTSD,1936,5.513783873922762e-09,1980s_ptsd,new
PTSD,1937,0.0,1980s_ptsd,new
PTSD,1938,1.4000069853414843e-09,1980s_ptsd,new
PTSD,1939,0.0,1980s_ptsd,new
PTSD,1940,1.429582000000984e-08,1980s_ptsd,new
PTSD,1941,2.1317205778359494e-09,1980s_ptsd,new
PTSD,1942,6.970327093291928e-10,1980s_ptsd,new
PTSD,1943,1.9860812994210164e-09,1980s_ptsd,new
PTSD,1944,1.930499926583451e-10,1980s_ptsd,new
PTSD,1945,3.4871264209535013e-10,1980s_ptsd,new
PTSD,1946,6.006931063673449e-10,1980s_ptsd,new
PTSD,1947,6.613402803168356e-08,1980s_ptsd,new
PTSD,1948,6.8320691326562155e-09,1980s_ptsd,new
PTSD,1949,2.1661467786149302e-08,1980s_ptsd,new
PTSD,1950,6.351256097436586e-08,1980s_ptsd,new
PTSD,1951,8.378999993841063e-10,1980s_ptsd,new
PTSD,1952,3.0951216312136154e-09,1980s_ptsd,new
PTSD,1953,1.1725543203056077e-08,1980s_ptsd,new
PTSD,1954,2.548561139903427e-09,1980s_ptsd,new
PTSD,1955,4.39150570075153e-10,1980s_ptsd,new
PTSD,1956,9.884219068223565e-10,1980s_ptsd,new
PTSD,1957,1.72739866854954e-08,1980s_ptsd,new
PTSD,1958,0.0,1980s_ptsd,new
PTSD,1959,2.8282812203350716e-10,1980s_ptsd,new
PTSD,1960,1.9625336911133218e-09,1980s_ptsd,new
PTSD,1961,3.332506215425468e-10,1980s_ptsd,new
PTSD,1962,2.6879575579230597e-09,1980s_ptsd,new
PTSD,1963,1.482300532318348e-09,1980s_ptsd,new
PTSD,1964,2.99398128511541e-09,1980s_ptsd,new
PTSD,1965,4.427561955955284e-09,1980s_ptsd,new
PTSD,1966,1.781703851122529e-08,1980s_ptsd,new
PTSD,1967,6.924848472422696e-10,1980s_ptsd,new
PTSD,1968,1.3575225943363023e-09,1980s_ptsd,new
PTSD,1969,1.3541330279309705e-09,1980s_ptsd,new
PTSD,1970,7.243792232713986e-09,1980s_ptsd,new
PTSD,1971,2.6658188989614473e-09,1980s_ptsd,new
PTSD,1972,2.639204410570528e-09,1980s_ptsd,new
PTSD,1973,6.62974852794207e-09,1980s_ptsd,new
PTSD,1974,9.335789433184694e-09,1980s_ptsd,new
PTSD,1975,8.03459127007855e-09,1980s_ptsd,new
PTSD,1976,2.9351567405744294e-08,1980s_ptsd,new
PTSD,1977,2.2242683875295377e-09,1980s_ptsd,new
PTSD,1978,1.78246816404104e-08,1980s_ptsd,new
PTSD,1979,1.1194748700954493e-08,1980s_ptsd,new
PTSD,1980,1.6911647027217924e-08,1980s_ptsd,new
PTSD,1981,9.139119860196443e-09,1980s_ptsd,new
PTSD,1982,3.9143007252162576e-08,1980s_ptsd,new
PTSD,1983,1.3813192367706506e-07,1980s_ptsd,new
PTSD,1984,3.4891832421252156e-07,1980s_ptsd,new
PTSD,1985,4.6977761170713395e-07,1980s_ptsd,new
PTSD,1986,3.47229327686549e-07,1980s_ptsd,new
PTSD,1987,2.427606969682139e-07,1980s_ptsd,new
PTSD,1988,9.251658401147889e-07,1980s_ptsd,new
PTSD,1989,6.413488224665809e-07,1980s_ptsd,new
PTSD,1990,1.0343172019179614e-06,1980s_ptsd,new
PTSD,1991,7.690399046744734e-07,1980s_ptsd,new
PTSD,1992,1.011884063858992e-06,1980s_ptsd,new
PTSD,1993,1.1039137591678516e-06,1980s_ptsd,new
PTSD,1994,1.2311991217303642e-06,1980s_ptsd,new
PTSD,1995,1.1484161674749083e-06,1980s_ptsd,new
PTSD,1996,1.3591332205520334e-06,1980s_ptsd,new
PTSD,1997,1.7050231481581524e-06,1980s_ptsd,new
PTSD,1998,1.9212300221595202e-06,1980s_ptsd,new
PTSD,1999,1.6905472225159368e-06,1980s_ptsd,new
PTSD,2000,1.519983811433534e-06,1980s_ptsd,new
PTSD,2001,1.910073021957337e-06,1980s_ptsd,new
PTSD,2002,2.0427734181982515e-06,1980s_ptsd,new
PTSD,2003,1.8510439001757917e-06,1980s_ptsd,new
PTSD,2004,2.5129472333088043e-06,1980s_ptsd,new
PTSD,2005,2.6671189792201733e-06,1980s_ptsd,new
PTSD,2006,3.119063836414665e-06,1980s_ptsd,new
PTSD,2007,3.7249667322707125e-06,1980s_ptsd,new
PTSD,2008,3.880769714185994e-06,1980s_ptsd,new
PTSD,2009,3.6927016142523916e-06,1980s_ptsd,new
PTSD,2010,3.4781672595129987e-06,1980s_ptsd,new
PTSD,2011,3.967166838814151e-06,1980s_ptsd,new
PTSD,2012,5.047631610577419e-06,1980s_ptsd,new
PTSD,2013,3.7737902163215153e-06,1980s_ptsd,new
PTSD,2014,4.650516701953933e-06,1980s_ptsd,new
PTSD,2015,4.942251750683635e-06,1980s_ptsd,new
PTSD,2016,4.863811999877843e-06,1980s_ptsd,new
PTSD,2017,4.4300782968687e-06,1980s_ptsd,new
PTSD,2018,4.860597233438679e-06,1980s_ptsd,new
PTSD,2019,4.540756606274954e-06,1980s_ptsd,new
posttraumatic stress disorder,1900,0.0,1980s_ptsd,new
posttraumatic stress disorder,1901,0.0,1980s_ptsd,new
posttraumatic stress disorder,1902,0.0,1980s_ptsd,new
posttraumatic stress disorder,1903,0.0,1980s_ptsd,new
posttraumatic stress disorder,1904,0.0,1980s_ptsd,new
posttraumatic stress disorder,1905,0.0,1980s_ptsd,new
posttraumatic stress disorder,1906,2.2314802783363064e-10,1980s_ptsd,new
posttraumatic stress disorder,1907,0.0,1980s_ptsd,new
posttraumatic stress disorder,1908,0.0,1980s_ptsd,new
posttraumatic stress disorder,1909,0.0,1980s_ptsd,new
posttraumatic stress disorder,1910,0.0,1980s_ptsd,new
posttraumatic stress disorder,1911,0.0,1980s_ptsd,new
posttraumatic stress disorder,1912,1.9293412700793766e-10,1980s_ptsd,new
posttraumatic stress disorder,1913,0.0,1980s_ptsd,new
posttraumatic stress disorder,1914,0.0,1980s_ptsd,new
posttraumatic stress disorder,1915,0.0,1980s_ptsd,new
posttraumatic stress disorder,1916,2.001708659937762e-10,1980s_ptsd,new
posttraumatic stress disorder,1917,0.0,1980s_ptsd,new
posttraumatic stress disorder,1918,0.0,1980s_ptsd,new
posttraumatic stress disorder,1919,2.31798688576923e-09,1980s_ptsd,new
posttraumatic stress disorder,1920,9.776014026074975e-11,1980s_ptsd,new
posttraumatic stress disorder,1921,2.5366741818189098e-08,1980s_ptsd,new
posttraumatic stress disorder,1922,0.0,1980s_ptsd,new
posttraumatic stress disorder,1923,0.0,1980s_ptsd,new
posttraumatic stress disorder,1924,0.0,1980s_ptsd,new
posttraumatic stress disorder,1925,3.3811814459383527e-10,1980s_ptsd,new
posttraumatic stress disorder,1926,0.0,1980s_ptsd,new
posttraumatic stress disorder,1927,5.128521496367e-10,1980s_ptsd,new
posttraumatic stress disorder,1928,0.0,1980s_ptsd,new
posttraumatic stress disorder,1929,0.0,1980s_ptsd,new
posttraumatic stress disorder,1930,0.0,1980s_ptsd,new
posttraumatic stress disorder,1931,0.0,1980s_ptsd,new
posttraumatic stress disorder,1932,5.310017425763647e-10,1980s_ptsd,new
posttraumatic stress disorder,1933,1.905917507150079e-10,1980s_ptsd,new
posttraumatic stress disorder,1934,1.836310686842424e-10,1980s_ptsd,new
posttraumatic stress disorder,1935,1.1585190584639804e-09,1980s_ptsd,new
posttraumatic stress disorder,1936,1.946041328082515e-09,1980s_ptsd,new
posttraumatic stress disorder,1937,1.572751234801828e-10,1980s_ptsd,new
posttraumatic stress disorder,1938,9.333379624720806e-10,1980s_ptsd,new
posttraumatic stress disorder,1939,1.4656202640406235e-10,1980s_ptsd,new
posttraumatic stress disorder,1940,5.1841985426737125e-09,1980s_ptsd,new
posttraumatic stress disorder,1941,3.0453151111942134e-10,1980s_ptsd,new
posttraumatic stress disorder,1942,1.9168399367774924e-09,1980s_ptsd,new
posttraumatic stress disorder,1943,5.236032427080595e-09,1980s_ptsd,new
posttraumatic stress disorder,1944,1.930499926583451e-10,1980s_ptsd,new
posttraumatic stress disorder,1945,0.0,1980s_ptsd,new
posttraumatic stress disorder,1946,0.0,1980s_ptsd,new
posttraumatic stress disorder,1947,3.280141615269461e-08,1980s_ptsd,new
posttraumatic stress disorder,1948,3.94157810557072e-09,1980s_ptsd,new
posttraumatic stress disorder,1949,1.6796325608137153e-08,1980s_ptsd,new
posttraumatic stress disorder,1950,4.1839478714944534e-08,1980s_ptsd,new
posttraumatic stress disorder,1951,7.182000272276667e-10,1980s_ptsd,new
posttraumatic stress disorder,1952,8.3330195521647e-10,1980s_ptsd,new
posttraumatic stress disorder,1953,4.263833827677921e-09,1980s_ptsd,new
posttraumatic stress disorder,1954,4.6337475523294813e-10,1980s_ptsd,new
posttraumatic stress disorder,1955,6.587258724599643e-10,1980s_ptsd,new
posttraumatic stress disorder,1956,0.0,1980s_ptsd,new
posttraumatic stress disorder,1957,4.6741378267878275e-09,1980s_ptsd,new
posttraumatic stress disorder,1958,1.217517198170981e-09,1980s_ptsd,new
posttraumatic stress disorder,1959,1.1313125020118164e-09,1980s_ptsd,new
posttraumatic stress disorder,1960,8.028546993887886e-10,1980s_ptsd,new
posttraumatic stress disorder,1961,1.666253107712734e-10,1980s_ptsd,new
posttraumatic stress disorder,1962,4.743454379285694e-10,1980s_ptsd,new
posttraumatic stress disorder,1963,5.929202129273392e-10,1980s_ptsd,new
posttraumatic stress disorder,1964,1.9697245640104555e-09,1980s_ptsd,new
posttraumatic stress disorder,1965,1.999544169128953e-09,1980s_ptsd,new
posttraumatic stress disorder,1966,4.3676006492021635e-09,1980s_ptsd,new
posttraumatic stress disorder,1967,1.3220165517857652e-09,1980s_ptsd,new
posttraumatic stress disorder,1968,2.036283863748878e-09,1980s_ptsd,new
posttraumatic stress disorder,1969,4.924119861859921e-10,1980s_ptsd,new
posttraumatic stress disorder,1970,6.191275270239771e-10,1980s_ptsd,new
posttraumatic stress disorder,1971,3.0997894528983494e-10,1980s_ptsd,new
posttraumatic stress disorder,1972,1.3196021705907945e-09,1980s_ptsd,new
posttraumatic stress disorder,1973,2.6396221874946946e-09,1980s_ptsd,new
posttraumatic stress disorder,1974,4.573910174221485e-09,1980s_ptsd,new
posttraumatic stress disorder,1975,1.217362288752355e-08,1980s_ptsd,new
posttraumatic stress disorder,1976,6.066761010226074e-09,1980s_ptsd,new
posttraumatic stress disorder,1977,1.5969105551794094e-09,1980s_ptsd,new
posttraumatic stress disorder,1978,7.77701056331459e-09,1980s_ptsd,new
posttraumatic stress disorder,1979,3.319046145561222e-09,1980s_ptsd,new
posttraumatic stress disorder,1980,1.0956051191279848e-08,1980s_ptsd,new
posttraumatic stress disorder,1981,2.3818831761113213e-08,1980s_ptsd,new
posttraumatic stress disorder,1982,2.3838547191790127e-08,1980s_ptsd,new
posttraumatic stress disorder,1983,4.273421819189771e-08,1980s_ptsd,new
posttraumatic stress disorder,1984,9.447979860965905e-08,1980s_ptsd,new
posttraumatic stress disorder,1985,1.139295011665098e-07,1980s_ptsd,new
posttraumatic stress disorder,1986,9.368611173649066e-08,1980s_ptsd,new
posttraumatic stress disorder,1987,1.0980316207664931e-07,1980s_ptsd,new
posttraumatic stress disorder,1988,1.4867470927298898e-07,1980s_ptsd,new
posttraumatic stress disorder,1989,1.5054432259131723e-07,1980s_ptsd,new
posttraumatic stress disorder,1990,1.664644385807046e-07,1980s_ptsd,new
posttraumatic stress disorder,1991,1.695769370202438e-07,1980s_ptsd,new
posttraumatic stress disorder,1992,2.163832959201084e-07,1980s_ptsd,new
posttraumatic stress disorder,1993,2.799396249530961e-07,1980s_ptsd,new
posttraumatic stress disorder,1994,3.2828605322360316e-07,1980s_ptsd,new
posttraumatic stress disorder,1995,3.6689104814663365e-07,1980s_ptsd,new
posttraumatic stress disorder,1996,4.5630589320944104e-07,1980s_ptsd,new
posttraumatic stress disorder,1997,5.676126907903922e-07,1980s_ptsd,new
posttraumatic stress disorder,1998,5.76221453104514e-07,1980s_ptsd,new
posttraumatic stress disorder,1999,5.230188487720389e-07,1980s_ptsd,new
posttraumatic stress disorder,2000,5.154262001649812e-07,1980s_ptsd,new
posttraumatic stress disorder,2001,6.136241310940316e-07,1980s_ptsd,new
posttraumatic stress disorder,2002,6.501114118082074e-07,1980s_ptsd,new
posttraumatic stress disorder,2003,6.578081103297828e-07,1980s_ptsd,new
posttraumatic stress disorder,2004,7.62328501765358e-07,1980s_ptsd,new
posttraumatic stress disorder,2005,7.977832179942301e-07,1980s_ptsd,new
posttraumatic stress disorder,2006,8.443973700811291e-07,1980s_ptsd,new
posttraumatic stress disorder,2007,9.199903816328736e-07,1980s_ptsd,new
posttraumatic stress disorder,2008,1.0132502597098858e-06,1980s_ptsd,new
posttraumatic stress disorder,2009,9.796191350677774e-07,1980s_ptsd,new
posttraumatic stress disorder,2010,9.685954405341812e-07,1980s_ptsd,new
posttraumatic stress disorder,2011,9.75939603027609e-07,1980s_ptsd,new
posttraumatic stress disorder,2012,1.149374966270475e-06,1980s_ptsd,new
posttraumatic stress disorder,2013,9.006407874073696e-07,1980s_ptsd,new
posttraumatic stress disorder,2014,1.025988332389871e-06,1980s_ptsd,new
posttraumatic stress disorder,2015,1.1766536449631104e-06,1980s_ptsd,new
posttraumatic stress disorder,2016,1.0722111625990904e-06,1980s_ptsd,new
posttraumatic stress disorder,2017,9.448627297167778e-07,1980s_ptsd,new
posttraumatic stress disorder,2018,9.596050320713478e-07,1980s_ptsd,new
posttraumatic stress disorder,2019,8.594966338648646e-07,1980s_ptsd,new
multiple personality disorder,1900,0.0,1990s_did,old
multiple personality disorder,1901,0.0,1990s_did,old
multiple personality disorder,1902,0.0,1990s_did,old
multiple personality disorder,1903,0.0,1990s_did,old
multiple personality disorder,1904,0.0,1990s_did,old
multiple personality disorder,1905,0.0,1990s_did,old
multiple personality disorder,1906,0.0,1990s_did,old
multiple personality disorder,1907,0.0,1990s_did,old
multiple personality disorder,1908,0.0,1990s_did,old
multiple personality disorder,1909,0.0,1990s_did,old
multiple personality disorder,1910,0.0,1990s_did,old
multiple personality disorder,1911,0.0,1990s_did,old
multiple personality disorder,1912,0.0,1990s_did,old
multiple personality disorder,1913,0.0,1990s_did,old
multiple personality disorder,1914,9.784552335023733e-11,1990s_did,old
multiple personality disorder,1915,0.0,1990s_did,old
multiple personality disorder,1916,2.001708659937762e-10,1990s_did,old
multiple personality disorder,1917,0.0,1990s_did,old
multiple personality disorder,1918,0.0,1990s_did,old
multiple personality disorder,1919,0.0,1990s_did,old
multiple personality disorder,1920,0.0,1990s_did,old
multiple personality disorder,1921,2.0232996611468934e-08,1990s_did,old
multiple personality disorder,1922,0.0,1990s_did,old
multiple personality disorder,1923,0.0,1990s_did,old
multiple personality disorder,1924,0.0,1990s_did,old
multiple personality disorder,1925,1.6905907229691763e-10,1990s_did,old
multiple personality disorder,1926,0.0,1990s_did,old
multiple personality disorder,1927,0.0,1990s_did,old
multiple personality disorder,1928,0.0,1990s_did,old
multiple personality disorder,1929,0.0,1990s_did,old
multiple personality disorder,1930,0.0,1990s_did,old
multiple personality disorder,1931,0.0,1990s_did,old
multiple personality disorder,1932,0.0,1990s_did,old
multiple personality disorder,1933,0.0,1990s_did,old
multiple personality disorder,1934,0.0,1990s_did,old
multiple personality disorder,1935,1.6550272263771149e-10,1990s_did,old
multiple personality disorder,1936,3.2434022134708584e-10,1990s_did,old
multiple personality disorder,1937,0.0,1990s_did,old
multiple personality disorder,1938,4.666689812360403e-10,1990s_did,old
multiple personality disorder,1939,1.4656202640406235e-10,1990s_did,old
multiple personality disorder,1940,1.5709691880694265e-10,1990s_did,old
multiple personality disorder,1941,1.5226575555971067e-10,1990s_did,old
multiple personality disorder,1942,1.742581773322982e-10,1990s_did,old
multiple personality disorder,1943,0.0,1990s_did,old
multiple personality disorder,1944,0.0,1990s_did,old
multiple personality disorder,1945,0.0,1990s_did,old
multiple personality disorder,1946,0.0,1990s_did,old
multiple personality disorder,1947,4.581574364337371e-08,1990s_did,old
multiple personality disorder,1948,1.9707891707465564e-09,1990s_did,old
multiple personality disorder,1949,9.266938327812113e-10,1990s_did,old
multiple personality disorder,1950,1.7384825246047342e-09,1990s_did,old
multiple personality disorder,1951,2.3939999982403037e-10,1990s_did,old
multiple personality disorder,1952,1.1904313645949571e-10,1990s_did,old
multiple personality disorder,1953,3.553194821703798e-10,1990s_did,old
multiple personality disorder,1954,2.3168737761647407e-10,1990s_did,old
multiple personality disorder,1955,0.0,1990s_did,old
multiple personality disorder,1956,0.0,1990s_did,old
multiple personality disorder,1957,1.0161169128330982e-10,1990s_did,old
multiple personality disorder,1958,0.0,1990s_did,old
multiple personality disorder,1959,0.0,1990s_did,old
multiple personality disorder,1960,6.244425532209164e-10,1990s_did,old
multiple personality disorder,1961,8.33126553856367e-11,1990s_did,old
multiple personality disorder,1962,0.0,1990s_did,old
multiple personality disorder,1963,7.41150266159174e-11,1990s_did,old
multiple personality disorder,1964,7.878898367064124e-10,1990s_did,old
multiple personality disorder,1965,7.141229274587602e-11,1990s_did,old
multiple personality disorder,1966,2.0798099353847022e-10,1990s_did,old
multiple personality disorder,1967,2.5181268181739824e-10,1990s_did,old
multiple personality disorder,1968,3.0852786991886205e-10,1990s_did,old
multiple personality disorder,1969,3.0775748616207466e-10,1990s_did,old
multiple personality disorder,1970,0.0,1990s_did,old
multiple personality disorder,1971,5.57962107072818e-10,1990s_did,old
multiple personality disorder,1972,7.54058371299493e-10,1990s_did,old
multiple personality disorder,1973,2.4554624999950647e-10,1990s_did,old
multiple personality disorder,1974,6.265630236867992e-10,1990s_did,old
multiple personality disorder,1975,1.947779715294473e-09,1990s_did,old
multiple personality disorder,1976,1.6178029541014105e-09,1990s_did,old
multiple personality disorder,1977,2.2813008426769699e-10,1990s_did,old
multiple personality disorder,1978,1.7029949880842388e-09,1990s_did,old
multiple personality disorder,1979,2.812750900249572e-10,1990s_did,old
multiple personality disorder,1980,7.865882806212809e-10,1990s_did,old
multiple personality disorder,1981,1.8849435415302374e-09,1990s_did,old
multiple personality disorder,1982,2.5033319028811007e-09,1990s_did,old
multiple personality disorder,1983,6.692650884876361e-09,1990s_did,old
multiple personality disorder,1984,1.3565781609159444e-08,1990s_did,old
multiple personality disorder,1985,6.370921235010485e-08,1990s_did,old
multiple personality disorder,1986,2.6426945076707398e-08,1990s_did,old
multiple personality disorder,1987,4.003133158292371e-08,1990s_did,old
multiple personality disorder,1988,5.175257222767016e-08,1990s_did,old
multiple personality disorder,1989,7.428078618865186e-08,1990s_did,old
multiple personality disorder,1990,1.2910825086809297e-07,1990s_did,old
multiple personality disorder,1991,1.5375946271767305e-07,1990s_did,old
multiple personality disorder,1992,1.2874968857018443e-07,1990s_did,old
multiple personality disorder,1993,2.2331791212082397e-07,1990s_did,old
multiple personality disorder,1994,2.0647211140811805e-07,1990s_did,old
multiple personality disorder,1995,2.10657284775706e-07,1990s_did,old
multiple personality disorder,1996,2.3595343015547776e-07,1990s_did,old
multiple personality disorder,1997,2.1472684430534628e-07,1990s_did,old
multiple personality disorder,1998,1.756205612948869e-07,1990s_did,old
multiple personality disorder,1999,1.472534506621881e-07,1990s_did,old
multiple personality disorder,2000,1.4649378726749873e-07,1990s_did,old
multiple personality disorder,2001,1.4369935187608096e-07,1990s_did,old
multiple personality disorder,2002,1.5006658719840527e-07,1990s_did,old
multiple personality disorder,2003,1.2437945370522008e-07,1990s_did,old
multiple personality disorder,2004,1.283858160963658e-07,1990s_did,old
multiple personality disorder,2005,1.1172496981737279e-07,1990s_did,old
multiple personality disorder,2006,1.0257987406725455e-07,1990s_did,old
multiple personality disorder,2007,1.1046384204224657e-07,1990s_did,old
multiple personality disorder,2008,1.0882710150400543e-07,1990s_did,old
multiple personality disorder,2009,1.3354840192048023e-07,1990s_did,old
multiple personality disorder,2010,1.3927246311773445e-07,1990s_did,old
multiple personality disorder,2011,1.2414989530862286e-07,1990s_did,old
multiple personality disorder,2012,1.1877668754101123e-07,1990s_did,old
multiple personality disorder,2013,1.6475066709487063e-07,1990s_did,old
multiple personality disorder,2014,1.3690893507084523e-07,1990s_did,old
multiple personality disorder,2015,1.026427407374575e-07,1990s_did,old
multiple personality disorder,2016,9.929892525947781e-08,1990s_did,old
multiple personality disorder,2017,7.532278756272603e-08,1990s_did,old
multiple personality disorder,2018,7.983086832558106e-08,1990s_did,old
multiple personality disorder,2019,7.083980158029135e-08,1990s_did,old
multiple personality,1900,7.16493911423477e-09,1990s_did,old
multiple personality,1901,1.1871225960580212e-08,1990s_did,old
multiple personality,1902,1.2106656011035e-08,1990s_did,old
multiple personality,1903,2.3547871208506876e-08,1990s_did,old
multiple personality,1904,6.380932360272595e-08,1990s_did,old
multiple personality,1905,9.739979311973457e-08,1990s_did,old
multiple personality,1906,6.947211469293668e-08,1990s_did,old
multiple personality,1907,7.649588695812781e-08,1990s_did,old
multiple personality,1908,7.678560717816474e-08,1990s_did,old
multiple personality,1909,5.579125661459017e-08,1990s_did,old
multiple personality,1910,4.100019366376495e-08,1990s_did,old
multiple personality,1911,5.528150626155082e-08,1990s_did,old
multiple personality,1912,4.5327142483841953e-08,1990s_did,old
multiple personality,1913,8.385219507633934e-08,1990s_did,old
multiple personality,1914,7.950509617327128e-08,1990s_did,old
multiple personality,1915,5.5287332934028655e-08,1990s_did,old
multiple personality,1916,7.270194379849215e-08,1990s_did,old
multiple personality,1917,8.884834867828317e-08,1990s_did,old
multiple personality,1918,6.371414412731369e-08,1990s_did,old
multiple personality,1919,7.610193764051587e-08,1990s_did,old
multiple personality,1920,8.6773352947489e-08,1990s_did,old
multiple personality,1921,1.292879571318517e-07,1990s_did,old
multiple personality,1922,8.286666286494437e-08,1990s_did,old
multiple personality,1923,6.29019059061875e-08,1990s_did,old
multiple personality,1924,6.182526146591982e-08,1990s_did,old
multiple personality,1925,6.06593334590011e-08,1990s_did,old
multiple personality,1926,9.469079290114202e-08,1990s_did,old
multiple personality,1927,7.451481903730794e-08,1990s_did,old
multiple personality,1928,6.039702785121115e-08,1990s_did,old
multiple personality,1929,7.49465615124123e-08,1990s_did,old
multiple personality,1930,4.277038340161354e-08,1990s_did,old
multiple personality,1931,5.197054431249626e-08,1990s_did,old
multiple personality,1932,5.61456975356478e-08,1990s_did,old
multiple personality,1933,3.910223980718719e-08,1990s_did,old
multiple personality,1934,5.8266383495819696e-08,1990s_did,old
multiple personality,1935,4.387443386377754e-08,1990s_did,old
multiple personality,1936,3.38918074715977e-08,1990s_did,old
multiple personality,1937,5.243432288359884e-08,1990s_did,old
multiple personality,1938,3.502884531048078e-08,1990s_did,old
multiple personality,1939,3.7460328297656e-08,1990s_did,old
multiple personality,1940,3.6853087914678895e-08,1990s_did,old
multiple personality,1941,2.7191406681836838e-08,1990s_did,old
multiple personality,1942,4.8198100177643255e-08,1990s_did,old
multiple personality,1943,2.5402639325378118e-08,1990s_did,old
multiple personality,1944,4.185128188449738e-08,1990s_did,old
multiple personality,1945,2.9693074568570843e-08,1990s_did,old
multiple personality,1946,2.399308440814707e-08,1990s_did,old
multiple personality,1947,1.3747571148137183e-07,1990s_did,old
multiple personality,1948,2.3604948051758612e-08,1990s_did,old
multiple personality,1949,3.017772798319385e-08,1990s_did,old
multiple personality,1950,4.639251360849528e-08,1990s_did,old
multiple personality,1951,4.6529924066507355e-08,1990s_did,old
multiple personality,1952,4.051945950989122e-08,1990s_did,old
multiple personality,1953,3.433730474955432e-08,1990s_did,old
multiple personality,1954,3.227496186974932e-08,1990s_did,old
multiple personality,1955,3.0373961040774944e-08,1990s_did,old
multiple personality,1956,4.0197411114994974e-08,1990s_did,old
multiple personality,1957,5.536331153244145e-08,1990s_did,old
multiple personality,1958,3.463861275587732e-08,1990s_did,old
multiple personality,1959,4.951674270614603e-08,1990s_did,old
multiple personality,1960,3.2924973025760806e-08,1990s_did,old
multiple personality,1961,3.8121910794775005e-08,1990s_did,old
multiple personality,1962,3.746760846023989e-08,1990s_did,old
multiple personality,1963,3.4476642318814754e-08,1990s_did,old
multiple personality,1964,5.613316800268109e-08,1990s_did,old
multiple personality,1965,3.573721485405912e-08,1990s_did,old
multiple personality,1966,3.285741695391309e-08,1990s_did,old
multiple personality,1967,3.326057212982292e-08,1990s_did,old
multiple personality,1968,4.1045105647619096e-08,1990s_did,old
multiple personality,1969,3.5334398129638345e-08,1990s_did,old
multiple personality,1970,4.1719006471652165e-08,1990s_did,old
multiple personality,1971,3.435005913043909e-08,1990s_did,old
multiple personality,1972,3.667255423639437e-08,1990s_did,old
multiple personality,1973,5.123537993867444e-08,1990s_did,old
multiple personality,1974,4.98079661681583e-08,1990s_did,old
multiple personality,1975,5.632971289415423e-08,1990s_did,old
multiple personality,1976,4.2791553966914364e-08,1990s_did,old
multiple personality,1977,5.617744680552761e-08,1990s_did,old
multiple personality,1978,6.272170471194327e-08,1990s_did,old
multiple personality,1979,4.537586240083158e-08,1990s_did,old
multiple personality,1980,7.59026724805878e-08,1990s_did,old
multiple personality,1981,7.595666235218901e-08,1990s_did,old
multiple personality,1982,9.128874944863696e-08,1990s_did,old
multiple personality,1983,9.726764083062278e-08,1990s_did,old
multiple personality,1984,1.1217267373991868e-07,1990s_did,old
multiple personality,1985,2.009163222460586e-07,1990s_did,old
multiple personality,1986,2.073094565076261e-07,1990s_did,old
multiple personality,1987,1.616100084832206e-07,1990s_did,old
multiple personality,1988,1.6775454110204424e-07,1990s_did,old
multiple personality,1989,2.405384047499126e-07,1990s_did,old
multiple personality,1990,2.6432328364967006e-07,1990s_did,old
multiple personality,1991,3.568617196053614e-07,1990s_did,old
multiple personality,1992,2.535785624119269e-07,1990s_did,old
multiple personality,1993,3.869297927130977e-07,1990s_did,old
multiple personality,1994,3.8176059158345765e-07,1990s_did,old
multiple personality,1995,3.700539272788461e-07,1990s_did,old
multiple personality,1996,4.0133244138748636e-07,1990s_did,old
multiple personality,1997,3.6461467652765256e-07,1990s_did,old
multiple personality,1998,3.521225615532586e-07,1990s_did,old
multiple personality,1999,2.6906893587502756e-07,1990s_did,old
multiple personality,2000,2.848104474276192e-07,1990s_did,old
multiple personality,2001,2.4946836996858623e-07,1990s_did,old
multiple personality,2002,2.7132938779095284e-07,1990s_did,old
multiple personality,2003,2.3298159230328297e-07,1990s_did,old
multiple personality,2004,2.2671066525481454e-07,1990s_did,old
multiple personality,2005,2.0257515775945478e-07,1990s_did,old
multiple personality,2006,1.9951418801789078e-07,1990s_did,old
multiple personality,2007,2.0285766285169093e-07,1990s_did,old
multiple personality,2008,1.9439523324393804e-07,1990s_did,old
multiple personality,2009,2.377260800712211e-07,1990s_did,old
multiple personality,2010,2.445810641932278e-07,1990s_did,old
multiple personality,2011,2.067088550605778e-07,1990s_did,old
multiple personality,2012,1.9431000760142259e-07,1990s_did,old
multiple personality,2013,3.042527846504328e-07,1990s_did,old
multiple personality,2014,2.5294931870270543e-07,1990s_did,old
multiple personality,2015,1.710905944141139e-07,1990s_did,old
multiple personality,2016,1.7290102738432012e-07,1990s_did,old
multiple personality,2017,1.3647088847879019e-07,1990s_did,old
multiple personality,2018,1.5567432108676282e-07,1990s_did,old
multiple personality,2019,1.164786885450575e-07,1990s_did,old
dissociative identity disorder,1900,0.0,1990s_did,new
dissociative identity disorder,1901,0.0,1990s_did,new
dissociative identity disorder,1902,0.0,1990s_did,new
dissociative identity disorder,1903,0.0,1990s_did,new
dissociative identity disorder,1904,0.0,1990s_did,new
dissociative identity disorder,1905,0.0,1990s_did,new
dissociative identity disorder,1906,0.0,1990s_did,new
dissociative identity disorder,1907,0.0,1990s_did,new
dissociative identity disorder,1908,0.0,1990s_did,new
dissociative identity disorder,1909,0.0,1990s_did,new
dissociative identity disorder,1910,0.0,1990s_did,new
dissociative identity disorder,1911,0.0,1990s_did,new
dissociative identity disorder,1912,0.0,1990s_did,new
dissociative identity disorder,1913,0.0,1990s_did,new
dissociative identity disorder,1914,9.784552335023733e-11,1990s_did,new
dissociative identity disorder,1915,0.0,1990s_did,new
dissociative identity disorder,1916,0.0,1990s_did,new
dissociative identity disorder,1917,0.0,1990s_did,new
dissociative identity disorder,1918,0.0,1990s_did,new
dissociative identity disorder,1919,0.0,1990s_did,new
dissociative identity disorder,1920,0.0,1990s_did,new
dissociative identity disorder,1921,0.0,1990s_did,new
dissociative identity disorder,1922,0.0,1990s_did,new
dissociative identity disorder,1923,0.0,1990s_did,new
dissociative identity disorder,1924,0.0,1990s_did,new
dissociative identity disorder,1925,0.0,1990s_did,new
dissociative identity disorder,1926,0.0,1990s_did,new
dissociative identity disorder,1927,0.0,1990s_did,new
dissociative identity disorder,1928,0.0,1990s_did,new
dissociative identity disorder,1929,0.0,1990s_did,new
dissociative identity disorder,1930,0.0,1990s_did,new
dissociative identity disorder,1931,0.0,1990s_did,new
dissociative identity disorder,1932,0.0,1990s_did,new
dissociative identity disorder,1933,0.0,1990s_did,new
dissociative identity disorder,1934,0.0,1990s_did,new
dissociative identity disorder,1935,0.0,1990s_did,new
dissociative identity disorder,1936,0.0,1990s_did,new
dissociative identity disorder,1937,0.0,1990s_did,new
dissociative identity disorder,1938,0.0,1990s_did,new
dissociative identity disorder,1939,0.0,1990s_did,new
dissociative identity disorder,1940,1.5709691880694265e-10,1990s_did,new
dissociative identity disorder,1941,0.0,1990s_did,new
dissociative identity disorder,1942,1.742581773322982e-10,1990s_did,new
dissociative identity disorder,1943,1.8055283657059107e-10,1990s_did,new
dissociative identity disorder,1944,0.0,1990s_did,new
dissociative identity disorder,1945,0.0,1990s_did,new
dissociative identity disorder,1946,0.0,1990s_did,new
dissociative identity disorder,1947,9.694345770583368e-09,1990s_did,new
dissociative identity disorder,1948,0.0,1990s_did,new
dissociative identity disorder,1949,0.0,1990s_did,new
dissociative identity disorder,1950,1.1589883219809138e-10,1990s_did,new
dissociative identity disorder,1951,0.0,1990s_did,new
dissociative identity disorder,1952,0.0,1990s_did,new
dissociative identity disorder,1953,0.0,1990s_did,new
dissociative identity disorder,1954,0.0,1990s_did,new
dissociative identity disorder,1955,3.293629258216413e-10,1990s_did,new
dissociative identity disorder,1956,0.0,1990s_did,new
dissociative identity disorder,1957,0.0,1990s_did,new
dissociative identity disorder,1958,0.0,1990s_did,new
dissociative identity disorder,1959,0.0,1990s_did,new
dissociative identity disorder,1960,0.0,1990s_did,new
dissociative identity disorder,1961,8.33126553856367e-11,1990s_did,new
dissociative identity disorder,1962,0.0,1990s_did,new
dissociative identity disorder,1963,0.0,1990s_did,new
dissociative identity disorder,1964,2.363669468485874e-10,1990s_did,new
dissociative identity disorder,1965,0.0,1990s_did,new
dissociative identity disorder,1966,0.0,1990s_did,new
dissociative identity disorder,1967,0.0,1990s_did,new
dissociative identity disorder,1968,2.468222848328594e-10,1990s_did,new
dissociative identity disorder,1969,6.155150000797249e-11,1990s_did,new
dissociative identity disorder,1970,0.0,1990s_did,new
dissociative identity disorder,1971,0.0,1990s_did,new
dissociative identity disorder,1972,1.2567639984251144e-10,1990s_did,new
dissociative identity disorder,1973,2.4554624999950647e-10,1990s_did,new
dissociative identity disorder,1974,1.253126075129174e-10,1990s_did,new
dissociative identity disorder,1975,4.443372447759941e-09,1990s_did,new
dissociative identity disorder,1976,5.200081198974971e-10,1990s_did,new
dissociative identity disorder,1977,0.0,1990s_did,new
dissociative identity disorder,1978,8.514975044504602e-10,1990s_did,new
dissociative identity disorder,1979,0.0,1990s_did,new
dissociative identity disorder,1980,1.1236975239192759e-10,1990s_did,new
dissociative identity disorder,1981,1.7135849683658222e-10,1990s_did,new
dissociative identity disorder,1982,0.0,1990s_did,new
dissociative identity disorder,1983,0.0,1990s_did,new
dissociative identity disorder,1984,0.0,1990s_did,new
dissociative identity disorder,1985,4.66924193753826e-10,1990s_did,new
dissociative identity disorder,1986,3.6272277889604077e-10,1990s_did,new
dissociative identity disorder,1987,1.543624603139726e-10,1990s_did,new
dissociative identity disorder,1988,6.076622989514835e-10,1990s_did,new
dissociative identity disorder,1989,2.6597937047290188e-09,1990s_did,new
dissociative identity disorder,1990,4.681227280811662e-11,1990s_did,new
dissociative identity disorder,1991,1.1159569518470747e-09,1990s_did,new
dissociative identity disorder,1992,1.1175379510675043e-09,1990s_did,new
dissociative identity disorder,1993,3.0291453789743628e-09,1990s_did,new
dissociative identity disorder,1994,4.9433744847560135e-08,1990s_did,new
dissociative identity disorder,1995,7.018940409442287e-08,1990s_did,new
dissociative identity disorder,1996,1.0496839092377641e-07,1990s_did,new
dissociative identity disorder,1997,1.0078550880671111e-07,1990s_did,new
dissociative identity disorder,1998,1.066778693437076e-07,1990s_did,new
dissociative identity disorder,1999,9.440454643017127e-08,1990s_did,new
dissociative identity disorder,2000,1.094475277907403e-07,1990s_did,new
dissociative identity disorder,2001,1.352060039205849e-07,1990s_did,new
dissociative identity disorder,2002,1.1601404006911231e-07,1990s_did,new
dissociative identity disorder,2003,1.2427041012202933e-07,1990s_did,new
dissociative identity disorder,2004,1.114546432090524e-07,1990s_did,new
dissociative identity disorder,2005,1.3543787663605755e-07,1990s_did,new
dissociative identity disorder,2006,1.0691271453561191e-07,1990s_did,new
dissociative identity disorder,2007,1.3614572011433346e-07,1990s_did,new
dissociative identity disorder,2008,1.284083324393226e-07,1990s_did,new
dissociative identity disorder,2009,1.279283411703691e-07,1990s_did,new
dissociative identity disorder,2010,1.524971449812229e-07,1990s_did,new
dissociative identity disorder,2011,1.599652117989514e-07,1990s_did,new
dissociative identity disorder,2012,1.7061442672550164e-07,1990s_did,new
dissociative identity disorder,2013,1.4368756279248274e-07,1990s_did,new
dissociative identity disorder,2014,1.8623904279868597e-07,1990s_did,new
dissociative identity disorder,2015,1.6667296889871785e-07,1990s_did,new
dissociative identity disorder,2016,1.7278987274327307e-07,1990s_did,new
dissociative identity disorder,2017,1.1343881116399057e-07,1990s_did,new
dissociative identity disorder,2018,1.3065652149091278e-07,1990s_did,new
dissociative identity disorder,2019,1.0658826976595037e-07,1990s_did,new
mental retardation,1900,3.6195296315710834e-08,2010s_id,old
mental retardation,1901,2.3982274915956836e-09,2010s_id,old
mental retardation,1902,7.263993850870065e-10,2010s_id,old
mental retardation,1903,5.766825739161874e-09,2010s_id,old
mental retardation,1904,4.215973195553779e-09,2010s_id,old
mental retardation,1905,4.120320362677177e-09,2010s_id,old
mental retardation,1906,7.624988029864e-09,2010s_id,old
mental retardation,1907,1.4224441735599669e-08,2010s_id,old
mental retardation,1908,2.3299062595905085e-08,2010s_id,old
mental retardation,1909,2.2894010007212806e-08,2010s_id,old
mental retardation,1910,3.077449243354957e-08,2010s_id,old
mental retardation,1911,4.3787328651845314e-08,2010s_id,old
mental retardation,1912,1.3241020480059262e-07,2010s_id,old
mental retardation,1913,4.879172388339015e-08,2010s_id,old
mental retardation,1914,8.387044747593109e-08,2010s_id,old
mental retardation,1915,7.627160936163335e-08,2010s_id,old
mental retardation,1916,8.277567986603174e-08,2010s_id,old
mental retardation,1917,1.0391563165512707e-07,2010s_id,old
mental retardation,1918,7.558766381560167e-08,2010s_id,old
mental retardation,1919,6.118195539084326e-08,2010s_id,old
mental retardation,1920,7.311630019490867e-08,2010s_id,old
mental retardation,1921,8.682948438032412e-08,2010s_id,old
mental retardation,1922,7.077210029127201e-08,2010s_id,old
mental retardation,1923,7.616064623405805e-08,2010s_id,old
mental retardation,1924,7.415296113255643e-08,2010s_id,old
mental retardation,1925,1.1955344425551573e-07,2010s_id,old
mental retardation,1926,1.0628225299846861e-07,2010s_id,old
mental retardation,1927,9.367113595892818e-08,2010s_id,old
mental retardation,1928,7.110029676127283e-08,2010s_id,old
mental retardation,1929,8.332473359906611e-08,2010s_id,old
mental retardation,1930,1.4372662238137934e-07,2010s_id,old
mental retardation,1931,8.257709982473216e-08,2010s_id,old
mental retardation,1932,2.5063844066863794e-07,2010s_id,old
mental retardation,1933,1.7523595863266905e-07,2010s_id,old
mental retardation,1934,9.978554295353437e-08,2010s_id,old
mental retardation,1935,1.2737739574220086e-07,2010s_id,old
mental retardation,1936,1.278645448410387e-07,2010s_id,old
mental retardation,1937,1.5610788617337334e-07,2010s_id,old
mental retardation,1938,1.0730355332055908e-07,2010s_id,old
mental retardation,1939,1.5123389797422337e-07,2010s_id,old
mental retardation,1940,1.1190209014966257e-07,2010s_id,old
mental retardation,1941,1.2134887800163696e-07,2010s_id,old
mental retardation,1942,1.5039131695537833e-07,2010s_id,old
mental retardation,1943,1.954973368745172e-07,2010s_id,old
mental retardation,1944,2.3862573206301363e-07,2010s_id,old
mental retardation,1945,1.373512081848105e-07,2010s_id,old
mental retardation,1946,2.8763138670839794e-07,2010s_id,old
mental retardation,1947,2.47153028265501e-07,2010s_id,old
mental retardation,1948,2.587801671283252e-07,2010s_id,old
mental retardation,1949,4.187435092284364e-07,2010s_id,old
mental retardation,1950,3.4215855038155496e-07,2010s_id,old
mental retardation,1951,2.842989754031633e-07,2010s_id,old
mental retardation,1952,3.4871636334088407e-07,2010s_id,old
mental retardation,1953,4.2004091405090094e-07,2010s_id,old
mental retardation,1954,4.429270550332376e-07,2010s_id,old
mental retardation,1955,7.984907393412954e-07,2010s_id,old
mental retardation,1956,1.1012002828353351e-06,2010s_id,old
mental retardation,1957,1.1459142144343293e-06,2010s_id,old
mental retardation,1958,1.3217670249143776e-06,2010s_id,old
mental retardation,1959,1.7837689245681076e-06,2010s_id,old
mental retardation,1960,1.8557634646754195e-06,2010s_id,old
mental retardation,1961,1.659373146598031e-06,2010s_id,old
mental retardation,1962,2.7167026198787747e-06,2010s_id,old
mental retardation,1963,4.681913840620666e-06,2010s_id,old
mental retardation,1964,4.59167806328431e-06,2010s_id,old
mental retardation,1965,5.06931688559753e-06,2010s_id,old
mental retardation,1966,4.609077566941622e-06,2010s_id,old
mental retardation,1967,4.46806329908872e-06,2010s_id,old
mental retardation,1968,3.958826801264692e-06,2010s_id,old
mental retardation,1969,5.0093393835770605e-06,2010s_id,old
mental retardation,1970,5.356531808123344e-06,2010s_id,old
mental retardation,1971,4.8877417077736185e-06,2010s_id,old
mental retardation,1972,4.610092964513202e-06,2010s_id,old
mental retardation,1973,4.892365284142608e-06,2010s_id,old
mental retardation,1974,4.644011132731718e-06,2010s_id,old
mental retardation,1975,4.879416464625974e-06,2010s_id,old
mental retardation,1976,4.9074980734351015e-06,2010s_id,old
mental retardation,1977,5.2244484596078444e-06,2010s_id,old
mental retardation,1978,5.4958679799391175e-06,2010s_id,old
mental retardation,1979,4.4662046605886685e-06,2010s_id,old
mental retardation,1980,4.368519527224446e-06,2010s_id,old
mental retardation,1981,4.392500807699762e-06,2010s_id,old
mental retardation,1982,4.2565341237116305e-06,2010s_id,old
mental retardation,1983,4.159704811927678e-06,2010s_id,old
mental retardation,1984,3.837646705216746e-06,2010s_id,old
mental retardation,1985,4.643574894529906e-06,2010s_id,old
mental retardation,1986,4.378630077125217e-06,2010s_id,old
mental retardation,1987,4.635300013041549e-06,2010s_id,old
mental retardation,1988,4.273163986542178e-06,2010s_id,old
mental retardation,1989,4.812423788233544e-06,2010s_id,old
mental retardation,1990,4.288004931518596e-06,2010s_id,old
mental retardation,1991,4.329054444418556e-06,2010s_id,old
mental retardation,1992,4.297454360573799e-06,2010s_id,old
mental retardation,1993,4.1315232936350865e-06,2010s_id,old
mental retardation,1994,3.894124534699339e-06,2010s_id,old
mental retardation,1995,4.070042069245772e-06,2010s_id,old
mental retardation,1996,3.895126399151849e-06,2010s_id,old
mental retardation,1997,3.997844821156116e-06,2010s_id,old
mental retardation,1998,3.923219448066784e-06,2010s_id,old
mental retardation,1999,3.651547860087506e-06,2010s_id,old
mental retardation,2000,3.521236977579306e-06,2010s_id,old
mental retardation,2001,3.4780412461639376e-06,2010s_id,old
mental retardation,2002,3.4349113534615228e-06,2010s_id,old
mental retardation,2003,2.9255787325349614e-06,2010s_id,old
mental retardation,2004,2.883198368483497e-06,2010s_id,old
mental retardation,2005,3.013565073203134e-06,2010s_id,old
mental retardation,2006,3.2741794930360446e-06,2010s_id,old
mental retardation,2007,2.7086732349267117e-06,2010s_id,old
mental retardation,2008,2.344405913443093e-06,2010s_id,old
mental retardation,2009,1.987842761785874e-06,2010s_id,old
mental retardation,2010,1.911337173643446e-06,2010s_id,old
mental retardation,2011,1.9187751315596913e-06,2010s_id,old
mental retardation,2012,1.9201133272059995e-06,2010s_id,old
mental retardation,2013,1.7880853058760415e-06,2010s_id,old
mental retardation,2014,1.3229295556527187e-06,2010s_id,old
mental retardation,2015,1.1278976405626473e-06,2010s_id,old
mental retardation,2016,1.0747872820626725e-06,2010s_id,old
mental retardation,2017,8.340387170902019e-07,2010s_id,old
mental retardation,2018,7.365329969255541e-07,2010s_id,old
mental retardation,2019,7.565492855521327e-07,2010s_id,old
intellectual disability,1900,3.706003004477765e-10,2010s_id,new
intellectual disability,1901,1.5588478285977203e-09,2010s_id,new
intellectual disability,1902,2.4213311911047697e-10,2010s_id,new
intellectual disability,1903,2.4028440348544677e-10,2010s_id,new
intellectual disability,1904,3.4183567088064137e-10,2010s_id,new
intellectual disability,1905,2.2890668527342228e-10,2010s_id,new
intellectual disability,1906,2.541662602606465e-09,2010s_id,new
intellectual disability,1907,1.1590286508322833e-09,2010s_id,new
intellectual disability,1908,2.4312065693976592e-09,2010s_id,new
intellectual disability,1909,2.681280253380436e-09,2010s_id,new
intellectual disability,1910,2.921629049801311e-10,2010s_id,new
intellectual disability,1911,3.6489442023501795e-10,2010s_id,new
intellectual disability,1912,1.739829835756268e-09,2010s_id,new
intellectual disability,1913,2.746251004381861e-09,2010s_id,new
intellectual disability,1914,7.430382975570637e-10,2010s_id,new
intellectual disability,1915,4.790929875042593e-10,2010s_id,new
intellectual disability,1916,0.0,2010s_id,new
intellectual disability,1917,9.720826227299639e-11,2010s_id,new
intellectual disability,1918,4.346555781964412e-09,2010s_id,new
intellectual disability,1919,4.005365206172229e-10,2010s_id,new
intellectual disability,1920,1.0219559642976606e-09,2010s_id,new
intellectual disability,1921,7.650174937978704e-10,2010s_id,new
intellectual disability,1922,1.0393766403105076e-09,2010s_id,new
intellectual disability,1923,1.541713423591773e-10,2010s_id,new
intellectual disability,1924,1.8678326940690937e-09,2010s_id,new
intellectual disability,1925,1.925693160487185e-09,2010s_id,new
intellectual disability,1926,9.795599886786022e-10,2010s_id,new
intellectual disability,1927,3.2468330801727063e-10,2010s_id,new
intellectual disability,1928,4.5871162424049317e-10,2010s_id,new
intellectual disability,1929,9.139824730386437e-10,2010s_id,new
intellectual disability,1930,4.5339626497664653e-10,2010s_id,new
intellectual disability,1931,4.545528398125498e-10,2010s_id,new
intellectual disability,1932,1.5129080210840584e-09,2010s_id,new
intellectual disability,1933,1.810288807746474e-09,2010s_id,new
intellectual disability,1934,1.3956019950800425e-09,2010s_id,new
intellectual disability,1935,3.6168889550047822e-09,2010s_id,new
intellectual disability,1936,9.243220217003412e-10,2010s_id,new
intellectual disability,1937,5.97542126890005e-10,2010s_id,new
intellectual disability,1938,1.4780103807510159e-09,2010s_id,new
intellectual disability,1939,1.2533195592467905e-09,2010s_id,new
intellectual disability,1940,4.476083670379438e-10,2010s_id,new
intellectual disability,1941,2.314162195204972e-09,2010s_id,new
intellectual disability,1942,4.968876421429513e-10,2010s_id,new
intellectual disability,1943,3.4327890530150285e-10,2010s_id,new
intellectual disability,1944,7.342329799708835e-10,2010s_id,new
intellectual disability,1945,8.294154807408916e-10,2010s_id,new
intellectual disability,1946,1.8566077564230454e-09,2010s_id,new
intellectual disability,1947,1.1372072172832759e-09,2010s_id,new
intellectual disability,1948,1.498726809323614e-09,2010s_id,new
intellectual disability,1949,1.5419277105133133e-09,2010s_id,new
intellectual disability,1950,2.975291735207719e-09,2010s_id,new
intellectual disability,1951,1.3651810792936203e-09,2010s_id,new
intellectual disability,1952,3.8482168562836705e-09,2010s_id,new
intellectual disability,1953,1.576138553005535e-09,2010s_id,new
intellectual disability,1954,1.321841525125933e-09,2010s_id,new
intellectual disability,1955,3.0269583783937293e-09,2010s_id,new
intellectual disability,1956,4.1763545399753355e-10,2010s_id,new
intellectual disability,1957,2.22226193002939e-09,2010s_id,new
intellectual disability,1958,2.2191868342957832e-09,2010s_id,new
intellectual disability,1959,3.85728249341355e-09,2010s_id,new
intellectual disability,1960,1.6123053447891778e-09,2010s_id,new
intellectual disability,1961,2.0606438222436907e-09,2010s_id,new
intellectual disability,1962,3.912280457929462e-09,2010s_id,new
intellectual disability,1963,1.6216007425740031e-09,2010s_id,new
intellectual disability,1964,5.1711463722181605e-09,2010s_id,new
intellectual disability,1965,4.0764883274535535e-09,2010s_id,new
intellectual disability,1966,1.781426256508567e-09,2010s_id,new
intellectual disability,1967,1.132657324182107e-08,2010s_id,new
intellectual disability,1968,3.6993442753541217e-09,2010s_id,new
intellectual disability,1969,2.695493134252658e-09,2010s_id,new
intellectual disability,1970,2.6516317058744576e-09,2010s_id,new
intellectual disability,1971,1.4755179342240687e-08,2010s_id,new
intellectual disability,1972,1.615267475330029e-09,2010s_id,new
intellectual disability,1973,2.336847271244835e-09,2010s_id,new
intellectual disability,1974,5.786075119029732e-09,2010s_id,new
intellectual disability,1975,3.7669045938049095e-09,2010s_id,new
intellectual disability,1976,2.695097693627968e-09,2010s_id,new
intellectual disability,1977,2.551053326915742e-09,2010s_id,new
intellectual disability,1978,7.934673695864092e-09,2010s_id,new
intellectual disability,1979,2.835991292499118e-09,2010s_id,new
intellectual disability,1980,2.458819040734861e-09,2010s_id,new
intellectual disability,1981,4.726916556091476e-09,2010s_id,new
intellectual disability,1982,5.844211985878145e-09,2010s_id,new
intellectual disability,1983,5.009492341778721e-09,2010s_id,new
intellectual disability,1984,1.371676681266587e-08,2010s_id,new
intellectual disability,1985,1.0164234939824546e-08,2010s_id,new
intellectual disability,1986,2.7102496746866933e-08,2010s_id,new
intellectual disability,1987,3.440697665321735e-08,2010s_id,new
intellectual disability,1988,3.001466786917151e-08,2010s_id,new
intellectual disability,1989,3.66556611730573e-08,2010s_id,new
intellectual disability,1990,4.7653901380506625e-08,2010s_id,new
intellectual disability,1991,4.708303689981985e-08,2010s_id,new
intellectual disability,1992,9.016815952223034e-08,2010s_id,new
intellectual disability,1993,1.2000367516362687e-07,2010s_id,new
intellectual disability,1994,1.457265266791019e-07,2010s_id,new
intellectual disability,1995,1.1823581691494667e-07,2010s_id,new
intellectual disability,1996,1.8000088161662653e-07,2010s_id,new
intellectual disability,1997,1.0610754883066953e-07,2010s_id,new
intellectual disability,1998,9.33116284934643e-08,2010s_id,new
intellectual disability,1999,1.922641296933647e-07,2010s_id,new
intellectual disability,2000,1.2118533282423627e-07,2010s_id,new
intellectual disability,2001,1.6891769427651582e-07,2010s_id,new
intellectual disability,2002,1.8044053817778405e-07,2010s_id,new
intellectual disability,2003,2.0868311256805328e-07,2010s_id,new
intellectual disability,2004,2.5879841097919964e-07,2010s_id,new
intellectual disability,2005,3.162506876375204e-07,2010s_id,new
intellectual disability,2006,2.9774026982787305e-07,2010s_id,new
intellectual disability,2007,3.3526882159407023e-07,2010s_id,new
intellectual disability,2008,3.9525154360564585e-07,2010s_id,new
intellectual disability,2009,4.7188455637448e-07,2010s_id,new
intellectual disability,2010,6.072147867297595e-07,2010s_id,new
intellectual disability,2011,6.605948630888925e-07,2010s_id,new
intellectual disability,2012,6.844917694315278e-07,2010s_id,new
intellectual disability,2013,8.390687135095831e-07,2010s_id,new
intellectual disability,2014,9.79387695498879e-07,2010s_id,new
intellectual disability,2015,1.027147470356038e-06,2010s_id,new
intellectual disability,2016,1.590889065372636e-06,2010s_id,new
intellectual disability,2017,1.0574333092483457e-06,2010s_id,new
intellectual disability,2018,1.1931053280900272e-06,2010s_id,new
intellectual disability,2019,1.1752812052456818e-06,2010s_id,new
committed suicide,1900,7.871550329885402e-07,neg_suicide_phrasing,old
committed suicide,1901,9.337498525080479e-07,neg_suicide_phrasing,old
committed suicide,1902,8.003710381399021e-07,neg_suicide_phrasing,old
committed suicide,1903,8.543311786901597e-07,neg_suicide_phrasing,old
committed suicide,1904,8.957234074458142e-07,neg_suicide_phrasing,old
committed suicide,1905,8.911337278164067e-07,neg_suicide_phrasing,old
committed suicide,1906,8.092018464952999e-07,neg_suicide_phrasing,old
committed suicide,1907,8.642138984438219e-07,neg_suicide_phrasing,old
committed suicide,1908,9.035984457894664e-07,neg_suicide_phrasing,old
committed suicide,1909,7.528209939877684e-07,neg_suicide_phrasing,old
committed suicide,1910,8.205882035886014e-07,neg_suicide_phrasing,old
committed suicide,1911,7.846142052042593e-07,neg_suicide_phrasing,old
committed suicide,1912,7.591152209746044e-07,neg_suicide_phrasing,old
committed suicide,1913,6.903159567653305e-07,neg_suicide_phrasing,old
committed suicide,1914,6.574960393634921e-07,neg_suicide_phrasing,old
committed suicide,1915,7.353119497732763e-07,neg_suicide_phrasing,old
committed suicide,1916,6.571685424172635e-07,neg_suicide_phrasing,old
committed suicide,1917,5.955950037050961e-07,neg_suicide_phrasing,old
committed suicide,1918,6.393677425692301e-07,neg_suicide_phrasing,old
committed suicide,1919,5.61552194092152e-07,neg_suicide_phrasing,old
committed suicide,1920,6.115941656031909e-07,neg_suicide_phrasing,old
committed suicide,1921,6.454835152491789e-07,neg_suicide_phrasing,old
committed suicide,1922,6.138936402902417e-07,neg_suicide_phrasing,old
committed suicide,1923,6.166853552258544e-07,neg_suicide_phrasing,old
committed suicide,1924,6.109680772553583e-07,neg_suicide_phrasing,old
committed suicide,1925,6.181474689892497e-07,neg_suicide_phrasing,old
committed suicide,1926,7.206295724593303e-07,neg_suicide_phrasing,old
committed suicide,1927,6.730685008227155e-07,neg_suicide_phrasing,old
committed suicide,1928,7.895955913550523e-07,neg_suicide_phrasing,old
committed suicide,1929,6.764993711327882e-07,neg_suicide_phrasing,old
committed suicide,1930,7.201444501697685e-07,neg_suicide_phrasing,old
committed suicide,1931,7.289512462538283e-07,neg_suicide_phrasing,old
committed suicide,1932,7.087133567784676e-07,neg_suicide_phrasing,old
committed suicide,1933,7.201329039752125e-07,neg_suicide_phrasing,old
committed suicide,1934,8.637031663205619e-07,neg_suicide_phrasing,old
committed suicide,1935,7.568733323415344e-07,neg_suicide_phrasing,old
committed suicide,1936,7.60562998858294e-07,neg_suicide_phrasing,old
committed suicide,1937,7.663477800956553e-07,neg_suicide_phrasing,old
committed suicide,1938,7.401875952717241e-07,neg_suicide_phrasing,old
committed suicide,1939,6.508906058577679e-07,neg_suicide_phrasing,old
committed suicide,1940,6.902120831264735e-07,neg_suicide_phrasing,old
committed suicide,1941,6.152778914692014e-07,neg_suicide_phrasing,old
committed suicide,1942,6.751046528197246e-07,neg_suicide_phrasing,old
committed suicide,1943,7.061247170314644e-07,neg_suicide_phrasing,old
committed suicide,1944,6.160214780503992e-07,neg_suicide_phrasing,old
committed suicide,1945,6.852630948239735e-07,neg_suicide_phrasing,old
committed suicide,1946,7.05225314145963e-07,neg_suicide_phrasing,old
committed suicide,1947,6.99129724723857e-07,neg_suicide_phrasing,old
committed suicide,1948,6.528204084810252e-07,neg_suicide_phrasing,old
committed suicide,1949,6.405608040105371e-07,neg_suicide_phrasing,old
committed suicide,1950,6.404590912056918e-07,neg_suicide_phrasing,old
committed suicide,1951,5.946501381304259e-07,neg_suicide_phrasing,old
committed suicide,1952,6.167333569950806e-07,neg_suicide_phrasing,old
committed suicide,1953,6.347335039097457e-07,neg_suicide_phrasing,old
committed suicide,1954,6.804178681041329e-07,neg_suicide_phrasing,old
committed suicide,1955,6.456815074065703e-07,neg_suicide_phrasing,old
committed suicide,1956,6.140285127506639e-07,neg_suicide_phrasing,old
committed suicide,1957,6.069673695180411e-07,neg_suicide_phrasing,old
committed suicide,1958,6.80711452649696e-07,neg_suicide_phrasing,old
committed suicide,1959,6.431794421501991e-07,neg_suicide_phrasing,old
committed suicide,1960,6.859086408295134e-07,neg_suicide_phrasing,old
committed suicide,1961,7.362838747582146e-07,neg_suicide_phrasing,old
committed suicide,1962,7.435590126947389e-07,neg_suicide_phrasing,old
committed suicide,1963,6.561842842423005e-07,neg_suicide_phrasing,old
committed suicide,1964,6.789940054513499e-07,neg_suicide_phrasing,old
committed suicide,1965,6.887906514596587e-07,neg_suicide_phrasing,old
committed suicide,1966,7.22005489922628e-07,neg_suicide_phrasing,old
committed suicide,1967,7.629555738297711e-07,neg_suicide_phrasing,old
committed suicide,1968,7.66351475001148e-07,neg_suicide_phrasing,old
committed suicide,1969,7.317677439416803e-07,neg_suicide_phrasing,old
committed suicide,1970,7.3120220459022e-07,neg_suicide_phrasing,old
committed suicide,1971,6.808039957617584e-07,neg_suicide_phrasing,old
committed suicide,1972,7.904042060580263e-07,neg_suicide_phrasing,old
committed suicide,1973,7.223779525666885e-07,neg_suicide_phrasing,old
committed suicide,1974,7.284489251802029e-07,neg_suicide_phrasing,old
committed suicide,1975,6.534130543300876e-07,neg_suicide_phrasing,old
committed suicide,1976,6.473734875389603e-07,neg_suicide_phrasing,old
committed suicide,1977,6.306529406335804e-07,neg_suicide_phrasing,old
committed suicide,1978,6.316431808706113e-07,neg_suicide_phrasing,old
committed suicide,1979,6.380980189790719e-07,neg_suicide_phrasing,old
committed suicide,1980,6.783132909908562e-07,neg_suicide_phrasing,old
committed suicide,1981,6.895865227209141e-07,neg_suicide_phrasing,old
committed suicide,1982,6.946494921743207e-07,neg_suicide_phrasing,old
committed suicide,1983,7.276287207202969e-07,neg_suicide_phrasing,old
committed suicide,1984,6.86447982158056e-07,neg_suicide_phrasing,old
committed suicide,1985,7.329103933993719e-07,neg_suicide_phrasing,old
committed suicide,1986,7.719283969982726e-07,neg_suicide_phrasing,old
committed suicide,1987,8.160767472828456e-07,neg_suicide_phrasing,old
committed suicide,1988,7.928594215889095e-07,neg_suicide_phrasing,old
committed suicide,1989,8.610171323766846e-07,neg_suicide_phrasing,old
committed suicide,1990,8.685480599561479e-07,neg_suicide_phrasing,old
committed suicide,1991,8.485101934962991e-07,neg_suicide_phrasing,old
committed suicide,1992,8.690261074292827e-07,neg_suicide_phrasing,old
committed suicide,1993,8.857920925781082e-07,neg_suicide_phrasing,old
committed suicide,1994,9.390146519169806e-07,neg_suicide_phrasing,old
committed suicide,1995,8.914954799515984e-07,neg_suicide_phrasing,old
committed suicide,1996,9.843396248480907e-07,neg_suicide_phrasing,old
committed suicide,1997,1.055354017953647e-06,neg_suicide_phrasing,old
committed suicide,1998,1.1031726206076065e-06,neg_suicide_phrasing,old
committed suicide,1999,1.0753094262447305e-06,neg_suicide_phrasing,old
committed suicide,2000,1.0890194657615926e-06,neg_suicide_phrasing,old
committed suicide,2001,1.126438790858414e-06,neg_suicide_phrasing,old
committed suicide,2002,1.1526800611227905e-06,neg_suicide_phrasing,old
committed suicide,2003,1.1315062678554644e-06,neg_suicide_phrasing,old
committed suicide,2004,1.2007042261737155e-06,neg_suicide_phrasing,old
committed suicide,2005,1.225404288929255e-06,neg_suicide_phrasing,old
committed suicide,2006,1.2432565435066545e-06,neg_suicide_phrasing,old
committed suicide,2007,1.2638298657503821e-06,neg_suicide_phrasing,old
committed suicide,2008,1.2321085784694485e-06,neg_suicide_phrasing,old
committed suicide,2009,1.3589149669840372e-06,neg_suicide_phrasing,old
committed suicide,2010,1.3379181941462759e-06,neg_suicide_phrasing,old
committed suicide,2011,1.4124811125171277e-06,neg_suicide_phrasing,old
committed suicide,2012,1.2525301431570018e-06,neg_suicide_phrasing,old
committed suicide,2013,1.311735448381382e-06,neg_suicide_phrasing,old
committed suicide,2014,1.4192941373419865e-06,neg_suicide_phrasing,old
committed suicide,2015,1.4286916065753275e-06,neg_suicide_phrasing,old
committed suicide,2016,1.3930078791649092e-06,neg_suicide_phrasing,old
committed suicide,2017,1.259771153887257e-06,neg_suicide_phrasing,old
committed suicide,2018,1.2286518536741564e-06,neg_suicide_phrasing,old
committed suicide,2019,1.3177041438446058e-06,neg_suicide_phrasing,old
died by suicide,1900,1.1313243591937194e-08,neg_suicide_phrasing,new
died by suicide,1901,1.2626717768582374e-08,neg_suicide_phrasing,new
died by suicide,1902,9.689797852985294e-09,neg_suicide_phrasing,new
died by suicide,1903,1.492631918065257e-08,neg_suicide_phrasing,new
died by suicide,1904,1.307529248761874e-08,neg_suicide_phrasing,new
died by suicide,1905,1.4824947935920818e-08,neg_suicide_phrasing,new
died by suicide,1906,1.4058326058830062e-08,neg_suicide_phrasing,new
died by suicide,1907,6.99149933086618e-09,neg_suicide_phrasing,new
died by suicide,1908,1.5262108764291238e-08,neg_suicide_phrasing,new
died by suicide,1909,9.231416742139231e-09,neg_suicide_phrasing,new
died by suicide,1910,1.0357672775018756e-08,neg_suicide_phrasing,new
died by suicide,1911,6.340697744633417e-09,neg_suicide_phrasing,new
died by suicide,1912,5.6915567883675244e-09,neg_suicide_phrasing,new
died by suicide,1913,5.495782051667675e-09,neg_suicide_phrasing,new
died by suicide,1914,9.295324746028122e-09,neg_suicide_phrasing,new
died by suicide,1915,1.2107850409781573e-08,neg_suicide_phrasing,new
died by suicide,1916,5.704869465716911e-09,neg_suicide_phrasing,new
died by suicide,1917,7.469026098994025e-09,neg_suicide_phrasing,new
died by suicide,1918,8.25625864897539e-09,neg_suicide_phrasing,new
died by suicide,1919,4.319884450154632e-09,neg_suicide_phrasing,new
died by suicide,1920,9.189452754299055e-09,neg_suicide_phrasing,new
died by suicide,1921,7.0463172796575435e-09,neg_suicide_phrasing,new
died by suicide,1922,4.077049135797761e-09,neg_suicide_phrasing,new
died by suicide,1923,5.35958211145271e-09,neg_suicide_phrasing,new
died by suicide,1924,4.722750190921943e-09,neg_suicide_phrasing,new
died by suicide,1925,7.269540081011883e-09,neg_suicide_phrasing,new
died by suicide,1926,4.296852651464178e-09,neg_suicide_phrasing,new
died by suicide,1927,7.35088079295565e-09,neg_suicide_phrasing,new
died by suicide,1928,6.763521298580599e-09,neg_suicide_phrasing,new
died by suicide,1929,7.381194044864259e-09,neg_suicide_phrasing,new
died by suicide,1930,6.366746241326382e-09,neg_suicide_phrasing,new
died by suicide,1931,4.470659398236876e-09,neg_suicide_phrasing,new
died by suicide,1932,5.310017314741344e-09,neg_suicide_phrasing,new
died by suicide,1933,1.7153257703128588e-09,neg_suicide_phrasing,new
died by suicide,1934,5.50893219930515e-10,neg_suicide_phrasing,new
died by suicide,1935,1.2578206920466073e-08,neg_suicide_phrasing,new
died by suicide,1936,7.621995479212273e-09,neg_suicide_phrasing,new
died by suicide,1937,7.077380459463711e-09,neg_suicide_phrasing,new
died by suicide,1938,6.533365903838018e-09,neg_suicide_phrasing,new
died by suicide,1939,7.328101236936391e-09,neg_suicide_phrasing,new
died by suicide,1940,4.712907758497309e-09,neg_suicide_phrasing,new
died by suicide,1941,6.2428959779481374e-09,neg_suicide_phrasing,new
died by suicide,1942,4.879228812648684e-09,neg_suicide_phrasing,new
died by suicide,1943,4.8749266151615345e-09,neg_suicide_phrasing,new
died by suicide,1944,3.667949860508557e-09,neg_suicide_phrasing,new
died by suicide,1945,3.6614826726122374e-09,neg_suicide_phrasing,new
died by suicide,1946,3.3038121821649113e-09,neg_suicide_phrasing,new
died by suicide,1947,2.3903865553620562e-09,neg_suicide_phrasing,new
died by suicide,1948,2.8904907356519516e-09,neg_suicide_phrasing,new
died by suicide,1949,4.9809792956878596e-09,neg_suicide_phrasing,new
died by suicide,1950,4.98364990941802e-09,neg_suicide_phrasing,new
died by suicide,1951,2.51370005366347e-09,neg_suicide_phrasing,new
died by suicide,1952,5.356941140677307e-09,neg_suicide_phrasing,new
died by suicide,1953,4.974472722629741e-09,neg_suicide_phrasing,new
died by suicide,1954,2.3168738039203163e-09,neg_suicide_phrasing,new
died by suicide,1955,3.403416881653243e-09,neg_suicide_phrasing,new
died by suicide,1956,4.722460200667911e-09,neg_suicide_phrasing,new
died by suicide,1957,5.0805843976320375e-09,neg_suicide_phrasing,new
died by suicide,1958,2.942333265920638e-09,neg_suicide_phrasing,new
died by suicide,1959,3.9595935419356465e-09,neg_suicide_phrasing,new
died by suicide,1960,4.549510088103226e-09,neg_suicide_phrasing,new
died by suicide,1961,3.9156946990415165e-09,neg_suicide_phrasing,new
died by suicide,1962,2.9251302074984054e-09,neg_suicide_phrasing,new
died by suicide,1963,4.224556440779459e-09,neg_suicide_phrasing,new
died by suicide,1964,5.200072816791135e-09,neg_suicide_phrasing,new
died by suicide,1965,5.070272729446046e-09,neg_suicide_phrasing,new
died by suicide,1966,4.090292791969485e-09,neg_suicide_phrasing,new
died by suicide,1967,5.225113036688711e-09,neg_suicide_phrasing,new
died by suicide,1968,6.849318223700607e-09,neg_suicide_phrasing,new
died by suicide,1969,5.170325792502872e-09,neg_suicide_phrasing,new
died by suicide,1970,4.519630891763882e-09,neg_suicide_phrasing,new
died by suicide,1971,5.579621306650573e-09,neg_suicide_phrasing,new
died by suicide,1972,5.2784086546076026e-09,neg_suicide_phrasing,new
died by suicide,1973,5.7089503124885255e-09,neg_suicide_phrasing,new
died by suicide,1974,4.5112539259761775e-09,neg_suicide_phrasing,new
died by suicide,1975,6.1476795321091515e-09,neg_suicide_phrasing,new
died by suicide,1976,2.88893399480461e-09,neg_suicide_phrasing,new
died by suicide,1977,5.931382260349061e-09,neg_suicide_phrasing,new
died by suicide,1978,4.087188004708864e-09,neg_suicide_phrasing,new
died by suicide,1979,3.994106378968354e-09,neg_suicide_phrasing,new
died by suicide,1980,3.5958321181750463e-09,neg_suicide_phrasing,new
died by suicide,1981,2.85597509183666e-09,neg_suicide_phrasing,new
died by suicide,1982,4.779088097484063e-09,neg_suicide_phrasing,new
died by suicide,1983,6.8023661217719855e-09,neg_suicide_phrasing,new
died by suicide,1984,5.28745043582024e-09,neg_suicide_phrasing,new
died by suicide,1985,4.513600347644253e-09,neg_suicide_phrasing,new
died by suicide,1986,5.285389216569403e-09,neg_suicide_phrasing,new
died by suicide,1987,5.762865254443916e-09,neg_suicide_phrasing,new
died by suicide,1988,4.962575239630951e-09,neg_suicide_phrasing,new
died by suicide,1989,6.867103732877133e-09,neg_suicide_phrasing,new
died by suicide,1990,6.132407855824473e-09,neg_suicide_phrasing,new
died by suicide,1991,4.900506722638198e-09,neg_suicide_phrasing,new
died by suicide,1992,8.89373948445571e-09,neg_suicide_phrasing,new
died by suicide,1993,7.9223799881456e-09,neg_suicide_phrasing,new
died by suicide,1994,6.299928464320592e-09,neg_suicide_phrasing,new
died by suicide,1995,7.170363955366632e-09,neg_suicide_phrasing,new
died by suicide,1996,9.017903368491176e-09,neg_suicide_phrasing,new
died by suicide,1997,8.102899684558906e-09,neg_suicide_phrasing,new
died by suicide,1998,7.51126660522572e-09,neg_suicide_phrasing,new
died by suicide,1999,7.455312617254961e-09,neg_suicide_phrasing,new
died by suicide,2000,8.134069508225483e-09,neg_suicide_phrasing,new
died by suicide,2001,1.2901799482933907e-08,neg_suicide_phrasing,new
died by suicide,2002,1.006011774579152e-08,neg_suicide_phrasing,new
died by suicide,2003,1.1703735744439392e-08,neg_suicide_phrasing,new
died by suicide,2004,2.3994693870710293e-08,neg_suicide_phrasing,new
died by suicide,2005,1.5745968640068497e-08,neg_suicide_phrasing,new
died by suicide,2006,1.9425544478535173e-08,neg_suicide_phrasing,new
died by suicide,2007,2.094821325779317e-08,neg_suicide_phrasing,new
died by suicide,2008,1.641623346981813e-08,neg_suicide_phrasing,new
died by suicide,2009,2.2732410068920794e-08,neg_suicide_phrasing,new
died by suicide,2010,2.4345442842244047e-08,neg_suicide_phrasing,new
died by suicide,2011,2.5407764846913095e-08,neg_suicide_phrasing,new
died by suicide,2012,2.5730107724997175e-08,neg_suicide_phrasing,new
died by suicide,2013,2.447331136704034e-08,neg_suicide_phrasing,new
died by suicide,2014,2.9279598738607415e-08,neg_suicide_phrasing,new
died by suicide,2015,3.053864558455466e-08,neg_suicide_phrasing,new
died by suicide,2016,3.352415683249843e-08,neg_suicide_phrasing,new
died by suicide,2017,4.1789418224469355e-08,neg_suicide_phrasing,new
died by suicide,2018,4.1131903130015024e-08,neg_suicide_phrasing,new
died by suicide,2019,5.734650532218666e-08,neg_suicide_phrasing,new
