label,term,year,n_records
T2_moron,moron OR morons OR moronic,1950,0
T2_moron,moron OR morons OR moronic,1951,3
T2_moron,moron OR morons OR moronic,1952,0
T2_moron,moron OR morons OR moronic,1953,2
T2_moron,moron OR morons OR moronic,1954,0
T2_moron,moron OR morons OR moronic,1955,0
T2_moron,moron OR morons OR moronic,1956,1
T2_moron,moron OR morons OR moronic,1957,1
T2_moron,moron OR morons OR moronic,1958,0
T2_moron,moron OR morons OR moronic,1959,1
T2_moron,moron OR morons OR moronic,1960,0
T2_moron,moron OR morons OR moronic,1961,0
T2_moron,moron OR morons OR moronic,1962,0
T2_moron,moron OR morons OR moronic,1963,0
T2_moron,moron OR morons OR moronic,1964,0
T2_moron,moron OR morons OR moronic,1965,0
T2_moron,moron OR morons OR moronic,1966,1
T2_moron,moron OR morons OR moronic,1967,0
T2_moron,moron OR morons OR moronic,1968,0
T2_moron,moron OR morons OR moronic,1969,0
T2_moron,moron OR morons OR moronic,1970,0
T2_moron,moron OR morons OR moronic,1971,0
T2_moron,moron OR morons OR moronic,1972,0
T2_moron,moron OR morons OR moronic,1973,0
T2_moron,moron OR morons OR moronic,1974,1
T2_moron,moron OR morons OR moronic,1975,0
T2_moron,moron OR morons OR moronic,1976,0
T2_moron,moron OR morons OR moronic,1977,1
T2_moron,moron OR morons OR moronic,1978,0
T2_moron,moron OR morons OR moronic,1979,2
T2_moron,moron OR morons OR moronic,1980,0
T2_moron,moron OR morons OR moronic,1981,1
T2_moron,moron OR morons OR moronic,1982,0
T2_moron,moron OR morons OR moronic,1983,0
T2_moron,moron OR morons OR moronic,1984,0
T2_moron,moron OR morons OR moronic,1985,0
T2_moron,moron OR morons OR moronic,1986,0
T2_moron,moron OR morons OR moronic,1987,0
T2_moron,moron OR morons OR moronic,1988,1
T2_moron,moron OR morons OR moronic,1989,0
T2_moron,moron OR morons OR moronic,1990,1
T2_moron,moron OR morons OR moronic,1991,2
T2_moron,moron OR morons OR moronic,1992,1
T2_moron,moron OR morons OR moronic,1993,0
T2_moron,moron OR morons OR moronic,1994,0
T2_moron,moron OR morons OR moronic,1995,0
T2_moron,moron OR morons OR moronic,1996,3
T2_moron,moron OR morons OR moronic,1997,1
T2_moron,moron OR morons OR moronic,1998,2
T2_moron,moron OR morons OR moronic,1999,4
T2_moron,moron OR morons OR moronic,2000,3
T2_moron,moron OR morons OR moronic,2001,2
T2_moron,moron OR morons OR moronic,2002,0
T2_moron,moron OR morons OR moronic,2003,3
T2_moron,moron OR morons OR moronic,2004,1
T2_moron,moron OR morons OR moronic,2005,3
T2_moron,moron OR morons OR moronic,2006,3
T2_moron,moron OR morons OR moronic,2007,3
T2_moron,moron OR morons OR moronic,2008,5
T2_moron,moron OR morons OR moronic,2009,4
T2_moron,moron OR morons OR moronic,2010,6
T2_moron,moron OR morons OR moronic,2011,2
T2_moron,moron OR morons OR moronic,2012,5
T2_moron,moron OR morons OR moronic,2013,6
T2_moron,moron OR morons OR moronic,2014,4
T2_moron,moron OR morons OR moronic,2015,3
T2_moron,moron OR morons OR moronic,2016,2
T2_moron,moron OR morons OR moronic,2017,6
T2_moron,moron OR morons OR moronic,2018,9
T2_moron,moron OR morons OR moronic,2019,10
T2_moron,moron OR morons OR moronic,2020,4
T2_moron,moron OR morons OR moronic,2021,4
T2_moron,moron OR morons OR moronic,2022,10
T2_moron,moron OR morons OR moronic,2023,8
T2_moron,moron OR morons OR moronic,2024,9
T2_imbecile,imbecile OR imbeciles OR imbecility,1950,0
T2_imbecile,imbecile OR imbeciles OR imbecility,1951,2
T2_imbecile,imbecile OR imbeciles OR imbecility,1952,4
T2_imbecile,imbecile OR imbeciles OR imbecility,1953,0
T2_imbecile,imbecile OR imbeciles OR imbecility,1954,8
T2_imbecile,imbecile OR imbeciles OR imbecility,1955,4
T2_imbecile,imbecile OR imbeciles OR imbecility,1956,3
T2_imbecile,imbecile OR imbeciles OR imbecility,1957,4
T2_imbecile,imbecile OR imbeciles OR imbecility,1958,6
T2_imbecile,imbecile OR imbeciles OR imbecility,1959,5
T2_imbecile,imbecile OR imbeciles OR imbecility,1960,2
T2_imbecile,imbecile OR imbeciles OR imbecility,1961,9
T2_imbecile,imbecile OR imbeciles OR imbecility,1962,2
T2_imbecile,imbecile OR imbeciles OR imbecility,1963,1
T2_imbecile,imbecile OR imbeciles OR imbecility,1964,2
T2_imbecile,imbecile OR imbeciles OR imbecility,1965,2
T2_imbecile,imbecile OR imbeciles OR imbecility,1966,4
T2_imbecile,imbecile OR imbeciles OR imbecility,1967,3
T2_imbecile,imbecile OR imbeciles OR imbecility,1968,8
T2_imbecile,imbecile OR imbeciles OR imbecility,1969,1
T2_imbecile,imbecile OR imbeciles OR imbecility,1970,0
T2_imbecile,imbecile OR imbeciles OR imbecility,1971,2
T2_imbecile,imbecile OR imbeciles OR imbecility,1972,1
T2_imbecile,imbecile OR imbeciles OR imbecility,1973,2
T2_imbecile,imbecile OR imbeciles OR imbecility,1974,1
T2_imbecile,imbecile OR imbeciles OR imbecility,1975,2
T2_imbecile,imbecile OR imbeciles OR imbecility,1976,3
T2_imbecile,imbecile OR imbeciles OR imbecility,1977,2
T2_imbecile,imbecile OR imbeciles OR imbecility,1978,5
T2_imbecile,imbecile OR imbeciles OR imbecility,1979,4
T2_imbecile,imbecile OR imbeciles OR imbecility,1980,3
T2_imbecile,imbecile OR imbeciles OR imbecility,1981,3
T2_imbecile,imbecile OR imbeciles OR imbecility,1982,0
T2_imbecile,imbecile OR imbeciles OR imbecility,1983,2
T2_imbecile,imbecile OR imbeciles OR imbecility,1984,1
T2_imbecile,imbecile OR imbeciles OR imbecility,1985,3
T2_imbecile,imbecile OR imbeciles OR imbecility,1986,2
T2_imbecile,imbecile OR imbeciles OR imbecility,1987,4
T2_imbecile,imbecile OR imbeciles OR imbecility,1988,5
T2_imbecile,imbecile OR imbeciles OR imbecility,1989,4
T2_imbecile,imbecile OR imbeciles OR imbecility,1990,2
T2_imbecile,imbecile OR imbeciles OR imbecility,1991,1
T2_imbecile,imbecile OR imbeciles OR imbecility,1992,1
T2_imbecile,imbecile OR imbeciles OR imbecility,1993,1
T2_imbecile,imbecile OR imbeciles OR imbecility,1994,3
T2_imbecile,imbecile OR imbeciles OR imbecility,1995,2
T2_imbecile,imbecile OR imbeciles OR imbecility,1996,1
T2_imbecile,imbecile OR imbeciles OR imbecility,1997,2
T2_imbecile,imbecile OR imbeciles OR imbecility,1998,1
T2_imbecile,imbecile OR imbeciles OR imbecility,1999,2
T2_imbecile,imbecile OR imbeciles OR imbecility,2000,1
T2_imbecile,imbecile OR imbeciles OR imbecility,2001,1
T2_imbecile,imbecile OR imbeciles OR imbecility,2002,1
T2_imbecile,imbecile OR imbeciles OR imbecility,2003,1
T2_imbecile,imbecile OR imbeciles OR imbecility,2004,3
T2_imbecile,imbecile OR imbeciles OR imbecility,2005,1
T2_imbecile,imbecile OR imbeciles OR imbecility,2006,1
T2_imbecile,imbecile OR imbeciles OR imbecility,2007,1
T2_imbecile,imbecile OR imbeciles OR imbecility,2008,0
T2_imbecile,imbecile OR imbeciles OR imbecility,2009,0
T2_imbecile,imbecile OR imbeciles OR imbecility,2010,0
T2_imbecile,imbecile OR imbeciles OR imbecility,2011,1
T2_imbecile,imbecile OR imbeciles OR imbecility,2012,0
T2_imbecile,imbecile OR imbeciles OR imbecility,2013,1
T2_imbecile,imbecile OR imbeciles OR imbecility,2014,2
T2_imbecile,imbecile OR imbeciles OR imbecility,2015,1
T2_imbecile,imbecile OR imbeciles OR imbecility,2016,0
T2_imbecile,imbecile OR imbeciles OR imbecility,2017,0
T2_imbecile,imbecile OR imbeciles OR imbecility,2018,0
T2_imbecile,imbecile OR imbeciles OR imbecility,2019,0
T2_imbecile,imbecile OR imbeciles OR imbecility,2020,2
T2_imbecile,imbecile OR imbeciles OR imbecility,2021,1
T2_imbecile,imbecile OR imbeciles OR imbecility,2022,0
T2_imbecile,imbecile OR imbeciles OR imbecility,2023,0
T2_imbecile,imbecile OR imbeciles OR imbecility,2024,0
T2_idiocy_clinical,"idiocy OR ""Mongolian idiocy"" OR ""amaurotic idiocy""",1950,6
T2_idiocy_clinical,"idiocy OR ""Mongolian idiocy"" OR ""amaurotic idiocy""",1951,13
T2_idiocy_clinical,"idiocy OR ""Mongolian idiocy"" OR ""amaurotic idiocy""",1952,18
T2_idiocy_clinical,"idiocy OR ""Mongolian idiocy"" OR ""amaurotic idiocy""",1953,15
T2_idiocy_clinical,"idiocy OR ""Mongolian idiocy"" OR ""amaurotic idiocy""",1954,20
T2_idiocy_clinical,"idiocy OR ""Mongolian idiocy"" OR ""amaurotic idiocy""",1955,18
T2_idiocy_clinical,"idiocy OR ""Mongolian idiocy"" OR ""amaurotic idiocy""",1956,17
T2_idiocy_clinical,"idiocy OR ""Mongolian idiocy"" OR ""amaurotic idiocy""",1957,16
T2_idiocy_clinical,"idiocy OR ""Mongolian idiocy"" OR ""amaurotic idiocy""",1958,25
T2_idiocy_clinical,"idiocy OR ""Mongolian idiocy"" OR ""amaurotic idiocy""",1959,18
T2_idiocy_clinical,"idiocy OR ""Mongolian idiocy"" OR ""amaurotic idiocy""",1960,23
T2_idiocy_clinical,"idiocy OR ""Mongolian idiocy"" OR ""amaurotic idiocy""",1961,19
T2_idiocy_clinical,"idiocy OR ""Mongolian idiocy"" OR ""amaurotic idiocy""",1962,32
T2_idiocy_clinical,"idiocy OR ""Mongolian idiocy"" OR ""amaurotic idiocy""",1963,57
T2_idiocy_clinical,"idiocy OR ""Mongolian idiocy"" OR ""amaurotic idiocy""",1964,60
T2_idiocy_clinical,"idiocy OR ""Mongolian idiocy"" OR ""amaurotic idiocy""",1965,35
T2_idiocy_clinical,"idiocy OR ""Mongolian idiocy"" OR ""amaurotic idiocy""",1966,12
T2_idiocy_clinical,"idiocy OR ""Mongolian idiocy"" OR ""amaurotic idiocy""",1967,20
T2_idiocy_clinical,"idiocy OR ""Mongolian idiocy"" OR ""amaurotic idiocy""",1968,20
T2_idiocy_clinical,"idiocy OR ""Mongolian idiocy"" OR ""amaurotic idiocy""",1969,16
T2_idiocy_clinical,"idiocy OR ""Mongolian idiocy"" OR ""amaurotic idiocy""",1970,11
T2_idiocy_clinical,"idiocy OR ""Mongolian idiocy"" OR ""amaurotic idiocy""",1971,16
T2_idiocy_clinical,"idiocy OR ""Mongolian idiocy"" OR ""amaurotic idiocy""",1972,12
T2_idiocy_clinical,"idiocy OR ""Mongolian idiocy"" OR ""amaurotic idiocy""",1973,12
T2_idiocy_clinical,"idiocy OR ""Mongolian idiocy"" OR ""amaurotic idiocy""",1974,11
T2_idiocy_clinical,"idiocy OR ""Mongolian idiocy"" OR ""amaurotic idiocy""",1975,12
T2_idiocy_clinical,"idiocy OR ""Mongolian idiocy"" OR ""amaurotic idiocy""",1976,6
T2_idiocy_clinical,"idiocy OR ""Mongolian idiocy"" OR ""amaurotic idiocy""",1977,2
T2_idiocy_clinical,"idiocy OR ""Mongolian idiocy"" OR ""amaurotic idiocy""",1978,8
T2_idiocy_clinical,"idiocy OR ""Mongolian idiocy"" OR ""amaurotic idiocy""",1979,2
T2_idiocy_clinical,"idiocy OR ""Mongolian idiocy"" OR ""amaurotic idiocy""",1980,1
T2_idiocy_clinical,"idiocy OR ""Mongolian idiocy"" OR ""amaurotic idiocy""",1981,3
T2_idiocy_clinical,"idiocy OR ""Mongolian idiocy"" OR ""amaurotic idiocy""",1982,2
T2_idiocy_clinical,"idiocy OR ""Mongolian idiocy"" OR ""amaurotic idiocy""",1983,1
T2_idiocy_clinical,"idiocy OR ""Mongolian idiocy"" OR ""amaurotic idiocy""",1984,2
T2_idiocy_clinical,"idiocy OR ""Mongolian idiocy"" OR ""amaurotic idiocy""",1985,4
T2_idiocy_clinical,"idiocy OR ""Mongolian idiocy"" OR ""amaurotic idiocy""",1986,4
T2_idiocy_clinical,"idiocy OR ""Mongolian idiocy"" OR ""amaurotic idiocy""",1987,0
T2_idiocy_clinical,"idiocy OR ""Mongolian idiocy"" OR ""amaurotic idiocy""",1988,1
T2_idiocy_clinical,"idiocy OR ""Mongolian idiocy"" OR ""amaurotic idiocy""",1989,3
T2_idiocy_clinical,"idiocy OR ""Mongolian idiocy"" OR ""amaurotic idiocy""",1990,0
T2_idiocy_clinical,"idiocy OR ""Mongolian idiocy"" OR ""amaurotic idiocy""",1991,0
T2_idiocy_clinical,"idiocy OR ""Mongolian idiocy"" OR ""amaurotic idiocy""",1992,1
T2_idiocy_clinical,"idiocy OR ""Mongolian idiocy"" OR ""amaurotic idiocy""",1993,0
T2_idiocy_clinical,"idiocy OR ""Mongolian idiocy"" OR ""amaurotic idiocy""",1994,0
T2_idiocy_clinical,"idiocy OR ""Mongolian idiocy"" OR ""amaurotic idiocy""",1995,1
T2_idiocy_clinical,"idiocy OR ""Mongolian idiocy"" OR ""amaurotic idiocy""",1996,5
T2_idiocy_clinical,"idiocy OR ""Mongolian idiocy"" OR ""amaurotic idiocy""",1997,1
T2_idiocy_clinical,"idiocy OR ""Mongolian idiocy"" OR ""amaurotic idiocy""",1998,4
T2_idiocy_clinical,"idiocy OR ""Mongolian idiocy"" OR ""amaurotic idiocy""",1999,4
T2_idiocy_clinical,"idiocy OR ""Mongolian idiocy"" OR ""amaurotic idiocy""",2000,2
T2_idiocy_clinical,"idiocy OR ""Mongolian idiocy"" OR ""amaurotic idiocy""",2001,3
T2_idiocy_clinical,"idiocy OR ""Mongolian idiocy"" OR ""amaurotic idiocy""",2002,4
T2_idiocy_clinical,"idiocy OR ""Mongolian idiocy"" OR ""amaurotic idiocy""",2003,2
T2_idiocy_clinical,"idiocy OR ""Mongolian idiocy"" OR ""amaurotic idiocy""",2004,2
T2_idiocy_clinical,"idiocy OR ""Mongolian idiocy"" OR ""amaurotic idiocy""",2005,1
T2_idiocy_clinical,"idiocy OR ""Mongolian idiocy"" OR ""amaurotic idiocy""",2006,1
T2_idiocy_clinical,"idiocy OR ""Mongolian idiocy"" OR ""amaurotic idiocy""",2007,2
T2_idiocy_clinical,"idiocy OR ""Mongolian idiocy"" OR ""amaurotic idiocy""",2008,0
T2_idiocy_clinical,"idiocy OR ""Mongolian idiocy"" OR ""amaurotic idiocy""",2009,1
T2_idiocy_clinical,"idiocy OR ""Mongolian idiocy"" OR ""amaurotic idiocy""",2010,2
T2_idiocy_clinical,"idiocy OR ""Mongolian idiocy"" OR ""amaurotic idiocy""",2011,2
T2_idiocy_clinical,"idiocy OR ""Mongolian idiocy"" OR ""amaurotic idiocy""",2012,1
T2_idiocy_clinical,"idiocy OR ""Mongolian idiocy"" OR ""amaurotic idiocy""",2013,1
T2_idiocy_clinical,"idiocy OR ""Mongolian idiocy"" OR ""amaurotic idiocy""",2014,0
T2_idiocy_clinical,"idiocy OR ""Mongolian idiocy"" OR ""amaurotic idiocy""",2015,2
T2_idiocy_clinical,"idiocy OR ""Mongolian idiocy"" OR ""amaurotic idiocy""",2016,0
T2_idiocy_clinical,"idiocy OR ""Mongolian idiocy"" OR ""amaurotic idiocy""",2017,5
T2_idiocy_clinical,"idiocy OR ""Mongolian idiocy"" OR ""amaurotic idiocy""",2018,0
T2_idiocy_clinical,"idiocy OR ""Mongolian idiocy"" OR ""amaurotic idiocy""",2019,4
T2_idiocy_clinical,"idiocy OR ""Mongolian idiocy"" OR ""amaurotic idiocy""",2020,1
T2_idiocy_clinical,"idiocy OR ""Mongolian idiocy"" OR ""amaurotic idiocy""",2021,0
T2_idiocy_clinical,"idiocy OR ""Mongolian idiocy"" OR ""amaurotic idiocy""",2022,1
T2_idiocy_clinical,"idiocy OR ""Mongolian idiocy"" OR ""amaurotic idiocy""",2023,3
T2_idiocy_clinical,"idiocy OR ""Mongolian idiocy"" OR ""amaurotic idiocy""",2024,2
T2_feeble_minded,"""feeble-minded"" OR ""feeble minded"" OR feeblemindedness OR ""feeble-mindedness""",1950,1
T2_feeble_minded,"""feeble-minded"" OR ""feeble minded"" OR feeblemindedness OR ""feeble-mindedness""",1951,4
T2_feeble_minded,"""feeble-minded"" OR ""feeble minded"" OR feeblemindedness OR ""feeble-mindedness""",1952,5
T2_feeble_minded,"""feeble-minded"" OR ""feeble minded"" OR feeblemindedness OR ""feeble-mindedness""",1953,2
T2_feeble_minded,"""feeble-minded"" OR ""feeble minded"" OR feeblemindedness OR ""feeble-mindedness""",1954,4
T2_feeble_minded,"""feeble-minded"" OR ""feeble minded"" OR feeblemindedness OR ""feeble-mindedness""",1955,3
T2_feeble_minded,"""feeble-minded"" OR ""feeble minded"" OR feeblemindedness OR ""feeble-mindedness""",1956,3
T2_feeble_minded,"""feeble-minded"" OR ""feeble minded"" OR feeblemindedness OR ""feeble-mindedness""",1957,5
T2_feeble_minded,"""feeble-minded"" OR ""feeble minded"" OR feeblemindedness OR ""feeble-mindedness""",1958,2
T2_feeble_minded,"""feeble-minded"" OR ""feeble minded"" OR feeblemindedness OR ""feeble-mindedness""",1959,9
T2_feeble_minded,"""feeble-minded"" OR ""feeble minded"" OR feeblemindedness OR ""feeble-mindedness""",1960,2
T2_feeble_minded,"""feeble-minded"" OR ""feeble minded"" OR feeblemindedness OR ""feeble-mindedness""",1961,5
T2_feeble_minded,"""feeble-minded"" OR ""feeble minded"" OR feeblemindedness OR ""feeble-mindedness""",1962,3
T2_feeble_minded,"""feeble-minded"" OR ""feeble minded"" OR feeblemindedness OR ""feeble-mindedness""",1963,4
T2_feeble_minded,"""feeble-minded"" OR ""feeble minded"" OR feeblemindedness OR ""feeble-mindedness""",1964,2
T2_feeble_minded,"""feeble-minded"" OR ""feeble minded"" OR feeblemindedness OR ""feeble-mindedness""",1965,2
T2_feeble_minded,"""feeble-minded"" OR ""feeble minded"" OR feeblemindedness OR ""feeble-mindedness""",1966,1
T2_feeble_minded,"""feeble-minded"" OR ""feeble minded"" OR feeblemindedness OR ""feeble-mindedness""",1967,2
T2_feeble_minded,"""feeble-minded"" OR ""feeble minded"" OR feeblemindedness OR ""feeble-mindedness""",1968,5
T2_feeble_minded,"""feeble-minded"" OR ""feeble minded"" OR feeblemindedness OR ""feeble-mindedness""",1969,1
T2_feeble_minded,"""feeble-minded"" OR ""feeble minded"" OR feeblemindedness OR ""feeble-mindedness""",1970,1
T2_feeble_minded,"""feeble-minded"" OR ""feeble minded"" OR feeblemindedness OR ""feeble-mindedness""",1971,1
T2_feeble_minded,"""feeble-minded"" OR ""feeble minded"" OR feeblemindedness OR ""feeble-mindedness""",1972,0
T2_feeble_minded,"""feeble-minded"" OR ""feeble minded"" OR feeblemindedness OR ""feeble-mindedness""",1973,1
T2_feeble_minded,"""feeble-minded"" OR ""feeble minded"" OR feeblemindedness OR ""feeble-mindedness""",1974,1
T2_feeble_minded,"""feeble-minded"" OR ""feeble minded"" OR feeblemindedness OR ""feeble-mindedness""",1975,4
T2_feeble_minded,"""feeble-minded"" OR ""feeble minded"" OR feeblemindedness OR ""feeble-mindedness""",1976,2
T2_feeble_minded,"""feeble-minded"" OR ""feeble minded"" OR feeblemindedness OR ""feeble-mindedness""",1977,1
T2_feeble_minded,"""feeble-minded"" OR ""feeble minded"" OR feeblemindedness OR ""feeble-mindedness""",1978,1
T2_feeble_minded,"""feeble-minded"" OR ""feeble minded"" OR feeblemindedness OR ""feeble-mindedness""",1979,0
T2_feeble_minded,"""feeble-minded"" OR ""feeble minded"" OR feeblemindedness OR ""feeble-mindedness""",1980,0
T2_feeble_minded,"""feeble-minded"" OR ""feeble minded"" OR feeblemindedness OR ""feeble-mindedness""",1981,2
T2_feeble_minded,"""feeble-minded"" OR ""feeble minded"" OR feeblemindedness OR ""feeble-mindedness""",1982,1
T2_feeble_minded,"""feeble-minded"" OR ""feeble minded"" OR feeblemindedness OR ""feeble-mindedness""",1983,1
T2_feeble_minded,"""feeble-minded"" OR ""feeble minded"" OR feeblemindedness OR ""feeble-mindedness""",1984,1
T2_feeble_minded,"""feeble-minded"" OR ""feeble minded"" OR feeblemindedness OR ""feeble-mindedness""",1985,0
T2_feeble_minded,"""feeble-minded"" OR ""feeble minded"" OR feeblemindedness OR ""feeble-mindedness""",1986,2
T2_feeble_minded,"""feeble-minded"" OR ""feeble minded"" OR feeblemindedness OR ""feeble-mindedness""",1987,1
T2_feeble_minded,"""feeble-minded"" OR ""feeble minded"" OR feeblemindedness OR ""feeble-mindedness""",1988,1
T2_feeble_minded,"""feeble-minded"" OR ""feeble minded"" OR feeblemindedness OR ""feeble-mindedness""",1989,1
T2_feeble_minded,"""feeble-minded"" OR ""feeble minded"" OR feeblemindedness OR ""feeble-mindedness""",1990,1
T2_feeble_minded,"""feeble-minded"" OR ""feeble minded"" OR feeblemindedness OR ""feeble-mindedness""",1991,2
T2_feeble_minded,"""feeble-minded"" OR ""feeble minded"" OR feeblemindedness OR ""feeble-mindedness""",1992,0
T2_feeble_minded,"""feeble-minded"" OR ""feeble minded"" OR feeblemindedness OR ""feeble-mindedness""",1993,1
T2_feeble_minded,"""feeble-minded"" OR ""feeble minded"" OR feeblemindedness OR ""feeble-mindedness""",1994,1
T2_feeble_minded,"""feeble-minded"" OR ""feeble minded"" OR feeblemindedness OR ""feeble-mindedness""",1995,2
T2_feeble_minded,"""feeble-minded"" OR ""feeble minded"" OR feeblemindedness OR ""feeble-mindedness""",1996,0
T2_feeble_minded,"""feeble-minded"" OR ""feeble minded"" OR feeblemindedness OR ""feeble-mindedness""",1997,1
T2_feeble_minded,"""feeble-minded"" OR ""feeble minded"" OR feeblemindedness OR ""feeble-mindedness""",1998,0
T2_feeble_minded,"""feeble-minded"" OR ""feeble minded"" OR feeblemindedness OR ""feeble-mindedness""",1999,0
T2_feeble_minded,"""feeble-minded"" OR ""feeble minded"" OR feeblemindedness OR ""feeble-mindedness""",2000,1
T2_feeble_minded,"""feeble-minded"" OR ""feeble minded"" OR feeblemindedness OR ""feeble-mindedness""",2001,0
T2_feeble_minded,"""feeble-minded"" OR ""feeble minded"" OR feeblemindedness OR ""feeble-mindedness""",2002,2
T2_feeble_minded,"""feeble-minded"" OR ""feeble minded"" OR feeblemindedness OR ""feeble-mindedness""",2003,0
T2_feeble_minded,"""feeble-minded"" OR ""feeble minded"" OR feeblemindedness OR ""feeble-mindedness""",2004,4
T2_feeble_minded,"""feeble-minded"" OR ""feeble minded"" OR feeblemindedness OR ""feeble-mindedness""",2005,3
T2_feeble_minded,"""feeble-minded"" OR ""feeble minded"" OR feeblemindedness OR ""feeble-mindedness""",2006,0
T2_feeble_minded,"""feeble-minded"" OR ""feeble minded"" OR feeblemindedness OR ""feeble-mindedness""",2007,0
T2_feeble_minded,"""feeble-minded"" OR ""feeble minded"" OR feeblemindedness OR ""feeble-mindedness""",2008,0
T2_feeble_minded,"""feeble-minded"" OR ""feeble minded"" OR feeblemindedness OR ""feeble-mindedness""",2009,0
T2_feeble_minded,"""feeble-minded"" OR ""feeble minded"" OR feeblemindedness OR ""feeble-mindedness""",2010,2
T2_feeble_minded,"""feeble-minded"" OR ""feeble minded"" OR feeblemindedness OR ""feeble-mindedness""",2011,1
T2_feeble_minded,"""feeble-minded"" OR ""feeble minded"" OR feeblemindedness OR ""feeble-mindedness""",2012,1
T2_feeble_minded,"""feeble-minded"" OR ""feeble minded"" OR feeblemindedness OR ""feeble-mindedness""",2013,1
T2_feeble_minded,"""feeble-minded"" OR ""feeble minded"" OR feeblemindedness OR ""feeble-mindedness""",2014,2
T2_feeble_minded,"""feeble-minded"" OR ""feeble minded"" OR feeblemindedness OR ""feeble-mindedness""",2015,1
T2_feeble_minded,"""feeble-minded"" OR ""feeble minded"" OR feeblemindedness OR ""feeble-mindedness""",2016,3
T2_feeble_minded,"""feeble-minded"" OR ""feeble minded"" OR feeblemindedness OR ""feeble-mindedness""",2017,1
T2_feeble_minded,"""feeble-minded"" OR ""feeble minded"" OR feeblemindedness OR ""feeble-mindedness""",2018,0
T2_feeble_minded,"""feeble-minded"" OR ""feeble minded"" OR feeblemindedness OR ""feeble-mindedness""",2019,1
T2_feeble_minded,"""feeble-minded"" OR ""feeble minded"" OR feeblemindedness OR ""feeble-mindedness""",2020,0
T2_feeble_minded,"""feeble-minded"" OR ""feeble minded"" OR feeblemindedness OR ""feeble-mindedness""",2021,0
T2_feeble_minded,"""feeble-minded"" OR ""feeble minded"" OR feeblemindedness OR ""feeble-mindedness""",2022,2
T2_feeble_minded,"""feeble-minded"" OR ""feeble minded"" OR feeblemindedness OR ""feeble-mindedness""",2023,0
T2_feeble_minded,"""feeble-minded"" OR ""feeble minded"" OR feeblemindedness OR ""feeble-mindedness""",2024,3
T2_mental_defective,"""mental defective"" OR ""mental defectives"" OR ""mental deficiency""",1950,128
T2_mental_defective,"""mental defective"" OR ""mental defectives"" OR ""mental deficiency""",1951,199
T2_mental_defective,"""mental defective"" OR ""mental defectives"" OR ""mental deficiency""",1952,184
T2_mental_defective,"""mental defective"" OR ""mental defectives"" OR ""mental deficiency""",1953,214
T2_mental_defective,"""mental defective"" OR ""mental defectives"" OR ""mental deficiency""",1954,239
T2_mental_defective,"""mental defective"" OR ""mental defectives"" OR ""mental deficiency""",1955,215
T2_mental_defective,"""mental defective"" OR ""mental defectives"" OR ""mental deficiency""",1956,247
T2_mental_defective,"""mental defective"" OR ""mental defectives"" OR ""mental deficiency""",1957,287
T2_mental_defective,"""mental defective"" OR ""mental defectives"" OR ""mental deficiency""",1958,281
T2_mental_defective,"""mental defective"" OR ""mental defectives"" OR ""mental deficiency""",1959,277
T2_mental_defective,"""mental defective"" OR ""mental defectives"" OR ""mental deficiency""",1960,254
T2_mental_defective,"""mental defective"" OR ""mental defectives"" OR ""mental deficiency""",1961,279
T2_mental_defective,"""mental defective"" OR ""mental defectives"" OR ""mental deficiency""",1962,313
T2_mental_defective,"""mental defective"" OR ""mental defectives"" OR ""mental deficiency""",1963,183
T2_mental_defective,"""mental defective"" OR ""mental defectives"" OR ""mental deficiency""",1964,26
T2_mental_defective,"""mental defective"" OR ""mental defectives"" OR ""mental deficiency""",1965,42
T2_mental_defective,"""mental defective"" OR ""mental defectives"" OR ""mental deficiency""",1966,27
T2_mental_defective,"""mental defective"" OR ""mental defectives"" OR ""mental deficiency""",1967,27
T2_mental_defective,"""mental defective"" OR ""mental defectives"" OR ""mental deficiency""",1968,34
T2_mental_defective,"""mental defective"" OR ""mental defectives"" OR ""mental deficiency""",1969,17
T2_mental_defective,"""mental defective"" OR ""mental defectives"" OR ""mental deficiency""",1970,13
T2_mental_defective,"""mental defective"" OR ""mental defectives"" OR ""mental deficiency""",1971,14
T2_mental_defective,"""mental defective"" OR ""mental defectives"" OR ""mental deficiency""",1972,16
T2_mental_defective,"""mental defective"" OR ""mental defectives"" OR ""mental deficiency""",1973,9
T2_mental_defective,"""mental defective"" OR ""mental defectives"" OR ""mental deficiency""",1974,17
T2_mental_defective,"""mental defective"" OR ""mental defectives"" OR ""mental deficiency""",1975,30
T2_mental_defective,"""mental defective"" OR ""mental defectives"" OR ""mental deficiency""",1976,31
T2_mental_defective,"""mental defective"" OR ""mental defectives"" OR ""mental deficiency""",1977,27
T2_mental_defective,"""mental defective"" OR ""mental defectives"" OR ""mental deficiency""",1978,27
T2_mental_defective,"""mental defective"" OR ""mental defectives"" OR ""mental deficiency""",1979,27
T2_mental_defective,"""mental defective"" OR ""mental defectives"" OR ""mental deficiency""",1980,25
T2_mental_defective,"""mental defective"" OR ""mental defectives"" OR ""mental deficiency""",1981,35
T2_mental_defective,"""mental defective"" OR ""mental defectives"" OR ""mental deficiency""",1982,15
T2_mental_defective,"""mental defective"" OR ""mental defectives"" OR ""mental deficiency""",1983,13
T2_mental_defective,"""mental defective"" OR ""mental defectives"" OR ""mental deficiency""",1984,16
T2_mental_defective,"""mental defective"" OR ""mental defectives"" OR ""mental deficiency""",1985,14
T2_mental_defective,"""mental defective"" OR ""mental defectives"" OR ""mental deficiency""",1986,19
T2_mental_defective,"""mental defective"" OR ""mental defectives"" OR ""mental deficiency""",1987,18
T2_mental_defective,"""mental defective"" OR ""mental defectives"" OR ""mental deficiency""",1988,21
T2_mental_defective,"""mental defective"" OR ""mental defectives"" OR ""mental deficiency""",1989,20
T2_mental_defective,"""mental defective"" OR ""mental defectives"" OR ""mental deficiency""",1990,29
T2_mental_defective,"""mental defective"" OR ""mental defectives"" OR ""mental deficiency""",1991,25
T2_mental_defective,"""mental defective"" OR ""mental defectives"" OR ""mental deficiency""",1992,20
T2_mental_defective,"""mental defective"" OR ""mental defectives"" OR ""mental deficiency""",1993,19
T2_mental_defective,"""mental defective"" OR ""mental defectives"" OR ""mental deficiency""",1994,9
T2_mental_defective,"""mental defective"" OR ""mental defectives"" OR ""mental deficiency""",1995,17
T2_mental_defective,"""mental defective"" OR ""mental defectives"" OR ""mental deficiency""",1996,27
T2_mental_defective,"""mental defective"" OR ""mental defectives"" OR ""mental deficiency""",1997,16
T2_mental_defective,"""mental defective"" OR ""mental defectives"" OR ""mental deficiency""",1998,13
T2_mental_defective,"""mental defective"" OR ""mental defectives"" OR ""mental deficiency""",1999,14
T2_mental_defective,"""mental defective"" OR ""mental defectives"" OR ""mental deficiency""",2000,16
T2_mental_defective,"""mental defective"" OR ""mental defectives"" OR ""mental deficiency""",2001,10
T2_mental_defective,"""mental defective"" OR ""mental defectives"" OR ""mental deficiency""",2002,10
T2_mental_defective,"""mental defective"" OR ""mental defectives"" OR ""mental deficiency""",2003,15
T2_mental_defective,"""mental defective"" OR ""mental defectives"" OR ""mental deficiency""",2004,15
T2_mental_defective,"""mental defective"" OR ""mental defectives"" OR ""mental deficiency""",2005,13
T2_mental_defective,"""mental defective"" OR ""mental defectives"" OR ""mental deficiency""",2006,17
T2_mental_defective,"""mental defective"" OR ""mental defectives"" OR ""mental deficiency""",2007,15
T2_mental_defective,"""mental defective"" OR ""mental defectives"" OR ""mental deficiency""",2008,8
T2_mental_defective,"""mental defective"" OR ""mental defectives"" OR ""mental deficiency""",2009,13
T2_mental_defective,"""mental defective"" OR ""mental defectives"" OR ""mental deficiency""",2010,16
T2_mental_defective,"""mental defective"" OR ""mental defectives"" OR ""mental deficiency""",2011,12
T2_mental_defective,"""mental defective"" OR ""mental defectives"" OR ""mental deficiency""",2012,8
T2_mental_defective,"""mental defective"" OR ""mental defectives"" OR ""mental deficiency""",2013,6
T2_mental_defective,"""mental defective"" OR ""mental defectives"" OR ""mental deficiency""",2014,8
T2_mental_defective,"""mental defective"" OR ""mental defectives"" OR ""mental deficiency""",2015,9
T2_mental_defective,"""mental defective"" OR ""mental defectives"" OR ""mental deficiency""",2016,10
T2_mental_defective,"""mental defective"" OR ""mental defectives"" OR ""mental deficiency""",2017,8
T2_mental_defective,"""mental defective"" OR ""mental defectives"" OR ""mental deficiency""",2018,5
T2_mental_defective,"""mental defective"" OR ""mental defectives"" OR ""mental deficiency""",2019,6
T2_mental_defective,"""mental defective"" OR ""mental defectives"" OR ""mental deficiency""",2020,5
T2_mental_defective,"""mental defective"" OR ""mental defectives"" OR ""mental deficiency""",2021,10
T2_mental_defective,"""mental defective"" OR ""mental defectives"" OR ""mental deficiency""",2022,5
T2_mental_defective,"""mental defective"" OR ""mental defectives"" OR ""mental deficiency""",2023,3
T2_mental_defective,"""mental defective"" OR ""mental defectives"" OR ""mental deficiency""",2024,3
T2_cretin,cretin OR cretins OR cretinism OR cretinoid,1950,16
T2_cretin,cretin OR cretins OR cretinism OR cretinoid,1951,10
T2_cretin,cretin OR cretins OR cretinism OR cretinoid,1952,17
T2_cretin,cretin OR cretins OR cretinism OR cretinoid,1953,19
T2_cretin,cretin OR cretins OR cretinism OR cretinoid,1954,15
T2_cretin,cretin OR cretins OR cretinism OR cretinoid,1955,17
T2_cretin,cretin OR cretins OR cretinism OR cretinoid,1956,32
T2_cretin,cretin OR cretins OR cretinism OR cretinoid,1957,39
T2_cretin,cretin OR cretins OR cretinism OR cretinoid,1958,42
T2_cretin,cretin OR cretins OR cretinism OR cretinoid,1959,26
T2_cretin,cretin OR cretins OR cretinism OR cretinoid,1960,24
T2_cretin,cretin OR cretins OR cretinism OR cretinoid,1961,23
T2_cretin,cretin OR cretins OR cretinism OR cretinoid,1962,23
T2_cretin,cretin OR cretins OR cretinism OR cretinoid,1963,34
T2_cretin,cretin OR cretins OR cretinism OR cretinoid,1964,34
T2_cretin,cretin OR cretins OR cretinism OR cretinoid,1965,23
T2_cretin,cretin OR cretins OR cretinism OR cretinoid,1966,9
T2_cretin,cretin OR cretins OR cretinism OR cretinoid,1967,7
T2_cretin,cretin OR cretins OR cretinism OR cretinoid,1968,7
T2_cretin,cretin OR cretins OR cretinism OR cretinoid,1969,11
T2_cretin,cretin OR cretins OR cretinism OR cretinoid,1970,8
T2_cretin,cretin OR cretins OR cretinism OR cretinoid,1971,16
T2_cretin,cretin OR cretins OR cretinism OR cretinoid,1972,31
T2_cretin,cretin OR cretins OR cretinism OR cretinoid,1973,6
T2_cretin,cretin OR cretins OR cretinism OR cretinoid,1974,19
T2_cretin,cretin OR cretins OR cretinism OR cretinoid,1975,18
T2_cretin,cretin OR cretins OR cretinism OR cretinoid,1976,14
T2_cretin,cretin OR cretins OR cretinism OR cretinoid,1977,18
T2_cretin,cretin OR cretins OR cretinism OR cretinoid,1978,7
T2_cretin,cretin OR cretins OR cretinism OR cretinoid,1979,16
T2_cretin,cretin OR cretins OR cretinism OR cretinoid,1980,8
T2_cretin,cretin OR cretins OR cretinism OR cretinoid,1981,16
T2_cretin,cretin OR cretins OR cretinism OR cretinoid,1982,9
T2_cretin,cretin OR cretins OR cretinism OR cretinoid,1983,18
T2_cretin,cretin OR cretins OR cretinism OR cretinoid,1984,9
T2_cretin,cretin OR cretins OR cretinism OR cretinoid,1985,13
T2_cretin,cretin OR cretins OR cretinism OR cretinoid,1986,12
T2_cretin,cretin OR cretins OR cretinism OR cretinoid,1987,12
T2_cretin,cretin OR cretins OR cretinism OR cretinoid,1988,18
T2_cretin,cretin OR cretins OR cretinism OR cretinoid,1989,12
T2_cretin,cretin OR cretins OR cretinism OR cretinoid,1990,14
T2_cretin,cretin OR cretins OR cretinism OR cretinoid,1991,17
T2_cretin,cretin OR cretins OR cretinism OR cretinoid,1992,13
T2_cretin,cretin OR cretins OR cretinism OR cretinoid,1993,29
T2_cretin,cretin OR cretins OR cretinism OR cretinoid,1994,24
T2_cretin,cretin OR cretins OR cretinism OR cretinoid,1995,17
T2_cretin,cretin OR cretins OR cretinism OR cretinoid,1996,15
T2_cretin,cretin OR cretins OR cretinism OR cretinoid,1997,22
T2_cretin,cretin OR cretins OR cretinism OR cretinoid,1998,21
T2_cretin,cretin OR cretins OR cretinism OR cretinoid,1999,13
T2_cretin,cretin OR cretins OR cretinism OR cretinoid,2000,7
T2_cretin,cretin OR cretins OR cretinism OR cretinoid,2001,18
T2_cretin,cretin OR cretins OR cretinism OR cretinoid,2002,6
T2_cretin,cretin OR cretins OR cretinism OR cretinoid,2003,10
T2_cretin,cretin OR cretins OR cretinism OR cretinoid,2004,7
T2_cretin,cretin OR cretins OR cretinism OR cretinoid,2005,10
T2_cretin,cretin OR cretins OR cretinism OR cretinoid,2006,11
T2_cretin,cretin OR cretins OR cretinism OR cretinoid,2007,12
T2_cretin,cretin OR cretins OR cretinism OR cretinoid,2008,13
T2_cretin,cretin OR cretins OR cretinism OR cretinoid,2009,6
T2_cretin,cretin OR cretins OR cretinism OR cretinoid,2010,10
T2_cretin,cretin OR cretins OR cretinism OR cretinoid,2011,11
T2_cretin,cretin OR cretins OR cretinism OR cretinoid,2012,17
T2_cretin,cretin OR cretins OR cretinism OR cretinoid,2013,13
T2_cretin,cretin OR cretins OR cretinism OR cretinoid,2014,6
T2_cretin,cretin OR cretins OR cretinism OR cretinoid,2015,10
T2_cretin,cretin OR cretins OR cretinism OR cretinoid,2016,11
T2_cretin,cretin OR cretins OR cretinism OR cretinoid,2017,13
T2_cretin,cretin OR cretins OR cretinism OR cretinoid,2018,7
T2_cretin,cretin OR cretins OR cretinism OR cretinoid,2019,11
T2_cretin,cretin OR cretins OR cretinism OR cretinoid,2020,10
T2_cretin,cretin OR cretins OR cretinism OR cretinoid,2021,14
T2_cretin,cretin OR cretins OR cretinism OR cretinoid,2022,15
T2_cretin,cretin OR cretins OR cretinism OR cretinoid,2023,11
T2_cretin,cretin OR cretins OR cretinism OR cretinoid,2024,7
T2_mongoloid_idiot,"""mongoloid idiot"" OR ""mongoloid idiocy"" OR ""mongol idiocy""",1950,1
T2_mongoloid_idiot,"""mongoloid idiot"" OR ""mongoloid idiocy"" OR ""mongol idiocy""",1951,0
T2_mongoloid_idiot,"""mongoloid idiot"" OR ""mongoloid idiocy"" OR ""mongol idiocy""",1952,2
T2_mongoloid_idiot,"""mongoloid idiot"" OR ""mongoloid idiocy"" OR ""mongol idiocy""",1953,2
T2_mongoloid_idiot,"""mongoloid idiot"" OR ""mongoloid idiocy"" OR ""mongol idiocy""",1954,0
T2_mongoloid_idiot,"""mongoloid idiot"" OR ""mongoloid idiocy"" OR ""mongol idiocy""",1955,0
T2_mongoloid_idiot,"""mongoloid idiot"" OR ""mongoloid idiocy"" OR ""mongol idiocy""",1956,1
T2_mongoloid_idiot,"""mongoloid idiot"" OR ""mongoloid idiocy"" OR ""mongol idiocy""",1957,0
T2_mongoloid_idiot,"""mongoloid idiot"" OR ""mongoloid idiocy"" OR ""mongol idiocy""",1958,1
T2_mongoloid_idiot,"""mongoloid idiot"" OR ""mongoloid idiocy"" OR ""mongol idiocy""",1959,1
T2_mongoloid_idiot,"""mongoloid idiot"" OR ""mongoloid idiocy"" OR ""mongol idiocy""",1960,1
T2_mongoloid_idiot,"""mongoloid idiot"" OR ""mongoloid idiocy"" OR ""mongol idiocy""",1961,0
T2_mongoloid_idiot,"""mongoloid idiot"" OR ""mongoloid idiocy"" OR ""mongol idiocy""",1962,1
T2_mongoloid_idiot,"""mongoloid idiot"" OR ""mongoloid idiocy"" OR ""mongol idiocy""",1963,3
T2_mongoloid_idiot,"""mongoloid idiot"" OR ""mongoloid idiocy"" OR ""mongol idiocy""",1964,1
T2_mongoloid_idiot,"""mongoloid idiot"" OR ""mongoloid idiocy"" OR ""mongol idiocy""",1965,0
T2_mongoloid_idiot,"""mongoloid idiot"" OR ""mongoloid idiocy"" OR ""mongol idiocy""",1966,0
T2_mongoloid_idiot,"""mongoloid idiot"" OR ""mongoloid idiocy"" OR ""mongol idiocy""",1967,1
T2_mongoloid_idiot,"""mongoloid idiot"" OR ""mongoloid idiocy"" OR ""mongol idiocy""",1968,1
T2_mongoloid_idiot,"""mongoloid idiot"" OR ""mongoloid idiocy"" OR ""mongol idiocy""",1969,0
T2_mongoloid_idiot,"""mongoloid idiot"" OR ""mongoloid idiocy"" OR ""mongol idiocy""",1970,0
T2_mongoloid_idiot,"""mongoloid idiot"" OR ""mongoloid idiocy"" OR ""mongol idiocy""",1971,2
T2_mongoloid_idiot,"""mongoloid idiot"" OR ""mongoloid idiocy"" OR ""mongol idiocy""",1972,0
T2_mongoloid_idiot,"""mongoloid idiot"" OR ""mongoloid idiocy"" OR ""mongol idiocy""",1973,0
T2_mongoloid_idiot,"""mongoloid idiot"" OR ""mongoloid idiocy"" OR ""mongol idiocy""",1974,0
T2_mongoloid_idiot,"""mongoloid idiot"" OR ""mongoloid idiocy"" OR ""mongol idiocy""",1975,0
T2_mongoloid_idiot,"""mongoloid idiot"" OR ""mongoloid idiocy"" OR ""mongol idiocy""",1976,1
T2_mongoloid_idiot,"""mongoloid idiot"" OR ""mongoloid idiocy"" OR ""mongol idiocy""",1977,0
T2_mongoloid_idiot,"""mongoloid idiot"" OR ""mongoloid idiocy"" OR ""mongol idiocy""",1978,0
T2_mongoloid_idiot,"""mongoloid idiot"" OR ""mongoloid idiocy"" OR ""mongol idiocy""",1979,0
T2_mongoloid_idiot,"""mongoloid idiot"" OR ""mongoloid idiocy"" OR ""mongol idiocy""",1980,0
T2_mongoloid_idiot,"""mongoloid idiot"" OR ""mongoloid idiocy"" OR ""mongol idiocy""",1981,0
T2_mongoloid_idiot,"""mongoloid idiot"" OR ""mongoloid idiocy"" OR ""mongol idiocy""",1982,0
T2_mongoloid_idiot,"""mongoloid idiot"" OR ""mongoloid idiocy"" OR ""mongol idiocy""",1983,0
T2_mongoloid_idiot,"""mongoloid idiot"" OR ""mongoloid idiocy"" OR ""mongol idiocy""",1984,0
T2_mongoloid_idiot,"""mongoloid idiot"" OR ""mongoloid idiocy"" OR ""mongol idiocy""",1985,0
T2_mongoloid_idiot,"""mongoloid idiot"" OR ""mongoloid idiocy"" OR ""mongol idiocy""",1986,0
T2_mongoloid_idiot,"""mongoloid idiot"" OR ""mongoloid idiocy"" OR ""mongol idiocy""",1987,0
T2_mongoloid_idiot,"""mongoloid idiot"" OR ""mongoloid idiocy"" OR ""mongol idiocy""",1988,0
T2_mongoloid_idiot,"""mongoloid idiot"" OR ""mongoloid idiocy"" OR ""mongol idiocy""",1989,0
T2_mongoloid_idiot,"""mongoloid idiot"" OR ""mongoloid idiocy"" OR ""mongol idiocy""",1990,0
T2_mongoloid_idiot,"""mongoloid idiot"" OR ""mongoloid idiocy"" OR ""mongol idiocy""",1991,0
T2_mongoloid_idiot,"""mongoloid idiot"" OR ""mongoloid idiocy"" OR ""mongol idiocy""",1992,0
T2_mongoloid_idiot,"""mongoloid idiot"" OR ""mongoloid idiocy"" OR ""mongol idiocy""",1993,0
T2_mongoloid_idiot,"""mongoloid idiot"" OR ""mongoloid idiocy"" OR ""mongol idiocy""",1994,0
T2_mongoloid_idiot,"""mongoloid idiot"" OR ""mongoloid idiocy"" OR ""mongol idiocy""",1995,0
T2_mongoloid_idiot,"""mongoloid idiot"" OR ""mongoloid idiocy"" OR ""mongol idiocy""",1996,0
T2_mongoloid_idiot,"""mongoloid idiot"" OR ""mongoloid idiocy"" OR ""mongol idiocy""",1997,0
T2_mongoloid_idiot,"""mongoloid idiot"" OR ""mongoloid idiocy"" OR ""mongol idiocy""",1998,0
T2_mongoloid_idiot,"""mongoloid idiot"" OR ""mongoloid idiocy"" OR ""mongol idiocy""",1999,0
T2_mongoloid_idiot,"""mongoloid idiot"" OR ""mongoloid idiocy"" OR ""mongol idiocy""",2000,0
T2_mongoloid_idiot,"""mongoloid idiot"" OR ""mongoloid idiocy"" OR ""mongol idiocy""",2001,0
T2_mongoloid_idiot,"""mongoloid idiot"" OR ""mongoloid idiocy"" OR ""mongol idiocy""",2002,0
T2_mongoloid_idiot,"""mongoloid idiot"" OR ""mongoloid idiocy"" OR ""mongol idiocy""",2003,0
T2_mongoloid_idiot,"""mongoloid idiot"" OR ""mongoloid idiocy"" OR ""mongol idiocy""",2004,0
T2_mongoloid_idiot,"""mongoloid idiot"" OR ""mongoloid idiocy"" OR ""mongol idiocy""",2005,0
T2_mongoloid_idiot,"""mongoloid idiot"" OR ""mongoloid idiocy"" OR ""mongol idiocy""",2006,0
T2_mongoloid_idiot,"""mongoloid idiot"" OR ""mongoloid idiocy"" OR ""mongol idiocy""",2007,0
T2_mongoloid_idiot,"""mongoloid idiot"" OR ""mongoloid idiocy"" OR ""mongol idiocy""",2008,0
T2_mongoloid_idiot,"""mongoloid idiot"" OR ""mongoloid idiocy"" OR ""mongol idiocy""",2009,0
T2_mongoloid_idiot,"""mongoloid idiot"" OR ""mongoloid idiocy"" OR ""mongol idiocy""",2010,0
T2_mongoloid_idiot,"""mongoloid idiot"" OR ""mongoloid idiocy"" OR ""mongol idiocy""",2011,0
T2_mongoloid_idiot,"""mongoloid idiot"" OR ""mongoloid idiocy"" OR ""mongol idiocy""",2012,0
T2_mongoloid_idiot,"""mongoloid idiot"" OR ""mongoloid idiocy"" OR ""mongol idiocy""",2013,0
T2_mongoloid_idiot,"""mongoloid idiot"" OR ""mongoloid idiocy"" OR ""mongol idiocy""",2014,0
T2_mongoloid_idiot,"""mongoloid idiot"" OR ""mongoloid idiocy"" OR ""mongol idiocy""",2015,0
T2_mongoloid_idiot,"""mongoloid idiot"" OR ""mongoloid idiocy"" OR ""mongol idiocy""",2016,0
T2_mongoloid_idiot,"""mongoloid idiot"" OR ""mongoloid idiocy"" OR ""mongol idiocy""",2017,0
T2_mongoloid_idiot,"""mongoloid idiot"" OR ""mongoloid idiocy"" OR ""mongol idiocy""",2018,0
T2_mongoloid_idiot,"""mongoloid idiot"" OR ""mongoloid idiocy"" OR ""mongol idiocy""",2019,0
T2_mongoloid_idiot,"""mongoloid idiot"" OR ""mongoloid idiocy"" OR ""mongol idiocy""",2020,0
T2_mongoloid_idiot,"""mongoloid idiot"" OR ""mongoloid idiocy"" OR ""mongol idiocy""",2021,0
T2_mongoloid_idiot,"""mongoloid idiot"" OR ""mongoloid idiocy"" OR ""mongol idiocy""",2022,0
T2_mongoloid_idiot,"""mongoloid idiot"" OR ""mongoloid idiocy"" OR ""mongol idiocy""",2023,0
T2_mongoloid_idiot,"""mongoloid idiot"" OR ""mongoloid idiocy"" OR ""mongol idiocy""",2024,0
T2_homosexuality,homosexuality,1950,8
T2_homosexuality,homosexuality,1951,11
T2_homosexuality,homosexuality,1952,14
T2_homosexuality,homosexuality,1953,20
T2_homosexuality,homosexuality,1954,18
T2_homosexuality,homosexuality,1955,14
T2_homosexuality,homosexuality,1956,23
T2_homosexuality,homosexuality,1957,25
T2_homosexuality,homosexuality,1958,26
T2_homosexuality,homosexuality,1959,25
T2_homosexuality,homosexuality,1960,39
T2_homosexuality,homosexuality,1961,36
T2_homosexuality,homosexuality,1962,43
T2_homosexuality,homosexuality,1963,49
T2_homosexuality,homosexuality,1964,90
T2_homosexuality,homosexuality,1965,67
T2_homosexuality,homosexuality,1966,27
T2_homosexuality,homosexuality,1967,32
T2_homosexuality,homosexuality,1968,25
T2_homosexuality,homosexuality,1969,33
T2_homosexuality,homosexuality,1970,17
T2_homosexuality,homosexuality,1971,18
T2_homosexuality,homosexuality,1972,29
T2_homosexuality,homosexuality,1973,28
T2_homosexuality,homosexuality,1974,17
T2_homosexuality,homosexuality,1975,34
T2_homosexuality,homosexuality,1976,45
T2_homosexuality,homosexuality,1977,42
T2_homosexuality,homosexuality,1978,43
T2_homosexuality,homosexuality,1979,35
T2_homosexuality,homosexuality,1980,50
T2_homosexuality,homosexuality,1981,36
T2_homosexuality,homosexuality,1982,40
T2_homosexuality,homosexuality,1983,51
T2_homosexuality,homosexuality,1984,62
T2_homosexuality,homosexuality,1985,53
T2_homosexuality,homosexuality,1986,52
T2_homosexuality,homosexuality,1987,43
T2_homosexuality,homosexuality,1988,51
T2_homosexuality,homosexuality,1989,54
T2_homosexuality,homosexuality,1990,46
T2_homosexuality,homosexuality,1991,79
T2_homosexuality,homosexuality,1992,67
T2_homosexuality,homosexuality,1993,88
T2_homosexuality,homosexuality,1994,74
T2_homosexuality,homosexuality,1995,107
T2_homosexuality,homosexuality,1996,80
T2_homosexuality,homosexuality,1997,58
T2_homosexuality,homosexuality,1998,64
T2_homosexuality,homosexuality,1999,58
T2_homosexuality,homosexuality,2000,58
T2_homosexuality,homosexuality,2001,58
T2_homosexuality,homosexuality,2002,60
T2_homosexuality,homosexuality,2003,49
T2_homosexuality,homosexuality,2004,70
T2_homosexuality,homosexuality,2005,58
T2_homosexuality,homosexuality,2006,65
T2_homosexuality,homosexuality,2007,59
T2_homosexuality,homosexuality,2008,66
T2_homosexuality,homosexuality,2009,64
T2_homosexuality,homosexuality,2010,58
T2_homosexuality,homosexuality,2011,71
T2_homosexuality,homosexuality,2012,89
T2_homosexuality,homosexuality,2013,113
T2_homosexuality,homosexuality,2014,126
T2_homosexuality,homosexuality,2015,173
T2_homosexuality,homosexuality,2016,192
T2_homosexuality,homosexuality,2017,183
T2_homosexuality,homosexuality,2018,150
T2_homosexuality,homosexuality,2019,135
T2_homosexuality,homosexuality,2020,129
T2_homosexuality,homosexuality,2021,118
T2_homosexuality,homosexuality,2022,140
T2_homosexuality,homosexuality,2023,141
T2_homosexuality,homosexuality,2024,116
T2_homosexuality_dx,"""homosexual disorder"" OR ""homosexual deviation"" OR ""homosexual neurosis"" OR ""latent homosexuality"" OR ""treatment of homosexuality"" OR ""cure of homosexuality"" OR ""etiology of homosexuality""",1950,0
T2_homosexuality_dx,"""homosexual disorder"" OR ""homosexual deviation"" OR ""homosexual neurosis"" OR ""latent homosexuality"" OR ""treatment of homosexuality"" OR ""cure of homosexuality"" OR ""etiology of homosexuality""",1951,1
T2_homosexuality_dx,"""homosexual disorder"" OR ""homosexual deviation"" OR ""homosexual neurosis"" OR ""latent homosexuality"" OR ""treatment of homosexuality"" OR ""cure of homosexuality"" OR ""etiology of homosexuality""",1952,0
T2_homosexuality_dx,"""homosexual disorder"" OR ""homosexual deviation"" OR ""homosexual neurosis"" OR ""latent homosexuality"" OR ""treatment of homosexuality"" OR ""cure of homosexuality"" OR ""etiology of homosexuality""",1953,0
T2_homosexuality_dx,"""homosexual disorder"" OR ""homosexual deviation"" OR ""homosexual neurosis"" OR ""latent homosexuality"" OR ""treatment of homosexuality"" OR ""cure of homosexuality"" OR ""etiology of homosexuality""",1954,0
T2_homosexuality_dx,"""homosexual disorder"" OR ""homosexual deviation"" OR ""homosexual neurosis"" OR ""latent homosexuality"" OR ""treatment of homosexuality"" OR ""cure of homosexuality"" OR ""etiology of homosexuality""",1955,0
T2_homosexuality_dx,"""homosexual disorder"" OR ""homosexual deviation"" OR ""homosexual neurosis"" OR ""latent homosexuality"" OR ""treatment of homosexuality"" OR ""cure of homosexuality"" OR ""etiology of homosexuality""",1956,0
T2_homosexuality_dx,"""homosexual disorder"" OR ""homosexual deviation"" OR ""homosexual neurosis"" OR ""latent homosexuality"" OR ""treatment of homosexuality"" OR ""cure of homosexuality"" OR ""etiology of homosexuality""",1957,0
T2_homosexuality_dx,"""homosexual disorder"" OR ""homosexual deviation"" OR ""homosexual neurosis"" OR ""latent homosexuality"" OR ""treatment of homosexuality"" OR ""cure of homosexuality"" OR ""etiology of homosexuality""",1958,0
T2_homosexuality_dx,"""homosexual disorder"" OR ""homosexual deviation"" OR ""homosexual neurosis"" OR ""latent homosexuality"" OR ""treatment of homosexuality"" OR ""cure of homosexuality"" OR ""etiology of homosexuality""",1959,0
T2_homosexuality_dx,"""homosexual disorder"" OR ""homosexual deviation"" OR ""homosexual neurosis"" OR ""latent homosexuality"" OR ""treatment of homosexuality"" OR ""cure of homosexuality"" OR ""etiology of homosexuality""",1960,0
T2_homosexuality_dx,"""homosexual disorder"" OR ""homosexual deviation"" OR ""homosexual neurosis"" OR ""latent homosexuality"" OR ""treatment of homosexuality"" OR ""cure of homosexuality"" OR ""etiology of homosexuality""",1961,0
T2_homosexuality_dx,"""homosexual disorder"" OR ""homosexual deviation"" OR ""homosexual neurosis"" OR ""latent homosexuality"" OR ""treatment of homosexuality"" OR ""cure of homosexuality"" OR ""etiology of homosexuality""",1962,0
T2_homosexuality_dx,"""homosexual disorder"" OR ""homosexual deviation"" OR ""homosexual neurosis"" OR ""latent homosexuality"" OR ""treatment of homosexuality"" OR ""cure of homosexuality"" OR ""etiology of homosexuality""",1963,0
T2_homosexuality_dx,"""homosexual disorder"" OR ""homosexual deviation"" OR ""homosexual neurosis"" OR ""latent homosexuality"" OR ""treatment of homosexuality"" OR ""cure of homosexuality"" OR ""etiology of homosexuality""",1964,0
T2_homosexuality_dx,"""homosexual disorder"" OR ""homosexual deviation"" OR ""homosexual neurosis"" OR ""latent homosexuality"" OR ""treatment of homosexuality"" OR ""cure of homosexuality"" OR ""etiology of homosexuality""",1965,1
T2_homosexuality_dx,"""homosexual disorder"" OR ""homosexual deviation"" OR ""homosexual neurosis"" OR ""latent homosexuality"" OR ""treatment of homosexuality"" OR ""cure of homosexuality"" OR ""etiology of homosexuality""",1966,1
T2_homosexuality_dx,"""homosexual disorder"" OR ""homosexual deviation"" OR ""homosexual neurosis"" OR ""latent homosexuality"" OR ""treatment of homosexuality"" OR ""cure of homosexuality"" OR ""etiology of homosexuality""",1967,2
T2_homosexuality_dx,"""homosexual disorder"" OR ""homosexual deviation"" OR ""homosexual neurosis"" OR ""latent homosexuality"" OR ""treatment of homosexuality"" OR ""cure of homosexuality"" OR ""etiology of homosexuality""",1968,0
T2_homosexuality_dx,"""homosexual disorder"" OR ""homosexual deviation"" OR ""homosexual neurosis"" OR ""latent homosexuality"" OR ""treatment of homosexuality"" OR ""cure of homosexuality"" OR ""etiology of homosexuality""",1969,0
T2_homosexuality_dx,"""homosexual disorder"" OR ""homosexual deviation"" OR ""homosexual neurosis"" OR ""latent homosexuality"" OR ""treatment of homosexuality"" OR ""cure of homosexuality"" OR ""etiology of homosexuality""",1970,0
T2_homosexuality_dx,"""homosexual disorder"" OR ""homosexual deviation"" OR ""homosexual neurosis"" OR ""latent homosexuality"" OR ""treatment of homosexuality"" OR ""cure of homosexuality"" OR ""etiology of homosexuality""",1971,0
T2_homosexuality_dx,"""homosexual disorder"" OR ""homosexual deviation"" OR ""homosexual neurosis"" OR ""latent homosexuality"" OR ""treatment of homosexuality"" OR ""cure of homosexuality"" OR ""etiology of homosexuality""",1972,0
T2_homosexuality_dx,"""homosexual disorder"" OR ""homosexual deviation"" OR ""homosexual neurosis"" OR ""latent homosexuality"" OR ""treatment of homosexuality"" OR ""cure of homosexuality"" OR ""etiology of homosexuality""",1973,0
T2_homosexuality_dx,"""homosexual disorder"" OR ""homosexual deviation"" OR ""homosexual neurosis"" OR ""latent homosexuality"" OR ""treatment of homosexuality"" OR ""cure of homosexuality"" OR ""etiology of homosexuality""",1974,1
T2_homosexuality_dx,"""homosexual disorder"" OR ""homosexual deviation"" OR ""homosexual neurosis"" OR ""latent homosexuality"" OR ""treatment of homosexuality"" OR ""cure of homosexuality"" OR ""etiology of homosexuality""",1975,0
T2_homosexuality_dx,"""homosexual disorder"" OR ""homosexual deviation"" OR ""homosexual neurosis"" OR ""latent homosexuality"" OR ""treatment of homosexuality"" OR ""cure of homosexuality"" OR ""etiology of homosexuality""",1976,1
T2_homosexuality_dx,"""homosexual disorder"" OR ""homosexual deviation"" OR ""homosexual neurosis"" OR ""latent homosexuality"" OR ""treatment of homosexuality"" OR ""cure of homosexuality"" OR ""etiology of homosexuality""",1977,1
T2_homosexuality_dx,"""homosexual disorder"" OR ""homosexual deviation"" OR ""homosexual neurosis"" OR ""latent homosexuality"" OR ""treatment of homosexuality"" OR ""cure of homosexuality"" OR ""etiology of homosexuality""",1978,1
T2_homosexuality_dx,"""homosexual disorder"" OR ""homosexual deviation"" OR ""homosexual neurosis"" OR ""latent homosexuality"" OR ""treatment of homosexuality"" OR ""cure of homosexuality"" OR ""etiology of homosexuality""",1979,0
T2_homosexuality_dx,"""homosexual disorder"" OR ""homosexual deviation"" OR ""homosexual neurosis"" OR ""latent homosexuality"" OR ""treatment of homosexuality"" OR ""cure of homosexuality"" OR ""etiology of homosexuality""",1980,0
T2_homosexuality_dx,"""homosexual disorder"" OR ""homosexual deviation"" OR ""homosexual neurosis"" OR ""latent homosexuality"" OR ""treatment of homosexuality"" OR ""cure of homosexuality"" OR ""etiology of homosexuality""",1981,0
T2_homosexuality_dx,"""homosexual disorder"" OR ""homosexual deviation"" OR ""homosexual neurosis"" OR ""latent homosexuality"" OR ""treatment of homosexuality"" OR ""cure of homosexuality"" OR ""etiology of homosexuality""",1982,1
T2_homosexuality_dx,"""homosexual disorder"" OR ""homosexual deviation"" OR ""homosexual neurosis"" OR ""latent homosexuality"" OR ""treatment of homosexuality"" OR ""cure of homosexuality"" OR ""etiology of homosexuality""",1983,0
T2_homosexuality_dx,"""homosexual disorder"" OR ""homosexual deviation"" OR ""homosexual neurosis"" OR ""latent homosexuality"" OR ""treatment of homosexuality"" OR ""cure of homosexuality"" OR ""etiology of homosexuality""",1984,1
T2_homosexuality_dx,"""homosexual disorder"" OR ""homosexual deviation"" OR ""homosexual neurosis"" OR ""latent homosexuality"" OR ""treatment of homosexuality"" OR ""cure of homosexuality"" OR ""etiology of homosexuality""",1985,0
T2_homosexuality_dx,"""homosexual disorder"" OR ""homosexual deviation"" OR ""homosexual neurosis"" OR ""latent homosexuality"" OR ""treatment of homosexuality"" OR ""cure of homosexuality"" OR ""etiology of homosexuality""",1986,1
T2_homosexuality_dx,"""homosexual disorder"" OR ""homosexual deviation"" OR ""homosexual neurosis"" OR ""latent homosexuality"" OR ""treatment of homosexuality"" OR ""cure of homosexuality"" OR ""etiology of homosexuality""",1987,0
T2_homosexuality_dx,"""homosexual disorder"" OR ""homosexual deviation"" OR ""homosexual neurosis"" OR ""latent homosexuality"" OR ""treatment of homosexuality"" OR ""cure of homosexuality"" OR ""etiology of homosexuality""",1988,1
T2_homosexuality_dx,"""homosexual disorder"" OR ""homosexual deviation"" OR ""homosexual neurosis"" OR ""latent homosexuality"" OR ""treatment of homosexuality"" OR ""cure of homosexuality"" OR ""etiology of homosexuality""",1989,0
T2_homosexuality_dx,"""homosexual disorder"" OR ""homosexual deviation"" OR ""homosexual neurosis"" OR ""latent homosexuality"" OR ""treatment of homosexuality"" OR ""cure of homosexuality"" OR ""etiology of homosexuality""",1990,0
T2_homosexuality_dx,"""homosexual disorder"" OR ""homosexual deviation"" OR ""homosexual neurosis"" OR ""latent homosexuality"" OR ""treatment of homosexuality"" OR ""cure of homosexuality"" OR ""etiology of homosexuality""",1991,0
T2_homosexuality_dx,"""homosexual disorder"" OR ""homosexual deviation"" OR ""homosexual neurosis"" OR ""latent homosexuality"" OR ""treatment of homosexuality"" OR ""cure of homosexuality"" OR ""etiology of homosexuality""",1992,0
T2_homosexuality_dx,"""homosexual disorder"" OR ""homosexual deviation"" OR ""homosexual neurosis"" OR ""latent homosexuality"" OR ""treatment of homosexuality"" OR ""cure of homosexuality"" OR ""etiology of homosexuality""",1993,0
T2_homosexuality_dx,"""homosexual disorder"" OR ""homosexual deviation"" OR ""homosexual neurosis"" OR ""latent homosexuality"" OR ""treatment of homosexuality"" OR ""cure of homosexuality"" OR ""etiology of homosexuality""",1994,0
T2_homosexuality_dx,"""homosexual disorder"" OR ""homosexual deviation"" OR ""homosexual neurosis"" OR ""latent homosexuality"" OR ""treatment of homosexuality"" OR ""cure of homosexuality"" OR ""etiology of homosexuality""",1995,0
T2_homosexuality_dx,"""homosexual disorder"" OR ""homosexual deviation"" OR ""homosexual neurosis"" OR ""latent homosexuality"" OR ""treatment of homosexuality"" OR ""cure of homosexuality"" OR ""etiology of homosexuality""",1996,0
T2_homosexuality_dx,"""homosexual disorder"" OR ""homosexual deviation"" OR ""homosexual neurosis"" OR ""latent homosexuality"" OR ""treatment of homosexuality"" OR ""cure of homosexuality"" OR ""etiology of homosexuality""",1997,0
T2_homosexuality_dx,"""homosexual disorder"" OR ""homosexual deviation"" OR ""homosexual neurosis"" OR ""latent homosexuality"" OR ""treatment of homosexuality"" OR ""cure of homosexuality"" OR ""etiology of homosexuality""",1998,0
T2_homosexuality_dx,"""homosexual disorder"" OR ""homosexual deviation"" OR ""homosexual neurosis"" OR ""latent homosexuality"" OR ""treatment of homosexuality"" OR ""cure of homosexuality"" OR ""etiology of homosexuality""",1999,0
T2_homosexuality_dx,"""homosexual disorder"" OR ""homosexual deviation"" OR ""homosexual neurosis"" OR ""latent homosexuality"" OR ""treatment of homosexuality"" OR ""cure of homosexuality"" OR ""etiology of homosexuality""",2000,0
T2_homosexuality_dx,"""homosexual disorder"" OR ""homosexual deviation"" OR ""homosexual neurosis"" OR ""latent homosexuality"" OR ""treatment of homosexuality"" OR ""cure of homosexuality"" OR ""etiology of homosexuality""",2001,0
T2_homosexuality_dx,"""homosexual disorder"" OR ""homosexual deviation"" OR ""homosexual neurosis"" OR ""latent homosexuality"" OR ""treatment of homosexuality"" OR ""cure of homosexuality"" OR ""etiology of homosexuality""",2002,0
T2_homosexuality_dx,"""homosexual disorder"" OR ""homosexual deviation"" OR ""homosexual neurosis"" OR ""latent homosexuality"" OR ""treatment of homosexuality"" OR ""cure of homosexuality"" OR ""etiology of homosexuality""",2003,1
T2_homosexuality_dx,"""homosexual disorder"" OR ""homosexual deviation"" OR ""homosexual neurosis"" OR ""latent homosexuality"" OR ""treatment of homosexuality"" OR ""cure of homosexuality"" OR ""etiology of homosexuality""",2004,0
T2_homosexuality_dx,"""homosexual disorder"" OR ""homosexual deviation"" OR ""homosexual neurosis"" OR ""latent homosexuality"" OR ""treatment of homosexuality"" OR ""cure of homosexuality"" OR ""etiology of homosexuality""",2005,0
T2_homosexuality_dx,"""homosexual disorder"" OR ""homosexual deviation"" OR ""homosexual neurosis"" OR ""latent homosexuality"" OR ""treatment of homosexuality"" OR ""cure of homosexuality"" OR ""etiology of homosexuality""",2006,1
T2_homosexuality_dx,"""homosexual disorder"" OR ""homosexual deviation"" OR ""homosexual neurosis"" OR ""latent homosexuality"" OR ""treatment of homosexuality"" OR ""cure of homosexuality"" OR ""etiology of homosexuality""",2007,1
T2_homosexuality_dx,"""homosexual disorder"" OR ""homosexual deviation"" OR ""homosexual neurosis"" OR ""latent homosexuality"" OR ""treatment of homosexuality"" OR ""cure of homosexuality"" OR ""etiology of homosexuality""",2008,0
T2_homosexuality_dx,"""homosexual disorder"" OR ""homosexual deviation"" OR ""homosexual neurosis"" OR ""latent homosexuality"" OR ""treatment of homosexuality"" OR ""cure of homosexuality"" OR ""etiology of homosexuality""",2009,0
T2_homosexuality_dx,"""homosexual disorder"" OR ""homosexual deviation"" OR ""homosexual neurosis"" OR ""latent homosexuality"" OR ""treatment of homosexuality"" OR ""cure of homosexuality"" OR ""etiology of homosexuality""",2010,0
T2_homosexuality_dx,"""homosexual disorder"" OR ""homosexual deviation"" OR ""homosexual neurosis"" OR ""latent homosexuality"" OR ""treatment of homosexuality"" OR ""cure of homosexuality"" OR ""etiology of homosexuality""",2011,0
T2_homosexuality_dx,"""homosexual disorder"" OR ""homosexual deviation"" OR ""homosexual neurosis"" OR ""latent homosexuality"" OR ""treatment of homosexuality"" OR ""cure of homosexuality"" OR ""etiology of homosexuality""",2012,0
T2_homosexuality_dx,"""homosexual disorder"" OR ""homosexual deviation"" OR ""homosexual neurosis"" OR ""latent homosexuality"" OR ""treatment of homosexuality"" OR ""cure of homosexuality"" OR ""etiology of homosexuality""",2013,0
T2_homosexuality_dx,"""homosexual disorder"" OR ""homosexual deviation"" OR ""homosexual neurosis"" OR ""latent homosexuality"" OR ""treatment of homosexuality"" OR ""cure of homosexuality"" OR ""etiology of homosexuality""",2014,0
T2_homosexuality_dx,"""homosexual disorder"" OR ""homosexual deviation"" OR ""homosexual neurosis"" OR ""latent homosexuality"" OR ""treatment of homosexuality"" OR ""cure of homosexuality"" OR ""etiology of homosexuality""",2015,0
T2_homosexuality_dx,"""homosexual disorder"" OR ""homosexual deviation"" OR ""homosexual neurosis"" OR ""latent homosexuality"" OR ""treatment of homosexuality"" OR ""cure of homosexuality"" OR ""etiology of homosexuality""",2016,0
T2_homosexuality_dx,"""homosexual disorder"" OR ""homosexual deviation"" OR ""homosexual neurosis"" OR ""latent homosexuality"" OR ""treatment of homosexuality"" OR ""cure of homosexuality"" OR ""etiology of homosexuality""",2017,0
T2_homosexuality_dx,"""homosexual disorder"" OR ""homosexual deviation"" OR ""homosexual neurosis"" OR ""latent homosexuality"" OR ""treatment of homosexuality"" OR ""cure of homosexuality"" OR ""etiology of homosexuality""",2018,0
T2_homosexuality_dx,"""homosexual disorder"" OR ""homosexual deviation"" OR ""homosexual neurosis"" OR ""latent homosexuality"" OR ""treatment of homosexuality"" OR ""cure of homosexuality"" OR ""etiology of homosexuality""",2019,0
T2_homosexuality_dx,"""homosexual disorder"" OR ""homosexual deviation"" OR ""homosexual neurosis"" OR ""latent homosexuality"" OR ""treatment of homosexuality"" OR ""cure of homosexuality"" OR ""etiology of homosexuality""",2020,0
T2_homosexuality_dx,"""homosexual disorder"" OR ""homosexual deviation"" OR ""homosexual neurosis"" OR ""latent homosexuality"" OR ""treatment of homosexuality"" OR ""cure of homosexuality"" OR ""etiology of homosexuality""",2021,1
T2_homosexuality_dx,"""homosexual disorder"" OR ""homosexual deviation"" OR ""homosexual neurosis"" OR ""latent homosexuality"" OR ""treatment of homosexuality"" OR ""cure of homosexuality"" OR ""etiology of homosexuality""",2022,1
T2_homosexuality_dx,"""homosexual disorder"" OR ""homosexual deviation"" OR ""homosexual neurosis"" OR ""latent homosexuality"" OR ""treatment of homosexuality"" OR ""cure of homosexuality"" OR ""etiology of homosexuality""",2023,0
T2_homosexuality_dx,"""homosexual disorder"" OR ""homosexual deviation"" OR ""homosexual neurosis"" OR ""latent homosexuality"" OR ""treatment of homosexuality"" OR ""cure of homosexuality"" OR ""etiology of homosexuality""",2024,0
T2_ego_dystonic,"""ego-dystonic homosexuality"" OR ""ego dystonic homosexuality""",1970,0
T2_ego_dystonic,"""ego-dystonic homosexuality"" OR ""ego dystonic homosexuality""",1971,0
T2_ego_dystonic,"""ego-dystonic homosexuality"" OR ""ego dystonic homosexuality""",1972,0
T2_ego_dystonic,"""ego-dystonic homosexuality"" OR ""ego dystonic homosexuality""",1973,0
T2_ego_dystonic,"""ego-dystonic homosexuality"" OR ""ego dystonic homosexuality""",1974,0
T2_ego_dystonic,"""ego-dystonic homosexuality"" OR ""ego dystonic homosexuality""",1975,0
T2_ego_dystonic,"""ego-dystonic homosexuality"" OR ""ego dystonic homosexuality""",1976,0
T2_ego_dystonic,"""ego-dystonic homosexuality"" OR ""ego dystonic homosexuality""",1977,0
T2_ego_dystonic,"""ego-dystonic homosexuality"" OR ""ego dystonic homosexuality""",1978,0
T2_ego_dystonic,"""ego-dystonic homosexuality"" OR ""ego dystonic homosexuality""",1979,0
T2_ego_dystonic,"""ego-dystonic homosexuality"" OR ""ego dystonic homosexuality""",1980,1
T2_ego_dystonic,"""ego-dystonic homosexuality"" OR ""ego dystonic homosexuality""",1981,1
T2_ego_dystonic,"""ego-dystonic homosexuality"" OR ""ego dystonic homosexuality""",1982,0
T2_ego_dystonic,"""ego-dystonic homosexuality"" OR ""ego dystonic homosexuality""",1983,0
T2_ego_dystonic,"""ego-dystonic homosexuality"" OR ""ego dystonic homosexuality""",1984,1
T2_ego_dystonic,"""ego-dystonic homosexuality"" OR ""ego dystonic homosexuality""",1985,1
T2_ego_dystonic,"""ego-dystonic homosexuality"" OR ""ego dystonic homosexuality""",1986,2
T2_ego_dystonic,"""ego-dystonic homosexuality"" OR ""ego dystonic homosexuality""",1987,0
T2_ego_dystonic,"""ego-dystonic homosexuality"" OR ""ego dystonic homosexuality""",1988,0
T2_ego_dystonic,"""ego-dystonic homosexuality"" OR ""ego dystonic homosexuality""",1989,0
T2_ego_dystonic,"""ego-dystonic homosexuality"" OR ""ego dystonic homosexuality""",1990,0
T2_ego_dystonic,"""ego-dystonic homosexuality"" OR ""ego dystonic homosexuality""",1991,0
T2_ego_dystonic,"""ego-dystonic homosexuality"" OR ""ego dystonic homosexuality""",1992,0
T2_ego_dystonic,"""ego-dystonic homosexuality"" OR ""ego dystonic homosexuality""",1993,0
T2_ego_dystonic,"""ego-dystonic homosexuality"" OR ""ego dystonic homosexuality""",1994,0
T2_ego_dystonic,"""ego-dystonic homosexuality"" OR ""ego dystonic homosexuality""",1995,2
T2_ego_dystonic,"""ego-dystonic homosexuality"" OR ""ego dystonic homosexuality""",1996,0
T2_ego_dystonic,"""ego-dystonic homosexuality"" OR ""ego dystonic homosexuality""",1997,0
T2_ego_dystonic,"""ego-dystonic homosexuality"" OR ""ego dystonic homosexuality""",1998,0
T2_ego_dystonic,"""ego-dystonic homosexuality"" OR ""ego dystonic homosexuality""",1999,0
T2_ego_dystonic,"""ego-dystonic homosexuality"" OR ""ego dystonic homosexuality""",2000,0
T2_ego_dystonic,"""ego-dystonic homosexuality"" OR ""ego dystonic homosexuality""",2001,0
T2_ego_dystonic,"""ego-dystonic homosexuality"" OR ""ego dystonic homosexuality""",2002,0
T2_ego_dystonic,"""ego-dystonic homosexuality"" OR ""ego dystonic homosexuality""",2003,0
T2_ego_dystonic,"""ego-dystonic homosexuality"" OR ""ego dystonic homosexuality""",2004,0
T2_ego_dystonic,"""ego-dystonic homosexuality"" OR ""ego dystonic homosexuality""",2005,0
T2_ego_dystonic,"""ego-dystonic homosexuality"" OR ""ego dystonic homosexuality""",2006,0
T2_ego_dystonic,"""ego-dystonic homosexuality"" OR ""ego dystonic homosexuality""",2007,0
T2_ego_dystonic,"""ego-dystonic homosexuality"" OR ""ego dystonic homosexuality""",2008,0
T2_ego_dystonic,"""ego-dystonic homosexuality"" OR ""ego dystonic homosexuality""",2009,0
T2_ego_dystonic,"""ego-dystonic homosexuality"" OR ""ego dystonic homosexuality""",2010,0
T2_ego_dystonic,"""ego-dystonic homosexuality"" OR ""ego dystonic homosexuality""",2011,0
T2_ego_dystonic,"""ego-dystonic homosexuality"" OR ""ego dystonic homosexuality""",2012,0
T2_ego_dystonic,"""ego-dystonic homosexuality"" OR ""ego dystonic homosexuality""",2013,0
T2_ego_dystonic,"""ego-dystonic homosexuality"" OR ""ego dystonic homosexuality""",2014,1
T2_ego_dystonic,"""ego-dystonic homosexuality"" OR ""ego dystonic homosexuality""",2015,0
T2_ego_dystonic,"""ego-dystonic homosexuality"" OR ""ego dystonic homosexuality""",2016,0
T2_ego_dystonic,"""ego-dystonic homosexuality"" OR ""ego dystonic homosexuality""",2017,0
T2_ego_dystonic,"""ego-dystonic homosexuality"" OR ""ego dystonic homosexuality""",2018,0
T2_ego_dystonic,"""ego-dystonic homosexuality"" OR ""ego dystonic homosexuality""",2019,0
T2_ego_dystonic,"""ego-dystonic homosexuality"" OR ""ego dystonic homosexuality""",2020,0
T2_ego_dystonic,"""ego-dystonic homosexuality"" OR ""ego dystonic homosexuality""",2021,1
T2_ego_dystonic,"""ego-dystonic homosexuality"" OR ""ego dystonic homosexuality""",2022,0
T2_ego_dystonic,"""ego-dystonic homosexuality"" OR ""ego dystonic homosexuality""",2023,1
T2_ego_dystonic,"""ego-dystonic homosexuality"" OR ""ego dystonic homosexuality""",2024,0
T2_sexual_inversion,"""sexual inversion"" OR ""sexual invert"" OR ""sexual inverts"" OR ""congenital invert""",1950,0
T2_sexual_inversion,"""sexual inversion"" OR ""sexual invert"" OR ""sexual inverts"" OR ""congenital invert""",1951,0
T2_sexual_inversion,"""sexual inversion"" OR ""sexual invert"" OR ""sexual inverts"" OR ""congenital invert""",1952,2
T2_sexual_inversion,"""sexual inversion"" OR ""sexual invert"" OR ""sexual inverts"" OR ""congenital invert""",1953,1
T2_sexual_inversion,"""sexual inversion"" OR ""sexual invert"" OR ""sexual inverts"" OR ""congenital invert""",1954,0
T2_sexual_inversion,"""sexual inversion"" OR ""sexual invert"" OR ""sexual inverts"" OR ""congenital invert""",1955,0
T2_sexual_inversion,"""sexual inversion"" OR ""sexual invert"" OR ""sexual inverts"" OR ""congenital invert""",1956,1
T2_sexual_inversion,"""sexual inversion"" OR ""sexual invert"" OR ""sexual inverts"" OR ""congenital invert""",1957,1
T2_sexual_inversion,"""sexual inversion"" OR ""sexual invert"" OR ""sexual inverts"" OR ""congenital invert""",1958,1
T2_sexual_inversion,"""sexual inversion"" OR ""sexual invert"" OR ""sexual inverts"" OR ""congenital invert""",1959,0
T2_sexual_inversion,"""sexual inversion"" OR ""sexual invert"" OR ""sexual inverts"" OR ""congenital invert""",1960,1
T2_sexual_inversion,"""sexual inversion"" OR ""sexual invert"" OR ""sexual inverts"" OR ""congenital invert""",1961,0
T2_sexual_inversion,"""sexual inversion"" OR ""sexual invert"" OR ""sexual inverts"" OR ""congenital invert""",1962,2
T2_sexual_inversion,"""sexual inversion"" OR ""sexual invert"" OR ""sexual inverts"" OR ""congenital invert""",1963,0
T2_sexual_inversion,"""sexual inversion"" OR ""sexual invert"" OR ""sexual inverts"" OR ""congenital invert""",1964,0
T2_sexual_inversion,"""sexual inversion"" OR ""sexual invert"" OR ""sexual inverts"" OR ""congenital invert""",1965,1
T2_sexual_inversion,"""sexual inversion"" OR ""sexual invert"" OR ""sexual inverts"" OR ""congenital invert""",1966,0
T2_sexual_inversion,"""sexual inversion"" OR ""sexual invert"" OR ""sexual inverts"" OR ""congenital invert""",1967,0
T2_sexual_inversion,"""sexual inversion"" OR ""sexual invert"" OR ""sexual inverts"" OR ""congenital invert""",1968,0
T2_sexual_inversion,"""sexual inversion"" OR ""sexual invert"" OR ""sexual inverts"" OR ""congenital invert""",1969,0
T2_sexual_inversion,"""sexual inversion"" OR ""sexual invert"" OR ""sexual inverts"" OR ""congenital invert""",1970,0
T2_sexual_inversion,"""sexual inversion"" OR ""sexual invert"" OR ""sexual inverts"" OR ""congenital invert""",1971,1
T2_sexual_inversion,"""sexual inversion"" OR ""sexual invert"" OR ""sexual inverts"" OR ""congenital invert""",1972,1
T2_sexual_inversion,"""sexual inversion"" OR ""sexual invert"" OR ""sexual inverts"" OR ""congenital invert""",1973,0
T2_sexual_inversion,"""sexual inversion"" OR ""sexual invert"" OR ""sexual inverts"" OR ""congenital invert""",1974,1
T2_sexual_inversion,"""sexual inversion"" OR ""sexual invert"" OR ""sexual inverts"" OR ""congenital invert""",1975,0
T2_sexual_inversion,"""sexual inversion"" OR ""sexual invert"" OR ""sexual inverts"" OR ""congenital invert""",1976,0
T2_sexual_inversion,"""sexual inversion"" OR ""sexual invert"" OR ""sexual inverts"" OR ""congenital invert""",1977,1
T2_sexual_inversion,"""sexual inversion"" OR ""sexual invert"" OR ""sexual inverts"" OR ""congenital invert""",1978,0
T2_sexual_inversion,"""sexual inversion"" OR ""sexual invert"" OR ""sexual inverts"" OR ""congenital invert""",1979,0
T2_sexual_inversion,"""sexual inversion"" OR ""sexual invert"" OR ""sexual inverts"" OR ""congenital invert""",1980,0
T2_sexual_inversion,"""sexual inversion"" OR ""sexual invert"" OR ""sexual inverts"" OR ""congenital invert""",1981,0
T2_sexual_inversion,"""sexual inversion"" OR ""sexual invert"" OR ""sexual inverts"" OR ""congenital invert""",1982,0
T2_sexual_inversion,"""sexual inversion"" OR ""sexual invert"" OR ""sexual inverts"" OR ""congenital invert""",1983,1
T2_sexual_inversion,"""sexual inversion"" OR ""sexual invert"" OR ""sexual inverts"" OR ""congenital invert""",1984,0
T2_sexual_inversion,"""sexual inversion"" OR ""sexual invert"" OR ""sexual inverts"" OR ""congenital invert""",1985,0
T2_sexual_inversion,"""sexual inversion"" OR ""sexual invert"" OR ""sexual inverts"" OR ""congenital invert""",1986,0
T2_sexual_inversion,"""sexual inversion"" OR ""sexual invert"" OR ""sexual inverts"" OR ""congenital invert""",1987,2
T2_sexual_inversion,"""sexual inversion"" OR ""sexual invert"" OR ""sexual inverts"" OR ""congenital invert""",1988,0
T2_sexual_inversion,"""sexual inversion"" OR ""sexual invert"" OR ""sexual inverts"" OR ""congenital invert""",1989,1
T2_sexual_inversion,"""sexual inversion"" OR ""sexual invert"" OR ""sexual inverts"" OR ""congenital invert""",1990,1
T2_sexual_inversion,"""sexual inversion"" OR ""sexual invert"" OR ""sexual inverts"" OR ""congenital invert""",1991,0
T2_sexual_inversion,"""sexual inversion"" OR ""sexual invert"" OR ""sexual inverts"" OR ""congenital invert""",1992,0
T2_sexual_inversion,"""sexual inversion"" OR ""sexual invert"" OR ""sexual inverts"" OR ""congenital invert""",1993,1
T2_sexual_inversion,"""sexual inversion"" OR ""sexual invert"" OR ""sexual inverts"" OR ""congenital invert""",1994,0
T2_sexual_inversion,"""sexual inversion"" OR ""sexual invert"" OR ""sexual inverts"" OR ""congenital invert""",1995,1
T2_sexual_inversion,"""sexual inversion"" OR ""sexual invert"" OR ""sexual inverts"" OR ""congenital invert""",1996,0
T2_sexual_inversion,"""sexual inversion"" OR ""sexual invert"" OR ""sexual inverts"" OR ""congenital invert""",1997,0
T2_sexual_inversion,"""sexual inversion"" OR ""sexual invert"" OR ""sexual inverts"" OR ""congenital invert""",1998,1
T2_sexual_inversion,"""sexual inversion"" OR ""sexual invert"" OR ""sexual inverts"" OR ""congenital invert""",1999,0
T2_sexual_inversion,"""sexual inversion"" OR ""sexual invert"" OR ""sexual inverts"" OR ""congenital invert""",2000,0
T2_sexual_inversion,"""sexual inversion"" OR ""sexual invert"" OR ""sexual inverts"" OR ""congenital invert""",2001,0
T2_sexual_inversion,"""sexual inversion"" OR ""sexual invert"" OR ""sexual inverts"" OR ""congenital invert""",2002,1
T2_sexual_inversion,"""sexual inversion"" OR ""sexual invert"" OR ""sexual inverts"" OR ""congenital invert""",2003,1
T2_sexual_inversion,"""sexual inversion"" OR ""sexual invert"" OR ""sexual inverts"" OR ""congenital invert""",2004,0
T2_sexual_inversion,"""sexual inversion"" OR ""sexual invert"" OR ""sexual inverts"" OR ""congenital invert""",2005,0
T2_sexual_inversion,"""sexual inversion"" OR ""sexual invert"" OR ""sexual inverts"" OR ""congenital invert""",2006,0
T2_sexual_inversion,"""sexual inversion"" OR ""sexual invert"" OR ""sexual inverts"" OR ""congenital invert""",2007,0
T2_sexual_inversion,"""sexual inversion"" OR ""sexual invert"" OR ""sexual inverts"" OR ""congenital invert""",2008,1
T2_sexual_inversion,"""sexual inversion"" OR ""sexual invert"" OR ""sexual inverts"" OR ""congenital invert""",2009,2
T2_sexual_inversion,"""sexual inversion"" OR ""sexual invert"" OR ""sexual inverts"" OR ""congenital invert""",2010,0
T2_sexual_inversion,"""sexual inversion"" OR ""sexual invert"" OR ""sexual inverts"" OR ""congenital invert""",2011,2
T2_sexual_inversion,"""sexual inversion"" OR ""sexual invert"" OR ""sexual inverts"" OR ""congenital invert""",2012,1
T2_sexual_inversion,"""sexual inversion"" OR ""sexual invert"" OR ""sexual inverts"" OR ""congenital invert""",2013,1
T2_sexual_inversion,"""sexual inversion"" OR ""sexual invert"" OR ""sexual inverts"" OR ""congenital invert""",2014,3
T2_sexual_inversion,"""sexual inversion"" OR ""sexual invert"" OR ""sexual inverts"" OR ""congenital invert""",2015,1
T2_sexual_inversion,"""sexual inversion"" OR ""sexual invert"" OR ""sexual inverts"" OR ""congenital invert""",2016,0
T2_sexual_inversion,"""sexual inversion"" OR ""sexual invert"" OR ""sexual inverts"" OR ""congenital invert""",2017,0
T2_sexual_inversion,"""sexual inversion"" OR ""sexual invert"" OR ""sexual inverts"" OR ""congenital invert""",2018,0
T2_sexual_inversion,"""sexual inversion"" OR ""sexual invert"" OR ""sexual inverts"" OR ""congenital invert""",2019,2
T2_sexual_inversion,"""sexual inversion"" OR ""sexual invert"" OR ""sexual inverts"" OR ""congenital invert""",2020,2
T2_sexual_inversion,"""sexual inversion"" OR ""sexual invert"" OR ""sexual inverts"" OR ""congenital invert""",2021,1
T2_sexual_inversion,"""sexual inversion"" OR ""sexual invert"" OR ""sexual inverts"" OR ""congenital invert""",2022,3
T2_sexual_inversion,"""sexual inversion"" OR ""sexual invert"" OR ""sexual inverts"" OR ""congenital invert""",2023,2
T2_sexual_inversion,"""sexual inversion"" OR ""sexual invert"" OR ""sexual inverts"" OR ""congenital invert""",2024,2
T2_sexual_perversion,"""sexual perversion"" OR ""sexual pervert"" OR ""sexual perversions""",1950,1
T2_sexual_perversion,"""sexual perversion"" OR ""sexual pervert"" OR ""sexual perversions""",1951,1
T2_sexual_perversion,"""sexual perversion"" OR ""sexual pervert"" OR ""sexual perversions""",1952,2
T2_sexual_perversion,"""sexual perversion"" OR ""sexual pervert"" OR ""sexual perversions""",1953,2
T2_sexual_perversion,"""sexual perversion"" OR ""sexual pervert"" OR ""sexual perversions""",1954,1
T2_sexual_perversion,"""sexual perversion"" OR ""sexual pervert"" OR ""sexual perversions""",1955,0
T2_sexual_perversion,"""sexual perversion"" OR ""sexual pervert"" OR ""sexual perversions""",1956,2
T2_sexual_perversion,"""sexual perversion"" OR ""sexual pervert"" OR ""sexual perversions""",1957,2
T2_sexual_perversion,"""sexual perversion"" OR ""sexual pervert"" OR ""sexual perversions""",1958,0
T2_sexual_perversion,"""sexual perversion"" OR ""sexual pervert"" OR ""sexual perversions""",1959,0
T2_sexual_perversion,"""sexual perversion"" OR ""sexual pervert"" OR ""sexual perversions""",1960,1
T2_sexual_perversion,"""sexual perversion"" OR ""sexual pervert"" OR ""sexual perversions""",1961,1
T2_sexual_perversion,"""sexual perversion"" OR ""sexual pervert"" OR ""sexual perversions""",1962,1
T2_sexual_perversion,"""sexual perversion"" OR ""sexual pervert"" OR ""sexual perversions""",1963,1
T2_sexual_perversion,"""sexual perversion"" OR ""sexual pervert"" OR ""sexual perversions""",1964,2
T2_sexual_perversion,"""sexual perversion"" OR ""sexual pervert"" OR ""sexual perversions""",1965,1
T2_sexual_perversion,"""sexual perversion"" OR ""sexual pervert"" OR ""sexual perversions""",1966,2
T2_sexual_perversion,"""sexual perversion"" OR ""sexual pervert"" OR ""sexual perversions""",1967,0
T2_sexual_perversion,"""sexual perversion"" OR ""sexual pervert"" OR ""sexual perversions""",1968,3
T2_sexual_perversion,"""sexual perversion"" OR ""sexual pervert"" OR ""sexual perversions""",1969,3
T2_sexual_perversion,"""sexual perversion"" OR ""sexual pervert"" OR ""sexual perversions""",1970,1
T2_sexual_perversion,"""sexual perversion"" OR ""sexual pervert"" OR ""sexual perversions""",1971,2
T2_sexual_perversion,"""sexual perversion"" OR ""sexual pervert"" OR ""sexual perversions""",1972,1
T2_sexual_perversion,"""sexual perversion"" OR ""sexual pervert"" OR ""sexual perversions""",1973,1
T2_sexual_perversion,"""sexual perversion"" OR ""sexual pervert"" OR ""sexual perversions""",1974,2
T2_sexual_perversion,"""sexual perversion"" OR ""sexual pervert"" OR ""sexual perversions""",1975,2
T2_sexual_perversion,"""sexual perversion"" OR ""sexual pervert"" OR ""sexual perversions""",1976,1
T2_sexual_perversion,"""sexual perversion"" OR ""sexual pervert"" OR ""sexual perversions""",1977,1
T2_sexual_perversion,"""sexual perversion"" OR ""sexual pervert"" OR ""sexual perversions""",1978,2
T2_sexual_perversion,"""sexual perversion"" OR ""sexual pervert"" OR ""sexual perversions""",1979,2
T2_sexual_perversion,"""sexual perversion"" OR ""sexual pervert"" OR ""sexual perversions""",1980,3
T2_sexual_perversion,"""sexual perversion"" OR ""sexual pervert"" OR ""sexual perversions""",1981,1
T2_sexual_perversion,"""sexual perversion"" OR ""sexual pervert"" OR ""sexual perversions""",1982,0
T2_sexual_perversion,"""sexual perversion"" OR ""sexual pervert"" OR ""sexual perversions""",1983,1
T2_sexual_perversion,"""sexual perversion"" OR ""sexual pervert"" OR ""sexual perversions""",1984,2
T2_sexual_perversion,"""sexual perversion"" OR ""sexual pervert"" OR ""sexual perversions""",1985,0
T2_sexual_perversion,"""sexual perversion"" OR ""sexual pervert"" OR ""sexual perversions""",1986,0
T2_sexual_perversion,"""sexual perversion"" OR ""sexual pervert"" OR ""sexual perversions""",1987,0
T2_sexual_perversion,"""sexual perversion"" OR ""sexual pervert"" OR ""sexual perversions""",1988,1
T2_sexual_perversion,"""sexual perversion"" OR ""sexual pervert"" OR ""sexual perversions""",1989,2
T2_sexual_perversion,"""sexual perversion"" OR ""sexual pervert"" OR ""sexual perversions""",1990,2
T2_sexual_perversion,"""sexual perversion"" OR ""sexual pervert"" OR ""sexual perversions""",1991,1
T2_sexual_perversion,"""sexual perversion"" OR ""sexual pervert"" OR ""sexual perversions""",1992,4
T2_sexual_perversion,"""sexual perversion"" OR ""sexual pervert"" OR ""sexual perversions""",1993,3
T2_sexual_perversion,"""sexual perversion"" OR ""sexual pervert"" OR ""sexual perversions""",1994,4
T2_sexual_perversion,"""sexual perversion"" OR ""sexual pervert"" OR ""sexual perversions""",1995,6
T2_sexual_perversion,"""sexual perversion"" OR ""sexual pervert"" OR ""sexual perversions""",1996,3
T2_sexual_perversion,"""sexual perversion"" OR ""sexual pervert"" OR ""sexual perversions""",1997,1
T2_sexual_perversion,"""sexual perversion"" OR ""sexual pervert"" OR ""sexual perversions""",1998,0
T2_sexual_perversion,"""sexual perversion"" OR ""sexual pervert"" OR ""sexual perversions""",1999,2
T2_sexual_perversion,"""sexual perversion"" OR ""sexual pervert"" OR ""sexual perversions""",2000,2
T2_sexual_perversion,"""sexual perversion"" OR ""sexual pervert"" OR ""sexual perversions""",2001,0
T2_sexual_perversion,"""sexual perversion"" OR ""sexual pervert"" OR ""sexual perversions""",2002,0
T2_sexual_perversion,"""sexual perversion"" OR ""sexual pervert"" OR ""sexual perversions""",2003,1
T2_sexual_perversion,"""sexual perversion"" OR ""sexual pervert"" OR ""sexual perversions""",2004,1
T2_sexual_perversion,"""sexual perversion"" OR ""sexual pervert"" OR ""sexual perversions""",2005,2
T2_sexual_perversion,"""sexual perversion"" OR ""sexual pervert"" OR ""sexual perversions""",2006,2
T2_sexual_perversion,"""sexual perversion"" OR ""sexual pervert"" OR ""sexual perversions""",2007,1
T2_sexual_perversion,"""sexual perversion"" OR ""sexual pervert"" OR ""sexual perversions""",2008,2
T2_sexual_perversion,"""sexual perversion"" OR ""sexual pervert"" OR ""sexual perversions""",2009,1
T2_sexual_perversion,"""sexual perversion"" OR ""sexual pervert"" OR ""sexual perversions""",2010,0
T2_sexual_perversion,"""sexual perversion"" OR ""sexual pervert"" OR ""sexual perversions""",2011,0
T2_sexual_perversion,"""sexual perversion"" OR ""sexual pervert"" OR ""sexual perversions""",2012,2
T2_sexual_perversion,"""sexual perversion"" OR ""sexual pervert"" OR ""sexual perversions""",2013,3
T2_sexual_perversion,"""sexual perversion"" OR ""sexual pervert"" OR ""sexual perversions""",2014,4
T2_sexual_perversion,"""sexual perversion"" OR ""sexual pervert"" OR ""sexual perversions""",2015,4
T2_sexual_perversion,"""sexual perversion"" OR ""sexual pervert"" OR ""sexual perversions""",2016,5
T2_sexual_perversion,"""sexual perversion"" OR ""sexual pervert"" OR ""sexual perversions""",2017,0
T2_sexual_perversion,"""sexual perversion"" OR ""sexual pervert"" OR ""sexual perversions""",2018,1
T2_sexual_perversion,"""sexual perversion"" OR ""sexual pervert"" OR ""sexual perversions""",2019,0
T2_sexual_perversion,"""sexual perversion"" OR ""sexual pervert"" OR ""sexual perversions""",2020,2
T2_sexual_perversion,"""sexual perversion"" OR ""sexual pervert"" OR ""sexual perversions""",2021,3
T2_sexual_perversion,"""sexual perversion"" OR ""sexual pervert"" OR ""sexual perversions""",2022,2
T2_sexual_perversion,"""sexual perversion"" OR ""sexual pervert"" OR ""sexual perversions""",2023,1
T2_sexual_perversion,"""sexual perversion"" OR ""sexual pervert"" OR ""sexual perversions""",2024,1
T2_sodomy_clinical,"sodomy OR sodomite OR ""sodomitical""",1950,2
T2_sodomy_clinical,"sodomy OR sodomite OR ""sodomitical""",1951,1
T2_sodomy_clinical,"sodomy OR sodomite OR ""sodomitical""",1952,0
T2_sodomy_clinical,"sodomy OR sodomite OR ""sodomitical""",1953,0
T2_sodomy_clinical,"sodomy OR sodomite OR ""sodomitical""",1954,1
T2_sodomy_clinical,"sodomy OR sodomite OR ""sodomitical""",1955,1
T2_sodomy_clinical,"sodomy OR sodomite OR ""sodomitical""",1956,0
T2_sodomy_clinical,"sodomy OR sodomite OR ""sodomitical""",1957,0
T2_sodomy_clinical,"sodomy OR sodomite OR ""sodomitical""",1958,0
T2_sodomy_clinical,"sodomy OR sodomite OR ""sodomitical""",1959,0
T2_sodomy_clinical,"sodomy OR sodomite OR ""sodomitical""",1960,1
T2_sodomy_clinical,"sodomy OR sodomite OR ""sodomitical""",1961,0
T2_sodomy_clinical,"sodomy OR sodomite OR ""sodomitical""",1962,0
T2_sodomy_clinical,"sodomy OR sodomite OR ""sodomitical""",1963,0
T2_sodomy_clinical,"sodomy OR sodomite OR ""sodomitical""",1964,1
T2_sodomy_clinical,"sodomy OR sodomite OR ""sodomitical""",1965,0
T2_sodomy_clinical,"sodomy OR sodomite OR ""sodomitical""",1966,0
T2_sodomy_clinical,"sodomy OR sodomite OR ""sodomitical""",1967,0
T2_sodomy_clinical,"sodomy OR sodomite OR ""sodomitical""",1968,2
T2_sodomy_clinical,"sodomy OR sodomite OR ""sodomitical""",1969,0
T2_sodomy_clinical,"sodomy OR sodomite OR ""sodomitical""",1970,2
T2_sodomy_clinical,"sodomy OR sodomite OR ""sodomitical""",1971,0
T2_sodomy_clinical,"sodomy OR sodomite OR ""sodomitical""",1972,0
T2_sodomy_clinical,"sodomy OR sodomite OR ""sodomitical""",1973,0
T2_sodomy_clinical,"sodomy OR sodomite OR ""sodomitical""",1974,0
T2_sodomy_clinical,"sodomy OR sodomite OR ""sodomitical""",1975,1
T2_sodomy_clinical,"sodomy OR sodomite OR ""sodomitical""",1976,3
T2_sodomy_clinical,"sodomy OR sodomite OR ""sodomitical""",1977,0
T2_sodomy_clinical,"sodomy OR sodomite OR ""sodomitical""",1978,5
T2_sodomy_clinical,"sodomy OR sodomite OR ""sodomitical""",1979,2
T2_sodomy_clinical,"sodomy OR sodomite OR ""sodomitical""",1980,7
T2_sodomy_clinical,"sodomy OR sodomite OR ""sodomitical""",1981,3
T2_sodomy_clinical,"sodomy OR sodomite OR ""sodomitical""",1982,0
T2_sodomy_clinical,"sodomy OR sodomite OR ""sodomitical""",1983,0
T2_sodomy_clinical,"sodomy OR sodomite OR ""sodomitical""",1984,0
T2_sodomy_clinical,"sodomy OR sodomite OR ""sodomitical""",1985,1
T2_sodomy_clinical,"sodomy OR sodomite OR ""sodomitical""",1986,2
T2_sodomy_clinical,"sodomy OR sodomite OR ""sodomitical""",1987,1
T2_sodomy_clinical,"sodomy OR sodomite OR ""sodomitical""",1988,15
T2_sodomy_clinical,"sodomy OR sodomite OR ""sodomitical""",1989,2
T2_sodomy_clinical,"sodomy OR sodomite OR ""sodomitical""",1990,4
T2_sodomy_clinical,"sodomy OR sodomite OR ""sodomitical""",1991,4
T2_sodomy_clinical,"sodomy OR sodomite OR ""sodomitical""",1992,6
T2_sodomy_clinical,"sodomy OR sodomite OR ""sodomitical""",1993,2
T2_sodomy_clinical,"sodomy OR sodomite OR ""sodomitical""",1994,2
T2_sodomy_clinical,"sodomy OR sodomite OR ""sodomitical""",1995,3
T2_sodomy_clinical,"sodomy OR sodomite OR ""sodomitical""",1996,3
T2_sodomy_clinical,"sodomy OR sodomite OR ""sodomitical""",1997,3
T2_sodomy_clinical,"sodomy OR sodomite OR ""sodomitical""",1998,2
T2_sodomy_clinical,"sodomy OR sodomite OR ""sodomitical""",1999,2
T2_sodomy_clinical,"sodomy OR sodomite OR ""sodomitical""",2000,2
T2_sodomy_clinical,"sodomy OR sodomite OR ""sodomitical""",2001,3
T2_sodomy_clinical,"sodomy OR sodomite OR ""sodomitical""",2002,3
T2_sodomy_clinical,"sodomy OR sodomite OR ""sodomitical""",2003,3
T2_sodomy_clinical,"sodomy OR sodomite OR ""sodomitical""",2004,1
T2_sodomy_clinical,"sodomy OR sodomite OR ""sodomitical""",2005,4
T2_sodomy_clinical,"sodomy OR sodomite OR ""sodomitical""",2006,2
T2_sodomy_clinical,"sodomy OR sodomite OR ""sodomitical""",2007,0
T2_sodomy_clinical,"sodomy OR sodomite OR ""sodomitical""",2008,4
T2_sodomy_clinical,"sodomy OR sodomite OR ""sodomitical""",2009,0
T2_sodomy_clinical,"sodomy OR sodomite OR ""sodomitical""",2010,3
T2_sodomy_clinical,"sodomy OR sodomite OR ""sodomitical""",2011,3
T2_sodomy_clinical,"sodomy OR sodomite OR ""sodomitical""",2012,2
T2_sodomy_clinical,"sodomy OR sodomite OR ""sodomitical""",2013,2
T2_sodomy_clinical,"sodomy OR sodomite OR ""sodomitical""",2014,4
T2_sodomy_clinical,"sodomy OR sodomite OR ""sodomitical""",2015,7
T2_sodomy_clinical,"sodomy OR sodomite OR ""sodomitical""",2016,2
T2_sodomy_clinical,"sodomy OR sodomite OR ""sodomitical""",2017,3
T2_sodomy_clinical,"sodomy OR sodomite OR ""sodomitical""",2018,2
T2_sodomy_clinical,"sodomy OR sodomite OR ""sodomitical""",2019,5
T2_sodomy_clinical,"sodomy OR sodomite OR ""sodomitical""",2020,1
T2_sodomy_clinical,"sodomy OR sodomite OR ""sodomitical""",2021,4
T2_sodomy_clinical,"sodomy OR sodomite OR ""sodomitical""",2022,3
T2_sodomy_clinical,"sodomy OR sodomite OR ""sodomitical""",2023,2
T2_sodomy_clinical,"sodomy OR sodomite OR ""sodomitical""",2024,5
T2_frigidity,frigidity OR frigid,1950,8
T2_frigidity,frigidity OR frigid,1951,7
T2_frigidity,frigidity OR frigid,1952,7
T2_frigidity,frigidity OR frigid,1953,10
T2_frigidity,frigidity OR frigid,1954,6
T2_frigidity,frigidity OR frigid,1955,7
T2_frigidity,frigidity OR frigid,1956,6
T2_frigidity,frigidity OR frigid,1957,8
T2_frigidity,frigidity OR frigid,1958,6
T2_frigidity,frigidity OR frigid,1959,10
T2_frigidity,frigidity OR frigid,1960,3
T2_frigidity,frigidity OR frigid,1961,5
T2_frigidity,frigidity OR frigid,1962,3
T2_frigidity,frigidity OR frigid,1963,8
T2_frigidity,frigidity OR frigid,1964,15
T2_frigidity,frigidity OR frigid,1965,2
T2_frigidity,frigidity OR frigid,1966,7
T2_frigidity,frigidity OR frigid,1967,8
T2_frigidity,frigidity OR frigid,1968,7
T2_frigidity,frigidity OR frigid,1969,6
T2_frigidity,frigidity OR frigid,1970,13
T2_frigidity,frigidity OR frigid,1971,5
T2_frigidity,frigidity OR frigid,1972,6
T2_frigidity,frigidity OR frigid,1973,6
T2_frigidity,frigidity OR frigid,1974,10
T2_frigidity,frigidity OR frigid,1975,6
T2_frigidity,frigidity OR frigid,1976,18
T2_frigidity,frigidity OR frigid,1977,9
T2_frigidity,frigidity OR frigid,1978,4
T2_frigidity,frigidity OR frigid,1979,4
T2_frigidity,frigidity OR frigid,1980,4
T2_frigidity,frigidity OR frigid,1981,3
T2_frigidity,frigidity OR frigid,1982,9
T2_frigidity,frigidity OR frigid,1983,4
T2_frigidity,frigidity OR frigid,1984,3
T2_frigidity,frigidity OR frigid,1985,4
T2_frigidity,frigidity OR frigid,1986,5
T2_frigidity,frigidity OR frigid,1987,6
T2_frigidity,frigidity OR frigid,1988,6
T2_frigidity,frigidity OR frigid,1989,5
T2_frigidity,frigidity OR frigid,1990,2
T2_frigidity,frigidity OR frigid,1991,4
T2_frigidity,frigidity OR frigid,1992,2
T2_frigidity,frigidity OR frigid,1993,1
T2_frigidity,frigidity OR frigid,1994,6
T2_frigidity,frigidity OR frigid,1995,1
T2_frigidity,frigidity OR frigid,1996,5
T2_frigidity,frigidity OR frigid,1997,3
T2_frigidity,frigidity OR frigid,1998,4
T2_frigidity,frigidity OR frigid,1999,2
T2_frigidity,frigidity OR frigid,2000,4
T2_frigidity,frigidity OR frigid,2001,4
T2_frigidity,frigidity OR frigid,2002,4
T2_frigidity,frigidity OR frigid,2003,5
T2_frigidity,frigidity OR frigid,2004,4
T2_frigidity,frigidity OR frigid,2005,8
T2_frigidity,frigidity OR frigid,2006,6
T2_frigidity,frigidity OR frigid,2007,9
T2_frigidity,frigidity OR frigid,2008,9
T2_frigidity,frigidity OR frigid,2009,6
T2_frigidity,frigidity OR frigid,2010,7
T2_frigidity,frigidity OR frigid,2011,7
T2_frigidity,frigidity OR frigid,2012,5
T2_frigidity,frigidity OR frigid,2013,4
T2_frigidity,frigidity OR frigid,2014,2
T2_frigidity,frigidity OR frigid,2015,3
T2_frigidity,frigidity OR frigid,2016,8
T2_frigidity,frigidity OR frigid,2017,10
T2_frigidity,frigidity OR frigid,2018,9
T2_frigidity,frigidity OR frigid,2019,9
T2_frigidity,frigidity OR frigid,2020,15
T2_frigidity,frigidity OR frigid,2021,17
T2_frigidity,frigidity OR frigid,2022,26
T2_frigidity,frigidity OR frigid,2023,24
T2_frigidity,frigidity OR frigid,2024,27
T2_nymphomania,nymphomania OR nymphomaniac OR nymphomaniacal,1950,1
T2_nymphomania,nymphomania OR nymphomaniac OR nymphomaniacal,1951,1
T2_nymphomania,nymphomania OR nymphomaniac OR nymphomaniacal,1952,2
T2_nymphomania,nymphomania OR nymphomaniac OR nymphomaniacal,1953,0
T2_nymphomania,nymphomania OR nymphomaniac OR nymphomaniacal,1954,1
T2_nymphomania,nymphomania OR nymphomaniac OR nymphomaniacal,1955,0
T2_nymphomania,nymphomania OR nymphomaniac OR nymphomaniacal,1956,0
T2_nymphomania,nymphomania OR nymphomaniac OR nymphomaniacal,1957,0
T2_nymphomania,nymphomania OR nymphomaniac OR nymphomaniacal,1958,1
T2_nymphomania,nymphomania OR nymphomaniac OR nymphomaniacal,1959,1
T2_nymphomania,nymphomania OR nymphomaniac OR nymphomaniacal,1960,1
T2_nymphomania,nymphomania OR nymphomaniac OR nymphomaniacal,1961,0
T2_nymphomania,nymphomania OR nymphomaniac OR nymphomaniacal,1962,0
T2_nymphomania,nymphomania OR nymphomaniac OR nymphomaniacal,1963,1
T2_nymphomania,nymphomania OR nymphomaniac OR nymphomaniacal,1964,1
T2_nymphomania,nymphomania OR nymphomaniac OR nymphomaniacal,1965,0
T2_nymphomania,nymphomania OR nymphomaniac OR nymphomaniacal,1966,0
T2_nymphomania,nymphomania OR nymphomaniac OR nymphomaniacal,1967,0
T2_nymphomania,nymphomania OR nymphomaniac OR nymphomaniacal,1968,1
T2_nymphomania,nymphomania OR nymphomaniac OR nymphomaniacal,1969,0
T2_nymphomania,nymphomania OR nymphomaniac OR nymphomaniacal,1970,1
T2_nymphomania,nymphomania OR nymphomaniac OR nymphomaniacal,1971,0
T2_nymphomania,nymphomania OR nymphomaniac OR nymphomaniacal,1972,4
T2_nymphomania,nymphomania OR nymphomaniac OR nymphomaniacal,1973,3
T2_nymphomania,nymphomania OR nymphomaniac OR nymphomaniacal,1974,0
T2_nymphomania,nymphomania OR nymphomaniac OR nymphomaniacal,1975,0
T2_nymphomania,nymphomania OR nymphomaniac OR nymphomaniacal,1976,0
T2_nymphomania,nymphomania OR nymphomaniac OR nymphomaniacal,1977,2
T2_nymphomania,nymphomania OR nymphomaniac OR nymphomaniacal,1978,0
T2_nymphomania,nymphomania OR nymphomaniac OR nymphomaniacal,1979,1
T2_nymphomania,nymphomania OR nymphomaniac OR nymphomaniacal,1980,0
T2_nymphomania,nymphomania OR nymphomaniac OR nymphomaniacal,1981,1
T2_nymphomania,nymphomania OR nymphomaniac OR nymphomaniacal,1982,2
T2_nymphomania,nymphomania OR nymphomaniac OR nymphomaniacal,1983,0
T2_nymphomania,nymphomania OR nymphomaniac OR nymphomaniacal,1984,0
T2_nymphomania,nymphomania OR nymphomaniac OR nymphomaniacal,1985,0
T2_nymphomania,nymphomania OR nymphomaniac OR nymphomaniacal,1986,0
T2_nymphomania,nymphomania OR nymphomaniac OR nymphomaniacal,1987,0
T2_nymphomania,nymphomania OR nymphomaniac OR nymphomaniacal,1988,0
T2_nymphomania,nymphomania OR nymphomaniac OR nymphomaniacal,1989,1
T2_nymphomania,nymphomania OR nymphomaniac OR nymphomaniacal,1990,0
T2_nymphomania,nymphomania OR nymphomaniac OR nymphomaniacal,1991,2
T2_nymphomania,nymphomania OR nymphomaniac OR nymphomaniacal,1992,0
T2_nymphomania,nymphomania OR nymphomaniac OR nymphomaniacal,1993,0
T2_nymphomania,nymphomania OR nymphomaniac OR nymphomaniacal,1994,0
T2_nymphomania,nymphomania OR nymphomaniac OR nymphomaniacal,1995,1
T2_nymphomania,nymphomania OR nymphomaniac OR nymphomaniacal,1996,0
T2_nymphomania,nymphomania OR nymphomaniac OR nymphomaniacal,1997,0
T2_nymphomania,nymphomania OR nymphomaniac OR nymphomaniacal,1998,0
T2_nymphomania,nymphomania OR nymphomaniac OR nymphomaniacal,1999,0
T2_nymphomania,nymphomania OR nymphomaniac OR nymphomaniacal,2000,0
T2_nymphomania,nymphomania OR nymphomaniac OR nymphomaniacal,2001,1
T2_nymphomania,nymphomania OR nymphomaniac OR nymphomaniacal,2002,3
T2_nymphomania,nymphomania OR nymphomaniac OR nymphomaniacal,2003,0
T2_nymphomania,nymphomania OR nymphomaniac OR nymphomaniacal,2004,1
T2_nymphomania,nymphomania OR nymphomaniac OR nymphomaniacal,2005,1
T2_nymphomania,nymphomania OR nymphomaniac OR nymphomaniacal,2006,3
T2_nymphomania,nymphomania OR nymphomaniac OR nymphomaniacal,2007,1
T2_nymphomania,nymphomania OR nymphomaniac OR nymphomaniacal,2008,0
T2_nymphomania,nymphomania OR nymphomaniac OR nymphomaniacal,2009,1
T2_nymphomania,nymphomania OR nymphomaniac OR nymphomaniacal,2010,1
T2_nymphomania,nymphomania OR nymphomaniac OR nymphomaniacal,2011,0
T2_nymphomania,nymphomania OR nymphomaniac OR nymphomaniacal,2012,0
T2_nymphomania,nymphomania OR nymphomaniac OR nymphomaniacal,2013,1
T2_nymphomania,nymphomania OR nymphomaniac OR nymphomaniacal,2014,0
T2_nymphomania,nymphomania OR nymphomaniac OR nymphomaniacal,2015,0
T2_nymphomania,nymphomania OR nymphomaniac OR nymphomaniacal,2016,0
T2_nymphomania,nymphomania OR nymphomaniac OR nymphomaniacal,2017,0
T2_nymphomania,nymphomania OR nymphomaniac OR nymphomaniacal,2018,0
T2_nymphomania,nymphomania OR nymphomaniac OR nymphomaniacal,2019,1
T2_nymphomania,nymphomania OR nymphomaniac OR nymphomaniacal,2020,0
T2_nymphomania,nymphomania OR nymphomaniac OR nymphomaniacal,2021,3
T2_nymphomania,nymphomania OR nymphomaniac OR nymphomaniacal,2022,2
T2_nymphomania,nymphomania OR nymphomaniac OR nymphomaniacal,2023,1
T2_nymphomania,nymphomania OR nymphomaniac OR nymphomaniacal,2024,0
T2_onanism,"onanism OR ""self-abuse"" OR ""self abuse"" OR ""self-pollution""",1950,1
T2_onanism,"onanism OR ""self-abuse"" OR ""self abuse"" OR ""self-pollution""",1951,2
T2_onanism,"onanism OR ""self-abuse"" OR ""self abuse"" OR ""self-pollution""",1952,2
T2_onanism,"onanism OR ""self-abuse"" OR ""self abuse"" OR ""self-pollution""",1953,0
T2_onanism,"onanism OR ""self-abuse"" OR ""self abuse"" OR ""self-pollution""",1954,0
T2_onanism,"onanism OR ""self-abuse"" OR ""self abuse"" OR ""self-pollution""",1955,0
T2_onanism,"onanism OR ""self-abuse"" OR ""self abuse"" OR ""self-pollution""",1956,0
T2_onanism,"onanism OR ""self-abuse"" OR ""self abuse"" OR ""self-pollution""",1957,0
T2_onanism,"onanism OR ""self-abuse"" OR ""self abuse"" OR ""self-pollution""",1958,1
T2_onanism,"onanism OR ""self-abuse"" OR ""self abuse"" OR ""self-pollution""",1959,0
T2_onanism,"onanism OR ""self-abuse"" OR ""self abuse"" OR ""self-pollution""",1960,0
T2_onanism,"onanism OR ""self-abuse"" OR ""self abuse"" OR ""self-pollution""",1961,0
T2_onanism,"onanism OR ""self-abuse"" OR ""self abuse"" OR ""self-pollution""",1962,0
T2_onanism,"onanism OR ""self-abuse"" OR ""self abuse"" OR ""self-pollution""",1963,0
T2_onanism,"onanism OR ""self-abuse"" OR ""self abuse"" OR ""self-pollution""",1964,0
T2_onanism,"onanism OR ""self-abuse"" OR ""self abuse"" OR ""self-pollution""",1965,0
T2_onanism,"onanism OR ""self-abuse"" OR ""self abuse"" OR ""self-pollution""",1966,1
T2_onanism,"onanism OR ""self-abuse"" OR ""self abuse"" OR ""self-pollution""",1967,0
T2_onanism,"onanism OR ""self-abuse"" OR ""self abuse"" OR ""self-pollution""",1968,0
T2_onanism,"onanism OR ""self-abuse"" OR ""self abuse"" OR ""self-pollution""",1969,1
T2_onanism,"onanism OR ""self-abuse"" OR ""self abuse"" OR ""self-pollution""",1970,2
T2_onanism,"onanism OR ""self-abuse"" OR ""self abuse"" OR ""self-pollution""",1971,0
T2_onanism,"onanism OR ""self-abuse"" OR ""self abuse"" OR ""self-pollution""",1972,1
T2_onanism,"onanism OR ""self-abuse"" OR ""self abuse"" OR ""self-pollution""",1973,0
T2_onanism,"onanism OR ""self-abuse"" OR ""self abuse"" OR ""self-pollution""",1974,2
T2_onanism,"onanism OR ""self-abuse"" OR ""self abuse"" OR ""self-pollution""",1975,1
T2_onanism,"onanism OR ""self-abuse"" OR ""self abuse"" OR ""self-pollution""",1976,0
T2_onanism,"onanism OR ""self-abuse"" OR ""self abuse"" OR ""self-pollution""",1977,1
T2_onanism,"onanism OR ""self-abuse"" OR ""self abuse"" OR ""self-pollution""",1978,1
T2_onanism,"onanism OR ""self-abuse"" OR ""self abuse"" OR ""self-pollution""",1979,1
T2_onanism,"onanism OR ""self-abuse"" OR ""self abuse"" OR ""self-pollution""",1980,2
T2_onanism,"onanism OR ""self-abuse"" OR ""self abuse"" OR ""self-pollution""",1981,0
T2_onanism,"onanism OR ""self-abuse"" OR ""self abuse"" OR ""self-pollution""",1982,0
T2_onanism,"onanism OR ""self-abuse"" OR ""self abuse"" OR ""self-pollution""",1983,3
T2_onanism,"onanism OR ""self-abuse"" OR ""self abuse"" OR ""self-pollution""",1984,4
T2_onanism,"onanism OR ""self-abuse"" OR ""self abuse"" OR ""self-pollution""",1985,0
T2_onanism,"onanism OR ""self-abuse"" OR ""self abuse"" OR ""self-pollution""",1986,0
T2_onanism,"onanism OR ""self-abuse"" OR ""self abuse"" OR ""self-pollution""",1987,2
T2_onanism,"onanism OR ""self-abuse"" OR ""self abuse"" OR ""self-pollution""",1988,0
T2_onanism,"onanism OR ""self-abuse"" OR ""self abuse"" OR ""self-pollution""",1989,3
T2_onanism,"onanism OR ""self-abuse"" OR ""self abuse"" OR ""self-pollution""",1990,1
T2_onanism,"onanism OR ""self-abuse"" OR ""self abuse"" OR ""self-pollution""",1991,4
T2_onanism,"onanism OR ""self-abuse"" OR ""self abuse"" OR ""self-pollution""",1992,0
T2_onanism,"onanism OR ""self-abuse"" OR ""self abuse"" OR ""self-pollution""",1993,1
T2_onanism,"onanism OR ""self-abuse"" OR ""self abuse"" OR ""self-pollution""",1994,3
T2_onanism,"onanism OR ""self-abuse"" OR ""self abuse"" OR ""self-pollution""",1995,1
T2_onanism,"onanism OR ""self-abuse"" OR ""self abuse"" OR ""self-pollution""",1996,1
T2_onanism,"onanism OR ""self-abuse"" OR ""self abuse"" OR ""self-pollution""",1997,1
T2_onanism,"onanism OR ""self-abuse"" OR ""self abuse"" OR ""self-pollution""",1998,0
T2_onanism,"onanism OR ""self-abuse"" OR ""self abuse"" OR ""self-pollution""",1999,2
T2_onanism,"onanism OR ""self-abuse"" OR ""self abuse"" OR ""self-pollution""",2000,1
T2_onanism,"onanism OR ""self-abuse"" OR ""self abuse"" OR ""self-pollution""",2001,2
T2_onanism,"onanism OR ""self-abuse"" OR ""self abuse"" OR ""self-pollution""",2002,3
T2_onanism,"onanism OR ""self-abuse"" OR ""self abuse"" OR ""self-pollution""",2003,0
T2_onanism,"onanism OR ""self-abuse"" OR ""self abuse"" OR ""self-pollution""",2004,2
T2_onanism,"onanism OR ""self-abuse"" OR ""self abuse"" OR ""self-pollution""",2005,2
T2_onanism,"onanism OR ""self-abuse"" OR ""self abuse"" OR ""self-pollution""",2006,3
T2_onanism,"onanism OR ""self-abuse"" OR ""self abuse"" OR ""self-pollution""",2007,2
T2_onanism,"onanism OR ""self-abuse"" OR ""self abuse"" OR ""self-pollution""",2008,1
T2_onanism,"onanism OR ""self-abuse"" OR ""self abuse"" OR ""self-pollution""",2009,3
T2_onanism,"onanism OR ""self-abuse"" OR ""self abuse"" OR ""self-pollution""",2010,3
T2_onanism,"onanism OR ""self-abuse"" OR ""self abuse"" OR ""self-pollution""",2011,3
T2_onanism,"onanism OR ""self-abuse"" OR ""self abuse"" OR ""self-pollution""",2012,2
T2_onanism,"onanism OR ""self-abuse"" OR ""self abuse"" OR ""self-pollution""",2013,3
T2_onanism,"onanism OR ""self-abuse"" OR ""self abuse"" OR ""self-pollution""",2014,1
T2_onanism,"onanism OR ""self-abuse"" OR ""self abuse"" OR ""self-pollution""",2015,0
T2_onanism,"onanism OR ""self-abuse"" OR ""self abuse"" OR ""self-pollution""",2016,1
T2_onanism,"onanism OR ""self-abuse"" OR ""self abuse"" OR ""self-pollution""",2017,2
T2_onanism,"onanism OR ""self-abuse"" OR ""self abuse"" OR ""self-pollution""",2018,4
T2_onanism,"onanism OR ""self-abuse"" OR ""self abuse"" OR ""self-pollution""",2019,3
T2_onanism,"onanism OR ""self-abuse"" OR ""self abuse"" OR ""self-pollution""",2020,1
T2_onanism,"onanism OR ""self-abuse"" OR ""self abuse"" OR ""self-pollution""",2021,7
T2_onanism,"onanism OR ""self-abuse"" OR ""self abuse"" OR ""self-pollution""",2022,2
T2_onanism,"onanism OR ""self-abuse"" OR ""self abuse"" OR ""self-pollution""",2023,0
T2_onanism,"onanism OR ""self-abuse"" OR ""self abuse"" OR ""self-pollution""",2024,1
T2_drapetomania,drapetomania,1950,0
T2_drapetomania,drapetomania,1951,0
T2_drapetomania,drapetomania,1952,0
T2_drapetomania,drapetomania,1953,0
T2_drapetomania,drapetomania,1954,0
T2_drapetomania,drapetomania,1955,0
T2_drapetomania,drapetomania,1956,0
T2_drapetomania,drapetomania,1957,0
T2_drapetomania,drapetomania,1958,0
T2_drapetomania,drapetomania,1959,0
T2_drapetomania,drapetomania,1960,0
T2_drapetomania,drapetomania,1961,0
T2_drapetomania,drapetomania,1962,0
T2_drapetomania,drapetomania,1963,0
T2_drapetomania,drapetomania,1964,0
T2_drapetomania,drapetomania,1965,0
T2_drapetomania,drapetomania,1966,0
T2_drapetomania,drapetomania,1967,0
T2_drapetomania,drapetomania,1968,0
T2_drapetomania,drapetomania,1969,0
T2_drapetomania,drapetomania,1970,0
T2_drapetomania,drapetomania,1971,0
T2_drapetomania,drapetomania,1972,0
T2_drapetomania,drapetomania,1973,0
T2_drapetomania,drapetomania,1974,0
T2_drapetomania,drapetomania,1975,0
T2_drapetomania,drapetomania,1976,0
T2_drapetomania,drapetomania,1977,0
T2_drapetomania,drapetomania,1978,0
T2_drapetomania,drapetomania,1979,0
T2_drapetomania,drapetomania,1980,0
T2_drapetomania,drapetomania,1981,0
T2_drapetomania,drapetomania,1982,0
T2_drapetomania,drapetomania,1983,0
T2_drapetomania,drapetomania,1984,0
T2_drapetomania,drapetomania,1985,0
T2_drapetomania,drapetomania,1986,0
T2_drapetomania,drapetomania,1987,0
T2_drapetomania,drapetomania,1988,0
T2_drapetomania,drapetomania,1989,0
T2_drapetomania,drapetomania,1990,0
T2_drapetomania,drapetomania,1991,0
T2_drapetomania,drapetomania,1992,0
T2_drapetomania,drapetomania,1993,0
T2_drapetomania,drapetomania,1994,0
T2_drapetomania,drapetomania,1995,0
T2_drapetomania,drapetomania,1996,0
T2_drapetomania,drapetomania,1997,0
T2_drapetomania,drapetomania,1998,0
T2_drapetomania,drapetomania,1999,0
T2_drapetomania,drapetomania,2000,1
T2_drapetomania,drapetomania,2001,0
T2_drapetomania,drapetomania,2002,0
T2_drapetomania,drapetomania,2003,0
T2_drapetomania,drapetomania,2004,0
T2_drapetomania,drapetomania,2005,0
T2_drapetomania,drapetomania,2006,0
T2_drapetomania,drapetomania,2007,0
T2_drapetomania,drapetomania,2008,0
T2_drapetomania,drapetomania,2009,0
T2_drapetomania,drapetomania,2010,0
T2_drapetomania,drapetomania,2011,0
T2_drapetomania,drapetomania,2012,0
T2_drapetomania,drapetomania,2013,0
T2_drapetomania,drapetomania,2014,0
T2_drapetomania,drapetomania,2015,0
T2_drapetomania,drapetomania,2016,0
T2_drapetomania,drapetomania,2017,1
T2_drapetomania,drapetomania,2018,0
T2_drapetomania,drapetomania,2019,1
T2_drapetomania,drapetomania,2020,0
T2_drapetomania,drapetomania,2021,1
T2_drapetomania,drapetomania,2022,1
T2_drapetomania,drapetomania,2023,0
T2_drapetomania,drapetomania,2024,0
T2_dysaesthesia_aeth,"""dysaesthesia aethiopica"" OR ""dysesthesia aethiopica""",1950,0
T2_dysaesthesia_aeth,"""dysaesthesia aethiopica"" OR ""dysesthesia aethiopica""",1951,0
T2_dysaesthesia_aeth,"""dysaesthesia aethiopica"" OR ""dysesthesia aethiopica""",1952,0
T2_dysaesthesia_aeth,"""dysaesthesia aethiopica"" OR ""dysesthesia aethiopica""",1953,0
T2_dysaesthesia_aeth,"""dysaesthesia aethiopica"" OR ""dysesthesia aethiopica""",1954,0
T2_dysaesthesia_aeth,"""dysaesthesia aethiopica"" OR ""dysesthesia aethiopica""",1955,0
T2_dysaesthesia_aeth,"""dysaesthesia aethiopica"" OR ""dysesthesia aethiopica""",1956,0
T2_dysaesthesia_aeth,"""dysaesthesia aethiopica"" OR ""dysesthesia aethiopica""",1957,0
T2_dysaesthesia_aeth,"""dysaesthesia aethiopica"" OR ""dysesthesia aethiopica""",1958,0
T2_dysaesthesia_aeth,"""dysaesthesia aethiopica"" OR ""dysesthesia aethiopica""",1959,0
T2_dysaesthesia_aeth,"""dysaesthesia aethiopica"" OR ""dysesthesia aethiopica""",1960,0
T2_dysaesthesia_aeth,"""dysaesthesia aethiopica"" OR ""dysesthesia aethiopica""",1961,0
T2_dysaesthesia_aeth,"""dysaesthesia aethiopica"" OR ""dysesthesia aethiopica""",1962,0
T2_dysaesthesia_aeth,"""dysaesthesia aethiopica"" OR ""dysesthesia aethiopica""",1963,0
T2_dysaesthesia_aeth,"""dysaesthesia aethiopica"" OR ""dysesthesia aethiopica""",1964,0
T2_dysaesthesia_aeth,"""dysaesthesia aethiopica"" OR ""dysesthesia aethiopica""",1965,0
T2_dysaesthesia_aeth,"""dysaesthesia aethiopica"" OR ""dysesthesia aethiopica""",1966,0
T2_dysaesthesia_aeth,"""dysaesthesia aethiopica"" OR ""dysesthesia aethiopica""",1967,0
T2_dysaesthesia_aeth,"""dysaesthesia aethiopica"" OR ""dysesthesia aethiopica""",1968,0
T2_dysaesthesia_aeth,"""dysaesthesia aethiopica"" OR ""dysesthesia aethiopica""",1969,0
T2_dysaesthesia_aeth,"""dysaesthesia aethiopica"" OR ""dysesthesia aethiopica""",1970,0
T2_dysaesthesia_aeth,"""dysaesthesia aethiopica"" OR ""dysesthesia aethiopica""",1971,0
T2_dysaesthesia_aeth,"""dysaesthesia aethiopica"" OR ""dysesthesia aethiopica""",1972,0
T2_dysaesthesia_aeth,"""dysaesthesia aethiopica"" OR ""dysesthesia aethiopica""",1973,0
T2_dysaesthesia_aeth,"""dysaesthesia aethiopica"" OR ""dysesthesia aethiopica""",1974,0
T2_dysaesthesia_aeth,"""dysaesthesia aethiopica"" OR ""dysesthesia aethiopica""",1975,0
T2_dysaesthesia_aeth,"""dysaesthesia aethiopica"" OR ""dysesthesia aethiopica""",1976,0
T2_dysaesthesia_aeth,"""dysaesthesia aethiopica"" OR ""dysesthesia aethiopica""",1977,0
T2_dysaesthesia_aeth,"""dysaesthesia aethiopica"" OR ""dysesthesia aethiopica""",1978,0
T2_dysaesthesia_aeth,"""dysaesthesia aethiopica"" OR ""dysesthesia aethiopica""",1979,0
T2_dysaesthesia_aeth,"""dysaesthesia aethiopica"" OR ""dysesthesia aethiopica""",1980,0
T2_dysaesthesia_aeth,"""dysaesthesia aethiopica"" OR ""dysesthesia aethiopica""",1981,0
T2_dysaesthesia_aeth,"""dysaesthesia aethiopica"" OR ""dysesthesia aethiopica""",1982,0
T2_dysaesthesia_aeth,"""dysaesthesia aethiopica"" OR ""dysesthesia aethiopica""",1983,0
T2_dysaesthesia_aeth,"""dysaesthesia aethiopica"" OR ""dysesthesia aethiopica""",1984,0
T2_dysaesthesia_aeth,"""dysaesthesia aethiopica"" OR ""dysesthesia aethiopica""",1985,0
T2_dysaesthesia_aeth,"""dysaesthesia aethiopica"" OR ""dysesthesia aethiopica""",1986,0
T2_dysaesthesia_aeth,"""dysaesthesia aethiopica"" OR ""dysesthesia aethiopica""",1987,0
T2_dysaesthesia_aeth,"""dysaesthesia aethiopica"" OR ""dysesthesia aethiopica""",1988,0
T2_dysaesthesia_aeth,"""dysaesthesia aethiopica"" OR ""dysesthesia aethiopica""",1989,0
T2_dysaesthesia_aeth,"""dysaesthesia aethiopica"" OR ""dysesthesia aethiopica""",1990,0
T2_dysaesthesia_aeth,"""dysaesthesia aethiopica"" OR ""dysesthesia aethiopica""",1991,0
T2_dysaesthesia_aeth,"""dysaesthesia aethiopica"" OR ""dysesthesia aethiopica""",1992,0
T2_dysaesthesia_aeth,"""dysaesthesia aethiopica"" OR ""dysesthesia aethiopica""",1993,0
T2_dysaesthesia_aeth,"""dysaesthesia aethiopica"" OR ""dysesthesia aethiopica""",1994,0
T2_dysaesthesia_aeth,"""dysaesthesia aethiopica"" OR ""dysesthesia aethiopica""",1995,0
T2_dysaesthesia_aeth,"""dysaesthesia aethiopica"" OR ""dysesthesia aethiopica""",1996,0
T2_dysaesthesia_aeth,"""dysaesthesia aethiopica"" OR ""dysesthesia aethiopica""",1997,0
T2_dysaesthesia_aeth,"""dysaesthesia aethiopica"" OR ""dysesthesia aethiopica""",1998,0
T2_dysaesthesia_aeth,"""dysaesthesia aethiopica"" OR ""dysesthesia aethiopica""",1999,0
T2_dysaesthesia_aeth,"""dysaesthesia aethiopica"" OR ""dysesthesia aethiopica""",2000,0
T2_dysaesthesia_aeth,"""dysaesthesia aethiopica"" OR ""dysesthesia aethiopica""",2001,0
T2_dysaesthesia_aeth,"""dysaesthesia aethiopica"" OR ""dysesthesia aethiopica""",2002,0
T2_dysaesthesia_aeth,"""dysaesthesia aethiopica"" OR ""dysesthesia aethiopica""",2003,0
T2_dysaesthesia_aeth,"""dysaesthesia aethiopica"" OR ""dysesthesia aethiopica""",2004,0
T2_dysaesthesia_aeth,"""dysaesthesia aethiopica"" OR ""dysesthesia aethiopica""",2005,0
T2_dysaesthesia_aeth,"""dysaesthesia aethiopica"" OR ""dysesthesia aethiopica""",2006,0
T2_dysaesthesia_aeth,"""dysaesthesia aethiopica"" OR ""dysesthesia aethiopica""",2007,0
T2_dysaesthesia_aeth,"""dysaesthesia aethiopica"" OR ""dysesthesia aethiopica""",2008,0
T2_dysaesthesia_aeth,"""dysaesthesia aethiopica"" OR ""dysesthesia aethiopica""",2009,0
T2_dysaesthesia_aeth,"""dysaesthesia aethiopica"" OR ""dysesthesia aethiopica""",2010,0
T2_dysaesthesia_aeth,"""dysaesthesia aethiopica"" OR ""dysesthesia aethiopica""",2011,0
T2_dysaesthesia_aeth,"""dysaesthesia aethiopica"" OR ""dysesthesia aethiopica""",2012,0
T2_dysaesthesia_aeth,"""dysaesthesia aethiopica"" OR ""dysesthesia aethiopica""",2013,0
T2_dysaesthesia_aeth,"""dysaesthesia aethiopica"" OR ""dysesthesia aethiopica""",2014,0
T2_dysaesthesia_aeth,"""dysaesthesia aethiopica"" OR ""dysesthesia aethiopica""",2015,0
T2_dysaesthesia_aeth,"""dysaesthesia aethiopica"" OR ""dysesthesia aethiopica""",2016,0
T2_dysaesthesia_aeth,"""dysaesthesia aethiopica"" OR ""dysesthesia aethiopica""",2017,0
T2_dysaesthesia_aeth,"""dysaesthesia aethiopica"" OR ""dysesthesia aethiopica""",2018,0
T2_dysaesthesia_aeth,"""dysaesthesia aethiopica"" OR ""dysesthesia aethiopica""",2019,0
T2_dysaesthesia_aeth,"""dysaesthesia aethiopica"" OR ""dysesthesia aethiopica""",2020,0
T2_dysaesthesia_aeth,"""dysaesthesia aethiopica"" OR ""dysesthesia aethiopica""",2021,0
T2_dysaesthesia_aeth,"""dysaesthesia aethiopica"" OR ""dysesthesia aethiopica""",2022,0
T2_dysaesthesia_aeth,"""dysaesthesia aethiopica"" OR ""dysesthesia aethiopica""",2023,0
T2_dysaesthesia_aeth,"""dysaesthesia aethiopica"" OR ""dysesthesia aethiopica""",2024,0
T2_negroid_facies,"""Negroid facies"" OR ""Negroid skull"" OR ""Negroid features""",1950,0
T2_negroid_facies,"""Negroid facies"" OR ""Negroid skull"" OR ""Negroid features""",1951,0
T2_negroid_facies,"""Negroid facies"" OR ""Negroid skull"" OR ""Negroid features""",1952,0
T2_negroid_facies,"""Negroid facies"" OR ""Negroid skull"" OR ""Negroid features""",1953,0
T2_negroid_facies,"""Negroid facies"" OR ""Negroid skull"" OR ""Negroid features""",1954,0
T2_negroid_facies,"""Negroid facies"" OR ""Negroid skull"" OR ""Negroid features""",1955,0
T2_negroid_facies,"""Negroid facies"" OR ""Negroid skull"" OR ""Negroid features""",1956,0
T2_negroid_facies,"""Negroid facies"" OR ""Negroid skull"" OR ""Negroid features""",1957,0
T2_negroid_facies,"""Negroid facies"" OR ""Negroid skull"" OR ""Negroid features""",1958,0
T2_negroid_facies,"""Negroid facies"" OR ""Negroid skull"" OR ""Negroid features""",1959,0
T2_negroid_facies,"""Negroid facies"" OR ""Negroid skull"" OR ""Negroid features""",1960,0
T2_negroid_facies,"""Negroid facies"" OR ""Negroid skull"" OR ""Negroid features""",1961,0
T2_negroid_facies,"""Negroid facies"" OR ""Negroid skull"" OR ""Negroid features""",1962,0
T2_negroid_facies,"""Negroid facies"" OR ""Negroid skull"" OR ""Negroid features""",1963,0
T2_negroid_facies,"""Negroid facies"" OR ""Negroid skull"" OR ""Negroid features""",1964,0
T2_negroid_facies,"""Negroid facies"" OR ""Negroid skull"" OR ""Negroid features""",1965,0
T2_negroid_facies,"""Negroid facies"" OR ""Negroid skull"" OR ""Negroid features""",1966,0
T2_negroid_facies,"""Negroid facies"" OR ""Negroid skull"" OR ""Negroid features""",1967,0
T2_negroid_facies,"""Negroid facies"" OR ""Negroid skull"" OR ""Negroid features""",1968,0
T2_negroid_facies,"""Negroid facies"" OR ""Negroid skull"" OR ""Negroid features""",1969,0
T2_negroid_facies,"""Negroid facies"" OR ""Negroid skull"" OR ""Negroid features""",1970,0
T2_negroid_facies,"""Negroid facies"" OR ""Negroid skull"" OR ""Negroid features""",1971,0
T2_negroid_facies,"""Negroid facies"" OR ""Negroid skull"" OR ""Negroid features""",1972,0
T2_negroid_facies,"""Negroid facies"" OR ""Negroid skull"" OR ""Negroid features""",1973,0
T2_negroid_facies,"""Negroid facies"" OR ""Negroid skull"" OR ""Negroid features""",1974,0
T2_negroid_facies,"""Negroid facies"" OR ""Negroid skull"" OR ""Negroid features""",1975,0
T2_negroid_facies,"""Negroid facies"" OR ""Negroid skull"" OR ""Negroid features""",1976,0
T2_negroid_facies,"""Negroid facies"" OR ""Negroid skull"" OR ""Negroid features""",1977,0
T2_negroid_facies,"""Negroid facies"" OR ""Negroid skull"" OR ""Negroid features""",1978,0
T2_negroid_facies,"""Negroid facies"" OR ""Negroid skull"" OR ""Negroid features""",1979,0
T2_negroid_facies,"""Negroid facies"" OR ""Negroid skull"" OR ""Negroid features""",1980,1
T2_negroid_facies,"""Negroid facies"" OR ""Negroid skull"" OR ""Negroid features""",1981,0
T2_negroid_facies,"""Negroid facies"" OR ""Negroid skull"" OR ""Negroid features""",1982,0
T2_negroid_facies,"""Negroid facies"" OR ""Negroid skull"" OR ""Negroid features""",1983,0
T2_negroid_facies,"""Negroid facies"" OR ""Negroid skull"" OR ""Negroid features""",1984,0
T2_negroid_facies,"""Negroid facies"" OR ""Negroid skull"" OR ""Negroid features""",1985,0
T2_negroid_facies,"""Negroid facies"" OR ""Negroid skull"" OR ""Negroid features""",1986,0
T2_negroid_facies,"""Negroid facies"" OR ""Negroid skull"" OR ""Negroid features""",1987,0
T2_negroid_facies,"""Negroid facies"" OR ""Negroid skull"" OR ""Negroid features""",1988,0
T2_negroid_facies,"""Negroid facies"" OR ""Negroid skull"" OR ""Negroid features""",1989,0
T2_negroid_facies,"""Negroid facies"" OR ""Negroid skull"" OR ""Negroid features""",1990,0
T2_negroid_facies,"""Negroid facies"" OR ""Negroid skull"" OR ""Negroid features""",1991,0
T2_negroid_facies,"""Negroid facies"" OR ""Negroid skull"" OR ""Negroid features""",1992,0
T2_negroid_facies,"""Negroid facies"" OR ""Negroid skull"" OR ""Negroid features""",1993,1
T2_negroid_facies,"""Negroid facies"" OR ""Negroid skull"" OR ""Negroid features""",1994,0
T2_negroid_facies,"""Negroid facies"" OR ""Negroid skull"" OR ""Negroid features""",1995,0
T2_negroid_facies,"""Negroid facies"" OR ""Negroid skull"" OR ""Negroid features""",1996,1
T2_negroid_facies,"""Negroid facies"" OR ""Negroid skull"" OR ""Negroid features""",1997,0
T2_negroid_facies,"""Negroid facies"" OR ""Negroid skull"" OR ""Negroid features""",1998,1
T2_negroid_facies,"""Negroid facies"" OR ""Negroid skull"" OR ""Negroid features""",1999,0
T2_negroid_facies,"""Negroid facies"" OR ""Negroid skull"" OR ""Negroid features""",2000,0
T2_negroid_facies,"""Negroid facies"" OR ""Negroid skull"" OR ""Negroid features""",2001,0
T2_negroid_facies,"""Negroid facies"" OR ""Negroid skull"" OR ""Negroid features""",2002,0
T2_negroid_facies,"""Negroid facies"" OR ""Negroid skull"" OR ""Negroid features""",2003,0
T2_negroid_facies,"""Negroid facies"" OR ""Negroid skull"" OR ""Negroid features""",2004,0
T2_negroid_facies,"""Negroid facies"" OR ""Negroid skull"" OR ""Negroid features""",2005,0
T2_negroid_facies,"""Negroid facies"" OR ""Negroid skull"" OR ""Negroid features""",2006,0
T2_negroid_facies,"""Negroid facies"" OR ""Negroid skull"" OR ""Negroid features""",2007,0
T2_negroid_facies,"""Negroid facies"" OR ""Negroid skull"" OR ""Negroid features""",2008,0
T2_negroid_facies,"""Negroid facies"" OR ""Negroid skull"" OR ""Negroid features""",2009,0
T2_negroid_facies,"""Negroid facies"" OR ""Negroid skull"" OR ""Negroid features""",2010,0
T2_negroid_facies,"""Negroid facies"" OR ""Negroid skull"" OR ""Negroid features""",2011,0
T2_negroid_facies,"""Negroid facies"" OR ""Negroid skull"" OR ""Negroid features""",2012,0
T2_negroid_facies,"""Negroid facies"" OR ""Negroid skull"" OR ""Negroid features""",2013,0
T2_negroid_facies,"""Negroid facies"" OR ""Negroid skull"" OR ""Negroid features""",2014,0
T2_negroid_facies,"""Negroid facies"" OR ""Negroid skull"" OR ""Negroid features""",2015,0
T2_negroid_facies,"""Negroid facies"" OR ""Negroid skull"" OR ""Negroid features""",2016,0
T2_negroid_facies,"""Negroid facies"" OR ""Negroid skull"" OR ""Negroid features""",2017,0
T2_negroid_facies,"""Negroid facies"" OR ""Negroid skull"" OR ""Negroid features""",2018,0
T2_negroid_facies,"""Negroid facies"" OR ""Negroid skull"" OR ""Negroid features""",2019,0
T2_negroid_facies,"""Negroid facies"" OR ""Negroid skull"" OR ""Negroid features""",2020,0
T2_negroid_facies,"""Negroid facies"" OR ""Negroid skull"" OR ""Negroid features""",2021,0
T2_negroid_facies,"""Negroid facies"" OR ""Negroid skull"" OR ""Negroid features""",2022,0
T2_negroid_facies,"""Negroid facies"" OR ""Negroid skull"" OR ""Negroid features""",2023,0
T2_negroid_facies,"""Negroid facies"" OR ""Negroid skull"" OR ""Negroid features""",2024,0
T2_lobotomy,"lobotomy OR leukotomy OR ""prefrontal lobotomy"" OR ""transorbital lobotomy""",1940,0
T2_lobotomy,"lobotomy OR leukotomy OR ""prefrontal lobotomy"" OR ""transorbital lobotomy""",1941,0
T2_lobotomy,"lobotomy OR leukotomy OR ""prefrontal lobotomy"" OR ""transorbital lobotomy""",1942,1
T2_lobotomy,"lobotomy OR leukotomy OR ""prefrontal lobotomy"" OR ""transorbital lobotomy""",1943,0
T2_lobotomy,"lobotomy OR leukotomy OR ""prefrontal lobotomy"" OR ""transorbital lobotomy""",1944,0
T2_lobotomy,"lobotomy OR leukotomy OR ""prefrontal lobotomy"" OR ""transorbital lobotomy""",1945,4
T2_lobotomy,"lobotomy OR leukotomy OR ""prefrontal lobotomy"" OR ""transorbital lobotomy""",1946,12
T2_lobotomy,"lobotomy OR leukotomy OR ""prefrontal lobotomy"" OR ""transorbital lobotomy""",1947,29
T2_lobotomy,"lobotomy OR leukotomy OR ""prefrontal lobotomy"" OR ""transorbital lobotomy""",1948,88
T2_lobotomy,"lobotomy OR leukotomy OR ""prefrontal lobotomy"" OR ""transorbital lobotomy""",1949,92
T2_lobotomy,"lobotomy OR leukotomy OR ""prefrontal lobotomy"" OR ""transorbital lobotomy""",1950,87
T2_lobotomy,"lobotomy OR leukotomy OR ""prefrontal lobotomy"" OR ""transorbital lobotomy""",1951,95
T2_lobotomy,"lobotomy OR leukotomy OR ""prefrontal lobotomy"" OR ""transorbital lobotomy""",1952,73
T2_lobotomy,"lobotomy OR leukotomy OR ""prefrontal lobotomy"" OR ""transorbital lobotomy""",1953,63
T2_lobotomy,"lobotomy OR leukotomy OR ""prefrontal lobotomy"" OR ""transorbital lobotomy""",1954,56
T2_lobotomy,"lobotomy OR leukotomy OR ""prefrontal lobotomy"" OR ""transorbital lobotomy""",1955,27
T2_lobotomy,"lobotomy OR leukotomy OR ""prefrontal lobotomy"" OR ""transorbital lobotomy""",1956,24
T2_lobotomy,"lobotomy OR leukotomy OR ""prefrontal lobotomy"" OR ""transorbital lobotomy""",1957,24
T2_lobotomy,"lobotomy OR leukotomy OR ""prefrontal lobotomy"" OR ""transorbital lobotomy""",1958,15
T2_lobotomy,"lobotomy OR leukotomy OR ""prefrontal lobotomy"" OR ""transorbital lobotomy""",1959,6
T2_lobotomy,"lobotomy OR leukotomy OR ""prefrontal lobotomy"" OR ""transorbital lobotomy""",1960,10
T2_lobotomy,"lobotomy OR leukotomy OR ""prefrontal lobotomy"" OR ""transorbital lobotomy""",1961,8
T2_lobotomy,"lobotomy OR leukotomy OR ""prefrontal lobotomy"" OR ""transorbital lobotomy""",1962,14
T2_lobotomy,"lobotomy OR leukotomy OR ""prefrontal lobotomy"" OR ""transorbital lobotomy""",1963,4
T2_lobotomy,"lobotomy OR leukotomy OR ""prefrontal lobotomy"" OR ""transorbital lobotomy""",1964,2
T2_lobotomy,"lobotomy OR leukotomy OR ""prefrontal lobotomy"" OR ""transorbital lobotomy""",1965,5
T2_lobotomy,"lobotomy OR leukotomy OR ""prefrontal lobotomy"" OR ""transorbital lobotomy""",1966,5
T2_lobotomy,"lobotomy OR leukotomy OR ""prefrontal lobotomy"" OR ""transorbital lobotomy""",1967,3
T2_lobotomy,"lobotomy OR leukotomy OR ""prefrontal lobotomy"" OR ""transorbital lobotomy""",1968,4
T2_lobotomy,"lobotomy OR leukotomy OR ""prefrontal lobotomy"" OR ""transorbital lobotomy""",1969,3
T2_lobotomy,"lobotomy OR leukotomy OR ""prefrontal lobotomy"" OR ""transorbital lobotomy""",1970,7
T2_lobotomy,"lobotomy OR leukotomy OR ""prefrontal lobotomy"" OR ""transorbital lobotomy""",1971,4
T2_lobotomy,"lobotomy OR leukotomy OR ""prefrontal lobotomy"" OR ""transorbital lobotomy""",1972,7
T2_lobotomy,"lobotomy OR leukotomy OR ""prefrontal lobotomy"" OR ""transorbital lobotomy""",1973,6
T2_lobotomy,"lobotomy OR leukotomy OR ""prefrontal lobotomy"" OR ""transorbital lobotomy""",1974,1
T2_lobotomy,"lobotomy OR leukotomy OR ""prefrontal lobotomy"" OR ""transorbital lobotomy""",1975,9
T2_lobotomy,"lobotomy OR leukotomy OR ""prefrontal lobotomy"" OR ""transorbital lobotomy""",1976,3
T2_lobotomy,"lobotomy OR leukotomy OR ""prefrontal lobotomy"" OR ""transorbital lobotomy""",1977,0
T2_lobotomy,"lobotomy OR leukotomy OR ""prefrontal lobotomy"" OR ""transorbital lobotomy""",1978,6
T2_lobotomy,"lobotomy OR leukotomy OR ""prefrontal lobotomy"" OR ""transorbital lobotomy""",1979,4
T2_lobotomy,"lobotomy OR leukotomy OR ""prefrontal lobotomy"" OR ""transorbital lobotomy""",1980,3
T2_lobotomy,"lobotomy OR leukotomy OR ""prefrontal lobotomy"" OR ""transorbital lobotomy""",1981,5
T2_lobotomy,"lobotomy OR leukotomy OR ""prefrontal lobotomy"" OR ""transorbital lobotomy""",1982,3
T2_lobotomy,"lobotomy OR leukotomy OR ""prefrontal lobotomy"" OR ""transorbital lobotomy""",1983,2
T2_lobotomy,"lobotomy OR leukotomy OR ""prefrontal lobotomy"" OR ""transorbital lobotomy""",1984,2
T2_lobotomy,"lobotomy OR leukotomy OR ""prefrontal lobotomy"" OR ""transorbital lobotomy""",1985,1
T2_lobotomy,"lobotomy OR leukotomy OR ""prefrontal lobotomy"" OR ""transorbital lobotomy""",1986,3
T2_lobotomy,"lobotomy OR leukotomy OR ""prefrontal lobotomy"" OR ""transorbital lobotomy""",1987,3
T2_lobotomy,"lobotomy OR leukotomy OR ""prefrontal lobotomy"" OR ""transorbital lobotomy""",1988,4
T2_lobotomy,"lobotomy OR leukotomy OR ""prefrontal lobotomy"" OR ""transorbital lobotomy""",1989,1
T2_lobotomy,"lobotomy OR leukotomy OR ""prefrontal lobotomy"" OR ""transorbital lobotomy""",1990,2
T2_lobotomy,"lobotomy OR leukotomy OR ""prefrontal lobotomy"" OR ""transorbital lobotomy""",1991,2
T2_lobotomy,"lobotomy OR leukotomy OR ""prefrontal lobotomy"" OR ""transorbital lobotomy""",1992,5
T2_lobotomy,"lobotomy OR leukotomy OR ""prefrontal lobotomy"" OR ""transorbital lobotomy""",1993,11
T2_lobotomy,"lobotomy OR leukotomy OR ""prefrontal lobotomy"" OR ""transorbital lobotomy""",1994,3
T2_lobotomy,"lobotomy OR leukotomy OR ""prefrontal lobotomy"" OR ""transorbital lobotomy""",1995,8
T2_lobotomy,"lobotomy OR leukotomy OR ""prefrontal lobotomy"" OR ""transorbital lobotomy""",1996,6
T2_lobotomy,"lobotomy OR leukotomy OR ""prefrontal lobotomy"" OR ""transorbital lobotomy""",1997,4
T2_lobotomy,"lobotomy OR leukotomy OR ""prefrontal lobotomy"" OR ""transorbital lobotomy""",1998,4
T2_lobotomy,"lobotomy OR leukotomy OR ""prefrontal lobotomy"" OR ""transorbital lobotomy""",1999,11
T2_lobotomy,"lobotomy OR leukotomy OR ""prefrontal lobotomy"" OR ""transorbital lobotomy""",2000,6
T2_lobotomy,"lobotomy OR leukotomy OR ""prefrontal lobotomy"" OR ""transorbital lobotomy""",2001,6
T2_lobotomy,"lobotomy OR leukotomy OR ""prefrontal lobotomy"" OR ""transorbital lobotomy""",2002,5
T2_lobotomy,"lobotomy OR leukotomy OR ""prefrontal lobotomy"" OR ""transorbital lobotomy""",2003,7
T2_lobotomy,"lobotomy OR leukotomy OR ""prefrontal lobotomy"" OR ""transorbital lobotomy""",2004,7
T2_lobotomy,"lobotomy OR leukotomy OR ""prefrontal lobotomy"" OR ""transorbital lobotomy""",2005,6
T2_lobotomy,"lobotomy OR leukotomy OR ""prefrontal lobotomy"" OR ""transorbital lobotomy""",2006,5
T2_lobotomy,"lobotomy OR leukotomy OR ""prefrontal lobotomy"" OR ""transorbital lobotomy""",2007,6
T2_lobotomy,"lobotomy OR leukotomy OR ""prefrontal lobotomy"" OR ""transorbital lobotomy""",2008,8
T2_lobotomy,"lobotomy OR leukotomy OR ""prefrontal lobotomy"" OR ""transorbital lobotomy""",2009,4
T2_lobotomy,"lobotomy OR leukotomy OR ""prefrontal lobotomy"" OR ""transorbital lobotomy""",2010,4
T2_lobotomy,"lobotomy OR leukotomy OR ""prefrontal lobotomy"" OR ""transorbital lobotomy""",2011,4
T2_lobotomy,"lobotomy OR leukotomy OR ""prefrontal lobotomy"" OR ""transorbital lobotomy""",2012,6
T2_lobotomy,"lobotomy OR leukotomy OR ""prefrontal lobotomy"" OR ""transorbital lobotomy""",2013,13
T2_lobotomy,"lobotomy OR leukotomy OR ""prefrontal lobotomy"" OR ""transorbital lobotomy""",2014,10
T2_lobotomy,"lobotomy OR leukotomy OR ""prefrontal lobotomy"" OR ""transorbital lobotomy""",2015,9
T2_lobotomy,"lobotomy OR leukotomy OR ""prefrontal lobotomy"" OR ""transorbital lobotomy""",2016,10
T2_lobotomy,"lobotomy OR leukotomy OR ""prefrontal lobotomy"" OR ""transorbital lobotomy""",2017,14
T2_lobotomy,"lobotomy OR leukotomy OR ""prefrontal lobotomy"" OR ""transorbital lobotomy""",2018,4
T2_lobotomy,"lobotomy OR leukotomy OR ""prefrontal lobotomy"" OR ""transorbital lobotomy""",2019,6
T2_lobotomy,"lobotomy OR leukotomy OR ""prefrontal lobotomy"" OR ""transorbital lobotomy""",2020,6
T2_lobotomy,"lobotomy OR leukotomy OR ""prefrontal lobotomy"" OR ""transorbital lobotomy""",2021,12
T2_lobotomy,"lobotomy OR leukotomy OR ""prefrontal lobotomy"" OR ""transorbital lobotomy""",2022,9
T2_lobotomy,"lobotomy OR leukotomy OR ""prefrontal lobotomy"" OR ""transorbital lobotomy""",2023,7
T2_lobotomy,"lobotomy OR leukotomy OR ""prefrontal lobotomy"" OR ""transorbital lobotomy""",2024,6
T2_insulin_coma,"""insulin coma"" OR ""insulin shock therapy"" OR ""insulin coma therapy""",1940,0
T2_insulin_coma,"""insulin coma"" OR ""insulin shock therapy"" OR ""insulin coma therapy""",1941,0
T2_insulin_coma,"""insulin coma"" OR ""insulin shock therapy"" OR ""insulin coma therapy""",1942,0
T2_insulin_coma,"""insulin coma"" OR ""insulin shock therapy"" OR ""insulin coma therapy""",1943,1
T2_insulin_coma,"""insulin coma"" OR ""insulin shock therapy"" OR ""insulin coma therapy""",1944,0
T2_insulin_coma,"""insulin coma"" OR ""insulin shock therapy"" OR ""insulin coma therapy""",1945,1
T2_insulin_coma,"""insulin coma"" OR ""insulin shock therapy"" OR ""insulin coma therapy""",1946,4
T2_insulin_coma,"""insulin coma"" OR ""insulin shock therapy"" OR ""insulin coma therapy""",1947,2
T2_insulin_coma,"""insulin coma"" OR ""insulin shock therapy"" OR ""insulin coma therapy""",1948,10
T2_insulin_coma,"""insulin coma"" OR ""insulin shock therapy"" OR ""insulin coma therapy""",1949,7
T2_insulin_coma,"""insulin coma"" OR ""insulin shock therapy"" OR ""insulin coma therapy""",1950,15
T2_insulin_coma,"""insulin coma"" OR ""insulin shock therapy"" OR ""insulin coma therapy""",1951,18
T2_insulin_coma,"""insulin coma"" OR ""insulin shock therapy"" OR ""insulin coma therapy""",1952,30
T2_insulin_coma,"""insulin coma"" OR ""insulin shock therapy"" OR ""insulin coma therapy""",1953,20
T2_insulin_coma,"""insulin coma"" OR ""insulin shock therapy"" OR ""insulin coma therapy""",1954,23
T2_insulin_coma,"""insulin coma"" OR ""insulin shock therapy"" OR ""insulin coma therapy""",1955,28
T2_insulin_coma,"""insulin coma"" OR ""insulin shock therapy"" OR ""insulin coma therapy""",1956,25
T2_insulin_coma,"""insulin coma"" OR ""insulin shock therapy"" OR ""insulin coma therapy""",1957,22
T2_insulin_coma,"""insulin coma"" OR ""insulin shock therapy"" OR ""insulin coma therapy""",1958,18
T2_insulin_coma,"""insulin coma"" OR ""insulin shock therapy"" OR ""insulin coma therapy""",1959,13
T2_insulin_coma,"""insulin coma"" OR ""insulin shock therapy"" OR ""insulin coma therapy""",1960,23
T2_insulin_coma,"""insulin coma"" OR ""insulin shock therapy"" OR ""insulin coma therapy""",1961,9
T2_insulin_coma,"""insulin coma"" OR ""insulin shock therapy"" OR ""insulin coma therapy""",1962,8
T2_insulin_coma,"""insulin coma"" OR ""insulin shock therapy"" OR ""insulin coma therapy""",1963,11
T2_insulin_coma,"""insulin coma"" OR ""insulin shock therapy"" OR ""insulin coma therapy""",1964,20
T2_insulin_coma,"""insulin coma"" OR ""insulin shock therapy"" OR ""insulin coma therapy""",1965,10
T2_insulin_coma,"""insulin coma"" OR ""insulin shock therapy"" OR ""insulin coma therapy""",1966,4
T2_insulin_coma,"""insulin coma"" OR ""insulin shock therapy"" OR ""insulin coma therapy""",1967,5
T2_insulin_coma,"""insulin coma"" OR ""insulin shock therapy"" OR ""insulin coma therapy""",1968,7
T2_insulin_coma,"""insulin coma"" OR ""insulin shock therapy"" OR ""insulin coma therapy""",1969,5
T2_insulin_coma,"""insulin coma"" OR ""insulin shock therapy"" OR ""insulin coma therapy""",1970,2
T2_insulin_coma,"""insulin coma"" OR ""insulin shock therapy"" OR ""insulin coma therapy""",1971,4
T2_insulin_coma,"""insulin coma"" OR ""insulin shock therapy"" OR ""insulin coma therapy""",1972,1
T2_insulin_coma,"""insulin coma"" OR ""insulin shock therapy"" OR ""insulin coma therapy""",1973,1
T2_insulin_coma,"""insulin coma"" OR ""insulin shock therapy"" OR ""insulin coma therapy""",1974,1
T2_insulin_coma,"""insulin coma"" OR ""insulin shock therapy"" OR ""insulin coma therapy""",1975,1
T2_insulin_coma,"""insulin coma"" OR ""insulin shock therapy"" OR ""insulin coma therapy""",1976,1
T2_insulin_coma,"""insulin coma"" OR ""insulin shock therapy"" OR ""insulin coma therapy""",1977,0
T2_insulin_coma,"""insulin coma"" OR ""insulin shock therapy"" OR ""insulin coma therapy""",1978,3
T2_insulin_coma,"""insulin coma"" OR ""insulin shock therapy"" OR ""insulin coma therapy""",1979,1
T2_insulin_coma,"""insulin coma"" OR ""insulin shock therapy"" OR ""insulin coma therapy""",1980,1
T2_insulin_coma,"""insulin coma"" OR ""insulin shock therapy"" OR ""insulin coma therapy""",1981,1
T2_insulin_coma,"""insulin coma"" OR ""insulin shock therapy"" OR ""insulin coma therapy""",1982,3
T2_insulin_coma,"""insulin coma"" OR ""insulin shock therapy"" OR ""insulin coma therapy""",1983,1
T2_insulin_coma,"""insulin coma"" OR ""insulin shock therapy"" OR ""insulin coma therapy""",1984,1
T2_insulin_coma,"""insulin coma"" OR ""insulin shock therapy"" OR ""insulin coma therapy""",1985,3
T2_insulin_coma,"""insulin coma"" OR ""insulin shock therapy"" OR ""insulin coma therapy""",1986,2
T2_insulin_coma,"""insulin coma"" OR ""insulin shock therapy"" OR ""insulin coma therapy""",1987,4
T2_insulin_coma,"""insulin coma"" OR ""insulin shock therapy"" OR ""insulin coma therapy""",1988,4
T2_insulin_coma,"""insulin coma"" OR ""insulin shock therapy"" OR ""insulin coma therapy""",1989,4
T2_insulin_coma,"""insulin coma"" OR ""insulin shock therapy"" OR ""insulin coma therapy""",1990,1
T2_insulin_coma,"""insulin coma"" OR ""insulin shock therapy"" OR ""insulin coma therapy""",1991,4
T2_insulin_coma,"""insulin coma"" OR ""insulin shock therapy"" OR ""insulin coma therapy""",1992,1
T2_insulin_coma,"""insulin coma"" OR ""insulin shock therapy"" OR ""insulin coma therapy""",1993,1
T2_insulin_coma,"""insulin coma"" OR ""insulin shock therapy"" OR ""insulin coma therapy""",1994,1
T2_insulin_coma,"""insulin coma"" OR ""insulin shock therapy"" OR ""insulin coma therapy""",1995,3
T2_insulin_coma,"""insulin coma"" OR ""insulin shock therapy"" OR ""insulin coma therapy""",1996,0
T2_insulin_coma,"""insulin coma"" OR ""insulin shock therapy"" OR ""insulin coma therapy""",1997,0
T2_insulin_coma,"""insulin coma"" OR ""insulin shock therapy"" OR ""insulin coma therapy""",1998,0
T2_insulin_coma,"""insulin coma"" OR ""insulin shock therapy"" OR ""insulin coma therapy""",1999,1
T2_insulin_coma,"""insulin coma"" OR ""insulin shock therapy"" OR ""insulin coma therapy""",2000,7
T2_insulin_coma,"""insulin coma"" OR ""insulin shock therapy"" OR ""insulin coma therapy""",2001,1
T2_insulin_coma,"""insulin coma"" OR ""insulin shock therapy"" OR ""insulin coma therapy""",2002,1
T2_insulin_coma,"""insulin coma"" OR ""insulin shock therapy"" OR ""insulin coma therapy""",2003,1
T2_insulin_coma,"""insulin coma"" OR ""insulin shock therapy"" OR ""insulin coma therapy""",2004,0
T2_insulin_coma,"""insulin coma"" OR ""insulin shock therapy"" OR ""insulin coma therapy""",2005,1
T2_insulin_coma,"""insulin coma"" OR ""insulin shock therapy"" OR ""insulin coma therapy""",2006,3
T2_insulin_coma,"""insulin coma"" OR ""insulin shock therapy"" OR ""insulin coma therapy""",2007,1
T2_insulin_coma,"""insulin coma"" OR ""insulin shock therapy"" OR ""insulin coma therapy""",2008,2
T2_insulin_coma,"""insulin coma"" OR ""insulin shock therapy"" OR ""insulin coma therapy""",2009,1
T2_insulin_coma,"""insulin coma"" OR ""insulin shock therapy"" OR ""insulin coma therapy""",2010,1
T2_insulin_coma,"""insulin coma"" OR ""insulin shock therapy"" OR ""insulin coma therapy""",2011,0
T2_insulin_coma,"""insulin coma"" OR ""insulin shock therapy"" OR ""insulin coma therapy""",2012,2
T2_insulin_coma,"""insulin coma"" OR ""insulin shock therapy"" OR ""insulin coma therapy""",2013,3
T2_insulin_coma,"""insulin coma"" OR ""insulin shock therapy"" OR ""insulin coma therapy""",2014,6
T2_insulin_coma,"""insulin coma"" OR ""insulin shock therapy"" OR ""insulin coma therapy""",2015,1
T2_insulin_coma,"""insulin coma"" OR ""insulin shock therapy"" OR ""insulin coma therapy""",2016,2
T2_insulin_coma,"""insulin coma"" OR ""insulin shock therapy"" OR ""insulin coma therapy""",2017,2
T2_insulin_coma,"""insulin coma"" OR ""insulin shock therapy"" OR ""insulin coma therapy""",2018,3
T2_insulin_coma,"""insulin coma"" OR ""insulin shock therapy"" OR ""insulin coma therapy""",2019,1
T2_insulin_coma,"""insulin coma"" OR ""insulin shock therapy"" OR ""insulin coma therapy""",2020,0
T2_insulin_coma,"""insulin coma"" OR ""insulin shock therapy"" OR ""insulin coma therapy""",2021,2
T2_insulin_coma,"""insulin coma"" OR ""insulin shock therapy"" OR ""insulin coma therapy""",2022,1
T2_insulin_coma,"""insulin coma"" OR ""insulin shock therapy"" OR ""insulin coma therapy""",2023,0
T2_insulin_coma,"""insulin coma"" OR ""insulin shock therapy"" OR ""insulin coma therapy""",2024,0
T2_aversion_therapy,"""aversion therapy"" OR ""aversion conditioning"" OR ""electrical aversion""",1950,0
T2_aversion_therapy,"""aversion therapy"" OR ""aversion conditioning"" OR ""electrical aversion""",1951,0
T2_aversion_therapy,"""aversion therapy"" OR ""aversion conditioning"" OR ""electrical aversion""",1952,0
T2_aversion_therapy,"""aversion therapy"" OR ""aversion conditioning"" OR ""electrical aversion""",1953,0
T2_aversion_therapy,"""aversion therapy"" OR ""aversion conditioning"" OR ""electrical aversion""",1954,0
T2_aversion_therapy,"""aversion therapy"" OR ""aversion conditioning"" OR ""electrical aversion""",1955,0
T2_aversion_therapy,"""aversion therapy"" OR ""aversion conditioning"" OR ""electrical aversion""",1956,1
T2_aversion_therapy,"""aversion therapy"" OR ""aversion conditioning"" OR ""electrical aversion""",1957,0
T2_aversion_therapy,"""aversion therapy"" OR ""aversion conditioning"" OR ""electrical aversion""",1958,0
T2_aversion_therapy,"""aversion therapy"" OR ""aversion conditioning"" OR ""electrical aversion""",1959,0
T2_aversion_therapy,"""aversion therapy"" OR ""aversion conditioning"" OR ""electrical aversion""",1960,0
T2_aversion_therapy,"""aversion therapy"" OR ""aversion conditioning"" OR ""electrical aversion""",1961,0
T2_aversion_therapy,"""aversion therapy"" OR ""aversion conditioning"" OR ""electrical aversion""",1962,1
T2_aversion_therapy,"""aversion therapy"" OR ""aversion conditioning"" OR ""electrical aversion""",1963,4
T2_aversion_therapy,"""aversion therapy"" OR ""aversion conditioning"" OR ""electrical aversion""",1964,2
T2_aversion_therapy,"""aversion therapy"" OR ""aversion conditioning"" OR ""electrical aversion""",1965,3
T2_aversion_therapy,"""aversion therapy"" OR ""aversion conditioning"" OR ""electrical aversion""",1966,3
T2_aversion_therapy,"""aversion therapy"" OR ""aversion conditioning"" OR ""electrical aversion""",1967,5
T2_aversion_therapy,"""aversion therapy"" OR ""aversion conditioning"" OR ""electrical aversion""",1968,12
T2_aversion_therapy,"""aversion therapy"" OR ""aversion conditioning"" OR ""electrical aversion""",1969,8
T2_aversion_therapy,"""aversion therapy"" OR ""aversion conditioning"" OR ""electrical aversion""",1970,9
T2_aversion_therapy,"""aversion therapy"" OR ""aversion conditioning"" OR ""electrical aversion""",1971,2
T2_aversion_therapy,"""aversion therapy"" OR ""aversion conditioning"" OR ""electrical aversion""",1972,11
T2_aversion_therapy,"""aversion therapy"" OR ""aversion conditioning"" OR ""electrical aversion""",1973,5
T2_aversion_therapy,"""aversion therapy"" OR ""aversion conditioning"" OR ""electrical aversion""",1974,9
T2_aversion_therapy,"""aversion therapy"" OR ""aversion conditioning"" OR ""electrical aversion""",1975,6
T2_aversion_therapy,"""aversion therapy"" OR ""aversion conditioning"" OR ""electrical aversion""",1976,6
T2_aversion_therapy,"""aversion therapy"" OR ""aversion conditioning"" OR ""electrical aversion""",1977,9
T2_aversion_therapy,"""aversion therapy"" OR ""aversion conditioning"" OR ""electrical aversion""",1978,6
T2_aversion_therapy,"""aversion therapy"" OR ""aversion conditioning"" OR ""electrical aversion""",1979,10
T2_aversion_therapy,"""aversion therapy"" OR ""aversion conditioning"" OR ""electrical aversion""",1980,8
T2_aversion_therapy,"""aversion therapy"" OR ""aversion conditioning"" OR ""electrical aversion""",1981,8
T2_aversion_therapy,"""aversion therapy"" OR ""aversion conditioning"" OR ""electrical aversion""",1982,9
T2_aversion_therapy,"""aversion therapy"" OR ""aversion conditioning"" OR ""electrical aversion""",1983,17
T2_aversion_therapy,"""aversion therapy"" OR ""aversion conditioning"" OR ""electrical aversion""",1984,8
T2_aversion_therapy,"""aversion therapy"" OR ""aversion conditioning"" OR ""electrical aversion""",1985,10
T2_aversion_therapy,"""aversion therapy"" OR ""aversion conditioning"" OR ""electrical aversion""",1986,7
T2_aversion_therapy,"""aversion therapy"" OR ""aversion conditioning"" OR ""electrical aversion""",1987,7
T2_aversion_therapy,"""aversion therapy"" OR ""aversion conditioning"" OR ""electrical aversion""",1988,8
T2_aversion_therapy,"""aversion therapy"" OR ""aversion conditioning"" OR ""electrical aversion""",1989,2
T2_aversion_therapy,"""aversion therapy"" OR ""aversion conditioning"" OR ""electrical aversion""",1990,12
T2_aversion_therapy,"""aversion therapy"" OR ""aversion conditioning"" OR ""electrical aversion""",1991,7
T2_aversion_therapy,"""aversion therapy"" OR ""aversion conditioning"" OR ""electrical aversion""",1992,9
T2_aversion_therapy,"""aversion therapy"" OR ""aversion conditioning"" OR ""electrical aversion""",1993,1
T2_aversion_therapy,"""aversion therapy"" OR ""aversion conditioning"" OR ""electrical aversion""",1994,9
T2_aversion_therapy,"""aversion therapy"" OR ""aversion conditioning"" OR ""electrical aversion""",1995,10
T2_aversion_therapy,"""aversion therapy"" OR ""aversion conditioning"" OR ""electrical aversion""",1996,8
T2_aversion_therapy,"""aversion therapy"" OR ""aversion conditioning"" OR ""electrical aversion""",1997,6
T2_aversion_therapy,"""aversion therapy"" OR ""aversion conditioning"" OR ""electrical aversion""",1998,8
T2_aversion_therapy,"""aversion therapy"" OR ""aversion conditioning"" OR ""electrical aversion""",1999,3
T2_aversion_therapy,"""aversion therapy"" OR ""aversion conditioning"" OR ""electrical aversion""",2000,10
T2_aversion_therapy,"""aversion therapy"" OR ""aversion conditioning"" OR ""electrical aversion""",2001,10
T2_aversion_therapy,"""aversion therapy"" OR ""aversion conditioning"" OR ""electrical aversion""",2002,6
T2_aversion_therapy,"""aversion therapy"" OR ""aversion conditioning"" OR ""electrical aversion""",2003,11
T2_aversion_therapy,"""aversion therapy"" OR ""aversion conditioning"" OR ""electrical aversion""",2004,9
T2_aversion_therapy,"""aversion therapy"" OR ""aversion conditioning"" OR ""electrical aversion""",2005,4
T2_aversion_therapy,"""aversion therapy"" OR ""aversion conditioning"" OR ""electrical aversion""",2006,14
T2_aversion_therapy,"""aversion therapy"" OR ""aversion conditioning"" OR ""electrical aversion""",2007,10
T2_aversion_therapy,"""aversion therapy"" OR ""aversion conditioning"" OR ""electrical aversion""",2008,7
T2_aversion_therapy,"""aversion therapy"" OR ""aversion conditioning"" OR ""electrical aversion""",2009,7
T2_aversion_therapy,"""aversion therapy"" OR ""aversion conditioning"" OR ""electrical aversion""",2010,13
T2_aversion_therapy,"""aversion therapy"" OR ""aversion conditioning"" OR ""electrical aversion""",2011,4
T2_aversion_therapy,"""aversion therapy"" OR ""aversion conditioning"" OR ""electrical aversion""",2012,3
T2_aversion_therapy,"""aversion therapy"" OR ""aversion conditioning"" OR ""electrical aversion""",2013,3
T2_aversion_therapy,"""aversion therapy"" OR ""aversion conditioning"" OR ""electrical aversion""",2014,5
T2_aversion_therapy,"""aversion therapy"" OR ""aversion conditioning"" OR ""electrical aversion""",2015,1
T2_aversion_therapy,"""aversion therapy"" OR ""aversion conditioning"" OR ""electrical aversion""",2016,5
T2_aversion_therapy,"""aversion therapy"" OR ""aversion conditioning"" OR ""electrical aversion""",2017,9
T2_aversion_therapy,"""aversion therapy"" OR ""aversion conditioning"" OR ""electrical aversion""",2018,4
T2_aversion_therapy,"""aversion therapy"" OR ""aversion conditioning"" OR ""electrical aversion""",2019,3
T2_aversion_therapy,"""aversion therapy"" OR ""aversion conditioning"" OR ""electrical aversion""",2020,7
T2_aversion_therapy,"""aversion therapy"" OR ""aversion conditioning"" OR ""electrical aversion""",2021,4
T2_aversion_therapy,"""aversion therapy"" OR ""aversion conditioning"" OR ""electrical aversion""",2022,4
T2_aversion_therapy,"""aversion therapy"" OR ""aversion conditioning"" OR ""electrical aversion""",2023,3
T2_aversion_therapy,"""aversion therapy"" OR ""aversion conditioning"" OR ""electrical aversion""",2024,2
T2_conversion_therapy,"""conversion therapy"" OR ""reparative therapy"" OR ""sexual orientation change"" OR ""sexual reorientation""",1950,0
T2_conversion_therapy,"""conversion therapy"" OR ""reparative therapy"" OR ""sexual orientation change"" OR ""sexual reorientation""",1951,0
T2_conversion_therapy,"""conversion therapy"" OR ""reparative therapy"" OR ""sexual orientation change"" OR ""sexual reorientation""",1952,0
T2_conversion_therapy,"""conversion therapy"" OR ""reparative therapy"" OR ""sexual orientation change"" OR ""sexual reorientation""",1953,0
T2_conversion_therapy,"""conversion therapy"" OR ""reparative therapy"" OR ""sexual orientation change"" OR ""sexual reorientation""",1954,0
T2_conversion_therapy,"""conversion therapy"" OR ""reparative therapy"" OR ""sexual orientation change"" OR ""sexual reorientation""",1955,0
T2_conversion_therapy,"""conversion therapy"" OR ""reparative therapy"" OR ""sexual orientation change"" OR ""sexual reorientation""",1956,0
T2_conversion_therapy,"""conversion therapy"" OR ""reparative therapy"" OR ""sexual orientation change"" OR ""sexual reorientation""",1957,0
T2_conversion_therapy,"""conversion therapy"" OR ""reparative therapy"" OR ""sexual orientation change"" OR ""sexual reorientation""",1958,0
T2_conversion_therapy,"""conversion therapy"" OR ""reparative therapy"" OR ""sexual orientation change"" OR ""sexual reorientation""",1959,0
T2_conversion_therapy,"""conversion therapy"" OR ""reparative therapy"" OR ""sexual orientation change"" OR ""sexual reorientation""",1960,0
T2_conversion_therapy,"""conversion therapy"" OR ""reparative therapy"" OR ""sexual orientation change"" OR ""sexual reorientation""",1961,0
T2_conversion_therapy,"""conversion therapy"" OR ""reparative therapy"" OR ""sexual orientation change"" OR ""sexual reorientation""",1962,1
T2_conversion_therapy,"""conversion therapy"" OR ""reparative therapy"" OR ""sexual orientation change"" OR ""sexual reorientation""",1963,0
T2_conversion_therapy,"""conversion therapy"" OR ""reparative therapy"" OR ""sexual orientation change"" OR ""sexual reorientation""",1964,0
T2_conversion_therapy,"""conversion therapy"" OR ""reparative therapy"" OR ""sexual orientation change"" OR ""sexual reorientation""",1965,0
T2_conversion_therapy,"""conversion therapy"" OR ""reparative therapy"" OR ""sexual orientation change"" OR ""sexual reorientation""",1966,0
T2_conversion_therapy,"""conversion therapy"" OR ""reparative therapy"" OR ""sexual orientation change"" OR ""sexual reorientation""",1967,0
T2_conversion_therapy,"""conversion therapy"" OR ""reparative therapy"" OR ""sexual orientation change"" OR ""sexual reorientation""",1968,0
T2_conversion_therapy,"""conversion therapy"" OR ""reparative therapy"" OR ""sexual orientation change"" OR ""sexual reorientation""",1969,1
T2_conversion_therapy,"""conversion therapy"" OR ""reparative therapy"" OR ""sexual orientation change"" OR ""sexual reorientation""",1970,1
T2_conversion_therapy,"""conversion therapy"" OR ""reparative therapy"" OR ""sexual orientation change"" OR ""sexual reorientation""",1971,0
T2_conversion_therapy,"""conversion therapy"" OR ""reparative therapy"" OR ""sexual orientation change"" OR ""sexual reorientation""",1972,0
T2_conversion_therapy,"""conversion therapy"" OR ""reparative therapy"" OR ""sexual orientation change"" OR ""sexual reorientation""",1973,0
T2_conversion_therapy,"""conversion therapy"" OR ""reparative therapy"" OR ""sexual orientation change"" OR ""sexual reorientation""",1974,0
T2_conversion_therapy,"""conversion therapy"" OR ""reparative therapy"" OR ""sexual orientation change"" OR ""sexual reorientation""",1975,0
T2_conversion_therapy,"""conversion therapy"" OR ""reparative therapy"" OR ""sexual orientation change"" OR ""sexual reorientation""",1976,0
T2_conversion_therapy,"""conversion therapy"" OR ""reparative therapy"" OR ""sexual orientation change"" OR ""sexual reorientation""",1977,1
T2_conversion_therapy,"""conversion therapy"" OR ""reparative therapy"" OR ""sexual orientation change"" OR ""sexual reorientation""",1978,0
T2_conversion_therapy,"""conversion therapy"" OR ""reparative therapy"" OR ""sexual orientation change"" OR ""sexual reorientation""",1979,0
T2_conversion_therapy,"""conversion therapy"" OR ""reparative therapy"" OR ""sexual orientation change"" OR ""sexual reorientation""",1980,0
T2_conversion_therapy,"""conversion therapy"" OR ""reparative therapy"" OR ""sexual orientation change"" OR ""sexual reorientation""",1981,0
T2_conversion_therapy,"""conversion therapy"" OR ""reparative therapy"" OR ""sexual orientation change"" OR ""sexual reorientation""",1982,0
T2_conversion_therapy,"""conversion therapy"" OR ""reparative therapy"" OR ""sexual orientation change"" OR ""sexual reorientation""",1983,1
T2_conversion_therapy,"""conversion therapy"" OR ""reparative therapy"" OR ""sexual orientation change"" OR ""sexual reorientation""",1984,1
T2_conversion_therapy,"""conversion therapy"" OR ""reparative therapy"" OR ""sexual orientation change"" OR ""sexual reorientation""",1985,2
T2_conversion_therapy,"""conversion therapy"" OR ""reparative therapy"" OR ""sexual orientation change"" OR ""sexual reorientation""",1986,0
T2_conversion_therapy,"""conversion therapy"" OR ""reparative therapy"" OR ""sexual orientation change"" OR ""sexual reorientation""",1987,0
T2_conversion_therapy,"""conversion therapy"" OR ""reparative therapy"" OR ""sexual orientation change"" OR ""sexual reorientation""",1988,0
T2_conversion_therapy,"""conversion therapy"" OR ""reparative therapy"" OR ""sexual orientation change"" OR ""sexual reorientation""",1989,0
T2_conversion_therapy,"""conversion therapy"" OR ""reparative therapy"" OR ""sexual orientation change"" OR ""sexual reorientation""",1990,1
T2_conversion_therapy,"""conversion therapy"" OR ""reparative therapy"" OR ""sexual orientation change"" OR ""sexual reorientation""",1991,1
T2_conversion_therapy,"""conversion therapy"" OR ""reparative therapy"" OR ""sexual orientation change"" OR ""sexual reorientation""",1992,2
T2_conversion_therapy,"""conversion therapy"" OR ""reparative therapy"" OR ""sexual orientation change"" OR ""sexual reorientation""",1993,0
T2_conversion_therapy,"""conversion therapy"" OR ""reparative therapy"" OR ""sexual orientation change"" OR ""sexual reorientation""",1994,5
T2_conversion_therapy,"""conversion therapy"" OR ""reparative therapy"" OR ""sexual orientation change"" OR ""sexual reorientation""",1995,0
T2_conversion_therapy,"""conversion therapy"" OR ""reparative therapy"" OR ""sexual orientation change"" OR ""sexual reorientation""",1996,1
T2_conversion_therapy,"""conversion therapy"" OR ""reparative therapy"" OR ""sexual orientation change"" OR ""sexual reorientation""",1997,0
T2_conversion_therapy,"""conversion therapy"" OR ""reparative therapy"" OR ""sexual orientation change"" OR ""sexual reorientation""",1998,2
T2_conversion_therapy,"""conversion therapy"" OR ""reparative therapy"" OR ""sexual orientation change"" OR ""sexual reorientation""",1999,2
T2_conversion_therapy,"""conversion therapy"" OR ""reparative therapy"" OR ""sexual orientation change"" OR ""sexual reorientation""",2000,4
T2_conversion_therapy,"""conversion therapy"" OR ""reparative therapy"" OR ""sexual orientation change"" OR ""sexual reorientation""",2001,3
T2_conversion_therapy,"""conversion therapy"" OR ""reparative therapy"" OR ""sexual orientation change"" OR ""sexual reorientation""",2002,0
T2_conversion_therapy,"""conversion therapy"" OR ""reparative therapy"" OR ""sexual orientation change"" OR ""sexual reorientation""",2003,4
T2_conversion_therapy,"""conversion therapy"" OR ""reparative therapy"" OR ""sexual orientation change"" OR ""sexual reorientation""",2004,8
T2_conversion_therapy,"""conversion therapy"" OR ""reparative therapy"" OR ""sexual orientation change"" OR ""sexual reorientation""",2005,3
T2_conversion_therapy,"""conversion therapy"" OR ""reparative therapy"" OR ""sexual orientation change"" OR ""sexual reorientation""",2006,3
T2_conversion_therapy,"""conversion therapy"" OR ""reparative therapy"" OR ""sexual orientation change"" OR ""sexual reorientation""",2007,5
T2_conversion_therapy,"""conversion therapy"" OR ""reparative therapy"" OR ""sexual orientation change"" OR ""sexual reorientation""",2008,7
T2_conversion_therapy,"""conversion therapy"" OR ""reparative therapy"" OR ""sexual orientation change"" OR ""sexual reorientation""",2009,2
T2_conversion_therapy,"""conversion therapy"" OR ""reparative therapy"" OR ""sexual orientation change"" OR ""sexual reorientation""",2010,6
T2_conversion_therapy,"""conversion therapy"" OR ""reparative therapy"" OR ""sexual orientation change"" OR ""sexual reorientation""",2011,14
T2_conversion_therapy,"""conversion therapy"" OR ""reparative therapy"" OR ""sexual orientation change"" OR ""sexual reorientation""",2012,18
T2_conversion_therapy,"""conversion therapy"" OR ""reparative therapy"" OR ""sexual orientation change"" OR ""sexual reorientation""",2013,10
T2_conversion_therapy,"""conversion therapy"" OR ""reparative therapy"" OR ""sexual orientation change"" OR ""sexual reorientation""",2014,25
T2_conversion_therapy,"""conversion therapy"" OR ""reparative therapy"" OR ""sexual orientation change"" OR ""sexual reorientation""",2015,25
T2_conversion_therapy,"""conversion therapy"" OR ""reparative therapy"" OR ""sexual orientation change"" OR ""sexual reorientation""",2016,32
T2_conversion_therapy,"""conversion therapy"" OR ""reparative therapy"" OR ""sexual orientation change"" OR ""sexual reorientation""",2017,34
T2_conversion_therapy,"""conversion therapy"" OR ""reparative therapy"" OR ""sexual orientation change"" OR ""sexual reorientation""",2018,45
T2_conversion_therapy,"""conversion therapy"" OR ""reparative therapy"" OR ""sexual orientation change"" OR ""sexual reorientation""",2019,33
T2_conversion_therapy,"""conversion therapy"" OR ""reparative therapy"" OR ""sexual orientation change"" OR ""sexual reorientation""",2020,48
T2_conversion_therapy,"""conversion therapy"" OR ""reparative therapy"" OR ""sexual orientation change"" OR ""sexual reorientation""",2021,91
T2_conversion_therapy,"""conversion therapy"" OR ""reparative therapy"" OR ""sexual orientation change"" OR ""sexual reorientation""",2022,118
T2_conversion_therapy,"""conversion therapy"" OR ""reparative therapy"" OR ""sexual orientation change"" OR ""sexual reorientation""",2023,137
T2_conversion_therapy,"""conversion therapy"" OR ""reparative therapy"" OR ""sexual orientation change"" OR ""sexual reorientation""",2024,154
T2_spastic_clinical,"""spastic child"" OR ""spastic children"" OR ""the spastics"" OR ""spastic diplegic""",1950,1
T2_spastic_clinical,"""spastic child"" OR ""spastic children"" OR ""the spastics"" OR ""spastic diplegic""",1951,2
T2_spastic_clinical,"""spastic child"" OR ""spastic children"" OR ""the spastics"" OR ""spastic diplegic""",1952,3
T2_spastic_clinical,"""spastic child"" OR ""spastic children"" OR ""the spastics"" OR ""spastic diplegic""",1953,3
T2_spastic_clinical,"""spastic child"" OR ""spastic children"" OR ""the spastics"" OR ""spastic diplegic""",1954,0
T2_spastic_clinical,"""spastic child"" OR ""spastic children"" OR ""the spastics"" OR ""spastic diplegic""",1955,3
T2_spastic_clinical,"""spastic child"" OR ""spastic children"" OR ""the spastics"" OR ""spastic diplegic""",1956,0
T2_spastic_clinical,"""spastic child"" OR ""spastic children"" OR ""the spastics"" OR ""spastic diplegic""",1957,1
T2_spastic_clinical,"""spastic child"" OR ""spastic children"" OR ""the spastics"" OR ""spastic diplegic""",1958,2
T2_spastic_clinical,"""spastic child"" OR ""spastic children"" OR ""the spastics"" OR ""spastic diplegic""",1959,1
T2_spastic_clinical,"""spastic child"" OR ""spastic children"" OR ""the spastics"" OR ""spastic diplegic""",1960,1
T2_spastic_clinical,"""spastic child"" OR ""spastic children"" OR ""the spastics"" OR ""spastic diplegic""",1961,4
T2_spastic_clinical,"""spastic child"" OR ""spastic children"" OR ""the spastics"" OR ""spastic diplegic""",1962,2
T2_spastic_clinical,"""spastic child"" OR ""spastic children"" OR ""the spastics"" OR ""spastic diplegic""",1963,0
T2_spastic_clinical,"""spastic child"" OR ""spastic children"" OR ""the spastics"" OR ""spastic diplegic""",1964,3
T2_spastic_clinical,"""spastic child"" OR ""spastic children"" OR ""the spastics"" OR ""spastic diplegic""",1965,4
T2_spastic_clinical,"""spastic child"" OR ""spastic children"" OR ""the spastics"" OR ""spastic diplegic""",1966,3
T2_spastic_clinical,"""spastic child"" OR ""spastic children"" OR ""the spastics"" OR ""spastic diplegic""",1967,1
T2_spastic_clinical,"""spastic child"" OR ""spastic children"" OR ""the spastics"" OR ""spastic diplegic""",1968,8
T2_spastic_clinical,"""spastic child"" OR ""spastic children"" OR ""the spastics"" OR ""spastic diplegic""",1969,3
T2_spastic_clinical,"""spastic child"" OR ""spastic children"" OR ""the spastics"" OR ""spastic diplegic""",1970,2
T2_spastic_clinical,"""spastic child"" OR ""spastic children"" OR ""the spastics"" OR ""spastic diplegic""",1971,2
T2_spastic_clinical,"""spastic child"" OR ""spastic children"" OR ""the spastics"" OR ""spastic diplegic""",1972,2
T2_spastic_clinical,"""spastic child"" OR ""spastic children"" OR ""the spastics"" OR ""spastic diplegic""",1973,3
T2_spastic_clinical,"""spastic child"" OR ""spastic children"" OR ""the spastics"" OR ""spastic diplegic""",1974,1
T2_spastic_clinical,"""spastic child"" OR ""spastic children"" OR ""the spastics"" OR ""spastic diplegic""",1975,2
T2_spastic_clinical,"""spastic child"" OR ""spastic children"" OR ""the spastics"" OR ""spastic diplegic""",1976,4
T2_spastic_clinical,"""spastic child"" OR ""spastic children"" OR ""the spastics"" OR ""spastic diplegic""",1977,2
T2_spastic_clinical,"""spastic child"" OR ""spastic children"" OR ""the spastics"" OR ""spastic diplegic""",1978,1
T2_spastic_clinical,"""spastic child"" OR ""spastic children"" OR ""the spastics"" OR ""spastic diplegic""",1979,3
T2_spastic_clinical,"""spastic child"" OR ""spastic children"" OR ""the spastics"" OR ""spastic diplegic""",1980,1
T2_spastic_clinical,"""spastic child"" OR ""spastic children"" OR ""the spastics"" OR ""spastic diplegic""",1981,1
T2_spastic_clinical,"""spastic child"" OR ""spastic children"" OR ""the spastics"" OR ""spastic diplegic""",1982,5
T2_spastic_clinical,"""spastic child"" OR ""spastic children"" OR ""the spastics"" OR ""spastic diplegic""",1983,0
T2_spastic_clinical,"""spastic child"" OR ""spastic children"" OR ""the spastics"" OR ""spastic diplegic""",1984,3
T2_spastic_clinical,"""spastic child"" OR ""spastic children"" OR ""the spastics"" OR ""spastic diplegic""",1985,5
T2_spastic_clinical,"""spastic child"" OR ""spastic children"" OR ""the spastics"" OR ""spastic diplegic""",1986,5
T2_spastic_clinical,"""spastic child"" OR ""spastic children"" OR ""the spastics"" OR ""spastic diplegic""",1987,1
T2_spastic_clinical,"""spastic child"" OR ""spastic children"" OR ""the spastics"" OR ""spastic diplegic""",1988,2
T2_spastic_clinical,"""spastic child"" OR ""spastic children"" OR ""the spastics"" OR ""spastic diplegic""",1989,4
T2_spastic_clinical,"""spastic child"" OR ""spastic children"" OR ""the spastics"" OR ""spastic diplegic""",1990,3
T2_spastic_clinical,"""spastic child"" OR ""spastic children"" OR ""the spastics"" OR ""spastic diplegic""",1991,2
T2_spastic_clinical,"""spastic child"" OR ""spastic children"" OR ""the spastics"" OR ""spastic diplegic""",1992,2
T2_spastic_clinical,"""spastic child"" OR ""spastic children"" OR ""the spastics"" OR ""spastic diplegic""",1993,3
T2_spastic_clinical,"""spastic child"" OR ""spastic children"" OR ""the spastics"" OR ""spastic diplegic""",1994,4
T2_spastic_clinical,"""spastic child"" OR ""spastic children"" OR ""the spastics"" OR ""spastic diplegic""",1995,6
T2_spastic_clinical,"""spastic child"" OR ""spastic children"" OR ""the spastics"" OR ""spastic diplegic""",1996,3
T2_spastic_clinical,"""spastic child"" OR ""spastic children"" OR ""the spastics"" OR ""spastic diplegic""",1997,6
T2_spastic_clinical,"""spastic child"" OR ""spastic children"" OR ""the spastics"" OR ""spastic diplegic""",1998,6
T2_spastic_clinical,"""spastic child"" OR ""spastic children"" OR ""the spastics"" OR ""spastic diplegic""",1999,7
T2_spastic_clinical,"""spastic child"" OR ""spastic children"" OR ""the spastics"" OR ""spastic diplegic""",2000,8
T2_spastic_clinical,"""spastic child"" OR ""spastic children"" OR ""the spastics"" OR ""spastic diplegic""",2001,13
T2_spastic_clinical,"""spastic child"" OR ""spastic children"" OR ""the spastics"" OR ""spastic diplegic""",2002,10
T2_spastic_clinical,"""spastic child"" OR ""spastic children"" OR ""the spastics"" OR ""spastic diplegic""",2003,8
T2_spastic_clinical,"""spastic child"" OR ""spastic children"" OR ""the spastics"" OR ""spastic diplegic""",2004,16
T2_spastic_clinical,"""spastic child"" OR ""spastic children"" OR ""the spastics"" OR ""spastic diplegic""",2005,14
T2_spastic_clinical,"""spastic child"" OR ""spastic children"" OR ""the spastics"" OR ""spastic diplegic""",2006,16
T2_spastic_clinical,"""spastic child"" OR ""spastic children"" OR ""the spastics"" OR ""spastic diplegic""",2007,28
T2_spastic_clinical,"""spastic child"" OR ""spastic children"" OR ""the spastics"" OR ""spastic diplegic""",2008,19
T2_spastic_clinical,"""spastic child"" OR ""spastic children"" OR ""the spastics"" OR ""spastic diplegic""",2009,23
T2_spastic_clinical,"""spastic child"" OR ""spastic children"" OR ""the spastics"" OR ""spastic diplegic""",2010,26
T2_spastic_clinical,"""spastic child"" OR ""spastic children"" OR ""the spastics"" OR ""spastic diplegic""",2011,16
T2_spastic_clinical,"""spastic child"" OR ""spastic children"" OR ""the spastics"" OR ""spastic diplegic""",2012,23
T2_spastic_clinical,"""spastic child"" OR ""spastic children"" OR ""the spastics"" OR ""spastic diplegic""",2013,23
T2_spastic_clinical,"""spastic child"" OR ""spastic children"" OR ""the spastics"" OR ""spastic diplegic""",2014,19
T2_spastic_clinical,"""spastic child"" OR ""spastic children"" OR ""the spastics"" OR ""spastic diplegic""",2015,15
T2_spastic_clinical,"""spastic child"" OR ""spastic children"" OR ""the spastics"" OR ""spastic diplegic""",2016,13
T2_spastic_clinical,"""spastic child"" OR ""spastic children"" OR ""the spastics"" OR ""spastic diplegic""",2017,17
T2_spastic_clinical,"""spastic child"" OR ""spastic children"" OR ""the spastics"" OR ""spastic diplegic""",2018,16
T2_spastic_clinical,"""spastic child"" OR ""spastic children"" OR ""the spastics"" OR ""spastic diplegic""",2019,20
T2_spastic_clinical,"""spastic child"" OR ""spastic children"" OR ""the spastics"" OR ""spastic diplegic""",2020,14
T2_spastic_clinical,"""spastic child"" OR ""spastic children"" OR ""the spastics"" OR ""spastic diplegic""",2021,20
T2_spastic_clinical,"""spastic child"" OR ""spastic children"" OR ""the spastics"" OR ""spastic diplegic""",2022,17
T2_spastic_clinical,"""spastic child"" OR ""spastic children"" OR ""the spastics"" OR ""spastic diplegic""",2023,15
T2_spastic_clinical,"""spastic child"" OR ""spastic children"" OR ""the spastics"" OR ""spastic diplegic""",2024,29
T2_junkie,junkie OR junkies,1950,0
T2_junkie,junkie OR junkies,1951,0
T2_junkie,junkie OR junkies,1952,0
T2_junkie,junkie OR junkies,1953,0
T2_junkie,junkie OR junkies,1954,0
T2_junkie,junkie OR junkies,1955,0
T2_junkie,junkie OR junkies,1956,0
T2_junkie,junkie OR junkies,1957,0
T2_junkie,junkie OR junkies,1958,0
T2_junkie,junkie OR junkies,1959,0
T2_junkie,junkie OR junkies,1960,0
T2_junkie,junkie OR junkies,1961,0
T2_junkie,junkie OR junkies,1962,0
T2_junkie,junkie OR junkies,1963,0
T2_junkie,junkie OR junkies,1964,0
T2_junkie,junkie OR junkies,1965,0
T2_junkie,junkie OR junkies,1966,0
T2_junkie,junkie OR junkies,1967,0
T2_junkie,junkie OR junkies,1968,2
T2_junkie,junkie OR junkies,1969,0
T2_junkie,junkie OR junkies,1970,1
T2_junkie,junkie OR junkies,1971,1
T2_junkie,junkie OR junkies,1972,2
T2_junkie,junkie OR junkies,1973,4
T2_junkie,junkie OR junkies,1974,3
T2_junkie,junkie OR junkies,1975,1
T2_junkie,junkie OR junkies,1976,1
T2_junkie,junkie OR junkies,1977,2
T2_junkie,junkie OR junkies,1978,0
T2_junkie,junkie OR junkies,1979,0
T2_junkie,junkie OR junkies,1980,1
T2_junkie,junkie OR junkies,1981,0
T2_junkie,junkie OR junkies,1982,0
T2_junkie,junkie OR junkies,1983,2
T2_junkie,junkie OR junkies,1984,1
T2_junkie,junkie OR junkies,1985,0
T2_junkie,junkie OR junkies,1986,0
T2_junkie,junkie OR junkies,1987,0
T2_junkie,junkie OR junkies,1988,2
T2_junkie,junkie OR junkies,1989,0
T2_junkie,junkie OR junkies,1990,2
T2_junkie,junkie OR junkies,1991,4
T2_junkie,junkie OR junkies,1992,3
T2_junkie,junkie OR junkies,1993,0
T2_junkie,junkie OR junkies,1994,1
T2_junkie,junkie OR junkies,1995,2
T2_junkie,junkie OR junkies,1996,0
T2_junkie,junkie OR junkies,1997,0
T2_junkie,junkie OR junkies,1998,3
T2_junkie,junkie OR junkies,1999,3
T2_junkie,junkie OR junkies,2000,1
T2_junkie,junkie OR junkies,2001,3
T2_junkie,junkie OR junkies,2002,2
T2_junkie,junkie OR junkies,2003,1
T2_junkie,junkie OR junkies,2004,2
T2_junkie,junkie OR junkies,2005,1
T2_junkie,junkie OR junkies,2006,1
T2_junkie,junkie OR junkies,2007,1
T2_junkie,junkie OR junkies,2008,2
T2_junkie,junkie OR junkies,2009,1
T2_junkie,junkie OR junkies,2010,1
T2_junkie,junkie OR junkies,2011,2
T2_junkie,junkie OR junkies,2012,5
T2_junkie,junkie OR junkies,2013,5
T2_junkie,junkie OR junkies,2014,2
T2_junkie,junkie OR junkies,2015,3
T2_junkie,junkie OR junkies,2016,1
T2_junkie,junkie OR junkies,2017,3
T2_junkie,junkie OR junkies,2018,1
T2_junkie,junkie OR junkies,2019,3
T2_junkie,junkie OR junkies,2020,4
T2_junkie,junkie OR junkies,2021,4
T2_junkie,junkie OR junkies,2022,1
T2_junkie,junkie OR junkies,2023,3
T2_junkie,junkie OR junkies,2024,0
T2_dope_fiend,"""dope fiend"" OR ""dope fiends"" OR ""dope addict"" OR ""dope addicts""",1950,0
T2_dope_fiend,"""dope fiend"" OR ""dope fiends"" OR ""dope addict"" OR ""dope addicts""",1951,0
T2_dope_fiend,"""dope fiend"" OR ""dope fiends"" OR ""dope addict"" OR ""dope addicts""",1952,0
T2_dope_fiend,"""dope fiend"" OR ""dope fiends"" OR ""dope addict"" OR ""dope addicts""",1953,0
T2_dope_fiend,"""dope fiend"" OR ""dope fiends"" OR ""dope addict"" OR ""dope addicts""",1954,0
T2_dope_fiend,"""dope fiend"" OR ""dope fiends"" OR ""dope addict"" OR ""dope addicts""",1955,0
T2_dope_fiend,"""dope fiend"" OR ""dope fiends"" OR ""dope addict"" OR ""dope addicts""",1956,0
T2_dope_fiend,"""dope fiend"" OR ""dope fiends"" OR ""dope addict"" OR ""dope addicts""",1957,0
T2_dope_fiend,"""dope fiend"" OR ""dope fiends"" OR ""dope addict"" OR ""dope addicts""",1958,0
T2_dope_fiend,"""dope fiend"" OR ""dope fiends"" OR ""dope addict"" OR ""dope addicts""",1959,0
T2_dope_fiend,"""dope fiend"" OR ""dope fiends"" OR ""dope addict"" OR ""dope addicts""",1960,0
T2_dope_fiend,"""dope fiend"" OR ""dope fiends"" OR ""dope addict"" OR ""dope addicts""",1961,0
T2_dope_fiend,"""dope fiend"" OR ""dope fiends"" OR ""dope addict"" OR ""dope addicts""",1962,0
T2_dope_fiend,"""dope fiend"" OR ""dope fiends"" OR ""dope addict"" OR ""dope addicts""",1963,0
T2_dope_fiend,"""dope fiend"" OR ""dope fiends"" OR ""dope addict"" OR ""dope addicts""",1964,0
T2_dope_fiend,"""dope fiend"" OR ""dope fiends"" OR ""dope addict"" OR ""dope addicts""",1965,0
T2_dope_fiend,"""dope fiend"" OR ""dope fiends"" OR ""dope addict"" OR ""dope addicts""",1966,0
T2_dope_fiend,"""dope fiend"" OR ""dope fiends"" OR ""dope addict"" OR ""dope addicts""",1967,0
T2_dope_fiend,"""dope fiend"" OR ""dope fiends"" OR ""dope addict"" OR ""dope addicts""",1968,0
T2_dope_fiend,"""dope fiend"" OR ""dope fiends"" OR ""dope addict"" OR ""dope addicts""",1969,0
T2_dope_fiend,"""dope fiend"" OR ""dope fiends"" OR ""dope addict"" OR ""dope addicts""",1970,0
T2_dope_fiend,"""dope fiend"" OR ""dope fiends"" OR ""dope addict"" OR ""dope addicts""",1971,0
T2_dope_fiend,"""dope fiend"" OR ""dope fiends"" OR ""dope addict"" OR ""dope addicts""",1972,2
T2_dope_fiend,"""dope fiend"" OR ""dope fiends"" OR ""dope addict"" OR ""dope addicts""",1973,0
T2_dope_fiend,"""dope fiend"" OR ""dope fiends"" OR ""dope addict"" OR ""dope addicts""",1974,0
T2_dope_fiend,"""dope fiend"" OR ""dope fiends"" OR ""dope addict"" OR ""dope addicts""",1975,0
T2_dope_fiend,"""dope fiend"" OR ""dope fiends"" OR ""dope addict"" OR ""dope addicts""",1976,0
T2_dope_fiend,"""dope fiend"" OR ""dope fiends"" OR ""dope addict"" OR ""dope addicts""",1977,0
T2_dope_fiend,"""dope fiend"" OR ""dope fiends"" OR ""dope addict"" OR ""dope addicts""",1978,0
T2_dope_fiend,"""dope fiend"" OR ""dope fiends"" OR ""dope addict"" OR ""dope addicts""",1979,0
T2_dope_fiend,"""dope fiend"" OR ""dope fiends"" OR ""dope addict"" OR ""dope addicts""",1980,0
T2_dope_fiend,"""dope fiend"" OR ""dope fiends"" OR ""dope addict"" OR ""dope addicts""",1981,0
T2_dope_fiend,"""dope fiend"" OR ""dope fiends"" OR ""dope addict"" OR ""dope addicts""",1982,0
T2_dope_fiend,"""dope fiend"" OR ""dope fiends"" OR ""dope addict"" OR ""dope addicts""",1983,0
T2_dope_fiend,"""dope fiend"" OR ""dope fiends"" OR ""dope addict"" OR ""dope addicts""",1984,0
T2_dope_fiend,"""dope fiend"" OR ""dope fiends"" OR ""dope addict"" OR ""dope addicts""",1985,1
T2_dope_fiend,"""dope fiend"" OR ""dope fiends"" OR ""dope addict"" OR ""dope addicts""",1986,0
T2_dope_fiend,"""dope fiend"" OR ""dope fiends"" OR ""dope addict"" OR ""dope addicts""",1987,0
T2_dope_fiend,"""dope fiend"" OR ""dope fiends"" OR ""dope addict"" OR ""dope addicts""",1988,0
T2_dope_fiend,"""dope fiend"" OR ""dope fiends"" OR ""dope addict"" OR ""dope addicts""",1989,0
T2_dope_fiend,"""dope fiend"" OR ""dope fiends"" OR ""dope addict"" OR ""dope addicts""",1990,0
T2_dope_fiend,"""dope fiend"" OR ""dope fiends"" OR ""dope addict"" OR ""dope addicts""",1991,0
T2_dope_fiend,"""dope fiend"" OR ""dope fiends"" OR ""dope addict"" OR ""dope addicts""",1992,0
T2_dope_fiend,"""dope fiend"" OR ""dope fiends"" OR ""dope addict"" OR ""dope addicts""",1993,0
T2_dope_fiend,"""dope fiend"" OR ""dope fiends"" OR ""dope addict"" OR ""dope addicts""",1994,1
T2_dope_fiend,"""dope fiend"" OR ""dope fiends"" OR ""dope addict"" OR ""dope addicts""",1995,0
T2_dope_fiend,"""dope fiend"" OR ""dope fiends"" OR ""dope addict"" OR ""dope addicts""",1996,0
T2_dope_fiend,"""dope fiend"" OR ""dope fiends"" OR ""dope addict"" OR ""dope addicts""",1997,0
T2_dope_fiend,"""dope fiend"" OR ""dope fiends"" OR ""dope addict"" OR ""dope addicts""",1998,0
T2_dope_fiend,"""dope fiend"" OR ""dope fiends"" OR ""dope addict"" OR ""dope addicts""",1999,0
T2_dope_fiend,"""dope fiend"" OR ""dope fiends"" OR ""dope addict"" OR ""dope addicts""",2000,0
T2_dope_fiend,"""dope fiend"" OR ""dope fiends"" OR ""dope addict"" OR ""dope addicts""",2001,0
T2_dope_fiend,"""dope fiend"" OR ""dope fiends"" OR ""dope addict"" OR ""dope addicts""",2002,0
T2_dope_fiend,"""dope fiend"" OR ""dope fiends"" OR ""dope addict"" OR ""dope addicts""",2003,0
T2_dope_fiend,"""dope fiend"" OR ""dope fiends"" OR ""dope addict"" OR ""dope addicts""",2004,0
T2_dope_fiend,"""dope fiend"" OR ""dope fiends"" OR ""dope addict"" OR ""dope addicts""",2005,0
T2_dope_fiend,"""dope fiend"" OR ""dope fiends"" OR ""dope addict"" OR ""dope addicts""",2006,0
T2_dope_fiend,"""dope fiend"" OR ""dope fiends"" OR ""dope addict"" OR ""dope addicts""",2007,0
T2_dope_fiend,"""dope fiend"" OR ""dope fiends"" OR ""dope addict"" OR ""dope addicts""",2008,0
T2_dope_fiend,"""dope fiend"" OR ""dope fiends"" OR ""dope addict"" OR ""dope addicts""",2009,0
T2_dope_fiend,"""dope fiend"" OR ""dope fiends"" OR ""dope addict"" OR ""dope addicts""",2010,1
T2_dope_fiend,"""dope fiend"" OR ""dope fiends"" OR ""dope addict"" OR ""dope addicts""",2011,0
T2_dope_fiend,"""dope fiend"" OR ""dope fiends"" OR ""dope addict"" OR ""dope addicts""",2012,0
T2_dope_fiend,"""dope fiend"" OR ""dope fiends"" OR ""dope addict"" OR ""dope addicts""",2013,0
T2_dope_fiend,"""dope fiend"" OR ""dope fiends"" OR ""dope addict"" OR ""dope addicts""",2014,0
T2_dope_fiend,"""dope fiend"" OR ""dope fiends"" OR ""dope addict"" OR ""dope addicts""",2015,0
T2_dope_fiend,"""dope fiend"" OR ""dope fiends"" OR ""dope addict"" OR ""dope addicts""",2016,0
T2_dope_fiend,"""dope fiend"" OR ""dope fiends"" OR ""dope addict"" OR ""dope addicts""",2017,0
T2_dope_fiend,"""dope fiend"" OR ""dope fiends"" OR ""dope addict"" OR ""dope addicts""",2018,0
T2_dope_fiend,"""dope fiend"" OR ""dope fiends"" OR ""dope addict"" OR ""dope addicts""",2019,0
T2_dope_fiend,"""dope fiend"" OR ""dope fiends"" OR ""dope addict"" OR ""dope addicts""",2020,0
T2_dope_fiend,"""dope fiend"" OR ""dope fiends"" OR ""dope addict"" OR ""dope addicts""",2021,0
T2_dope_fiend,"""dope fiend"" OR ""dope fiends"" OR ""dope addict"" OR ""dope addicts""",2022,0
T2_dope_fiend,"""dope fiend"" OR ""dope fiends"" OR ""dope addict"" OR ""dope addicts""",2023,0
T2_dope_fiend,"""dope fiend"" OR ""dope fiends"" OR ""dope addict"" OR ""dope addicts""",2024,0
T2_illegitimate,"""illegitimate child"" OR ""illegitimate children"" OR illegitimacy",1950,13
T2_illegitimate,"""illegitimate child"" OR ""illegitimate children"" OR illegitimacy",1951,10
T2_illegitimate,"""illegitimate child"" OR ""illegitimate children"" OR illegitimacy",1952,12
T2_illegitimate,"""illegitimate child"" OR ""illegitimate children"" OR illegitimacy",1953,9
T2_illegitimate,"""illegitimate child"" OR ""illegitimate children"" OR illegitimacy",1954,13
T2_illegitimate,"""illegitimate child"" OR ""illegitimate children"" OR illegitimacy",1955,11
T2_illegitimate,"""illegitimate child"" OR ""illegitimate children"" OR illegitimacy",1956,9
T2_illegitimate,"""illegitimate child"" OR ""illegitimate children"" OR illegitimacy",1957,4
T2_illegitimate,"""illegitimate child"" OR ""illegitimate children"" OR illegitimacy",1958,8
T2_illegitimate,"""illegitimate child"" OR ""illegitimate children"" OR illegitimacy",1959,10
T2_illegitimate,"""illegitimate child"" OR ""illegitimate children"" OR illegitimacy",1960,19
T2_illegitimate,"""illegitimate child"" OR ""illegitimate children"" OR illegitimacy",1961,15
T2_illegitimate,"""illegitimate child"" OR ""illegitimate children"" OR illegitimacy",1962,16
T2_illegitimate,"""illegitimate child"" OR ""illegitimate children"" OR illegitimacy",1963,26
T2_illegitimate,"""illegitimate child"" OR ""illegitimate children"" OR illegitimacy",1964,29
T2_illegitimate,"""illegitimate child"" OR ""illegitimate children"" OR illegitimacy",1965,38
T2_illegitimate,"""illegitimate child"" OR ""illegitimate children"" OR illegitimacy",1966,7
T2_illegitimate,"""illegitimate child"" OR ""illegitimate children"" OR illegitimacy",1967,10
T2_illegitimate,"""illegitimate child"" OR ""illegitimate children"" OR illegitimacy",1968,9
T2_illegitimate,"""illegitimate child"" OR ""illegitimate children"" OR illegitimacy",1969,10
T2_illegitimate,"""illegitimate child"" OR ""illegitimate children"" OR illegitimacy",1970,10
T2_illegitimate,"""illegitimate child"" OR ""illegitimate children"" OR illegitimacy",1971,10
T2_illegitimate,"""illegitimate child"" OR ""illegitimate children"" OR illegitimacy",1972,8
T2_illegitimate,"""illegitimate child"" OR ""illegitimate children"" OR illegitimacy",1973,7
T2_illegitimate,"""illegitimate child"" OR ""illegitimate children"" OR illegitimacy",1974,12
T2_illegitimate,"""illegitimate child"" OR ""illegitimate children"" OR illegitimacy",1975,13
T2_illegitimate,"""illegitimate child"" OR ""illegitimate children"" OR illegitimacy",1976,10
T2_illegitimate,"""illegitimate child"" OR ""illegitimate children"" OR illegitimacy",1977,12
T2_illegitimate,"""illegitimate child"" OR ""illegitimate children"" OR illegitimacy",1978,3
T2_illegitimate,"""illegitimate child"" OR ""illegitimate children"" OR illegitimacy",1979,9
T2_illegitimate,"""illegitimate child"" OR ""illegitimate children"" OR illegitimacy",1980,8
T2_illegitimate,"""illegitimate child"" OR ""illegitimate children"" OR illegitimacy",1981,12
T2_illegitimate,"""illegitimate child"" OR ""illegitimate children"" OR illegitimacy",1982,12
T2_illegitimate,"""illegitimate child"" OR ""illegitimate children"" OR illegitimacy",1983,7
T2_illegitimate,"""illegitimate child"" OR ""illegitimate children"" OR illegitimacy",1984,15
T2_illegitimate,"""illegitimate child"" OR ""illegitimate children"" OR illegitimacy",1985,15
T2_illegitimate,"""illegitimate child"" OR ""illegitimate children"" OR illegitimacy",1986,10
T2_illegitimate,"""illegitimate child"" OR ""illegitimate children"" OR illegitimacy",1987,21
T2_illegitimate,"""illegitimate child"" OR ""illegitimate children"" OR illegitimacy",1988,28
T2_illegitimate,"""illegitimate child"" OR ""illegitimate children"" OR illegitimacy",1989,15
T2_illegitimate,"""illegitimate child"" OR ""illegitimate children"" OR illegitimacy",1990,14
T2_illegitimate,"""illegitimate child"" OR ""illegitimate children"" OR illegitimacy",1991,9
T2_illegitimate,"""illegitimate child"" OR ""illegitimate children"" OR illegitimacy",1992,17
T2_illegitimate,"""illegitimate child"" OR ""illegitimate children"" OR illegitimacy",1993,7
T2_illegitimate,"""illegitimate child"" OR ""illegitimate children"" OR illegitimacy",1994,14
T2_illegitimate,"""illegitimate child"" OR ""illegitimate children"" OR illegitimacy",1995,12
T2_illegitimate,"""illegitimate child"" OR ""illegitimate children"" OR illegitimacy",1996,10
T2_illegitimate,"""illegitimate child"" OR ""illegitimate children"" OR illegitimacy",1997,6
T2_illegitimate,"""illegitimate child"" OR ""illegitimate children"" OR illegitimacy",1998,3
T2_illegitimate,"""illegitimate child"" OR ""illegitimate children"" OR illegitimacy",1999,9
T2_illegitimate,"""illegitimate child"" OR ""illegitimate children"" OR illegitimacy",2000,1
T2_illegitimate,"""illegitimate child"" OR ""illegitimate children"" OR illegitimacy",2001,5
T2_illegitimate,"""illegitimate child"" OR ""illegitimate children"" OR illegitimacy",2002,9
T2_illegitimate,"""illegitimate child"" OR ""illegitimate children"" OR illegitimacy",2003,6
T2_illegitimate,"""illegitimate child"" OR ""illegitimate children"" OR illegitimacy",2004,3
T2_illegitimate,"""illegitimate child"" OR ""illegitimate children"" OR illegitimacy",2005,4
T2_illegitimate,"""illegitimate child"" OR ""illegitimate children"" OR illegitimacy",2006,5
T2_illegitimate,"""illegitimate child"" OR ""illegitimate children"" OR illegitimacy",2007,8
T2_illegitimate,"""illegitimate child"" OR ""illegitimate children"" OR illegitimacy",2008,4
T2_illegitimate,"""illegitimate child"" OR ""illegitimate children"" OR illegitimacy",2009,4
T2_illegitimate,"""illegitimate child"" OR ""illegitimate children"" OR illegitimacy",2010,3
T2_illegitimate,"""illegitimate child"" OR ""illegitimate children"" OR illegitimacy",2011,9
T2_illegitimate,"""illegitimate child"" OR ""illegitimate children"" OR illegitimacy",2012,4
T2_illegitimate,"""illegitimate child"" OR ""illegitimate children"" OR illegitimacy",2013,5
T2_illegitimate,"""illegitimate child"" OR ""illegitimate children"" OR illegitimacy",2014,9
T2_illegitimate,"""illegitimate child"" OR ""illegitimate children"" OR illegitimacy",2015,4
T2_illegitimate,"""illegitimate child"" OR ""illegitimate children"" OR illegitimacy",2016,5
T2_illegitimate,"""illegitimate child"" OR ""illegitimate children"" OR illegitimacy",2017,4
T2_illegitimate,"""illegitimate child"" OR ""illegitimate children"" OR illegitimacy",2018,11
T2_illegitimate,"""illegitimate child"" OR ""illegitimate children"" OR illegitimacy",2019,7
T2_illegitimate,"""illegitimate child"" OR ""illegitimate children"" OR illegitimacy",2020,15
T2_illegitimate,"""illegitimate child"" OR ""illegitimate children"" OR illegitimacy",2021,13
T2_illegitimate,"""illegitimate child"" OR ""illegitimate children"" OR illegitimacy",2022,16
T2_illegitimate,"""illegitimate child"" OR ""illegitimate children"" OR illegitimacy",2023,12
T2_illegitimate,"""illegitimate child"" OR ""illegitimate children"" OR illegitimacy",2024,7
T2_unwed_mother,"""unwed mother"" OR ""unwed mothers"" OR ""out of wedlock""",1950,0
T2_unwed_mother,"""unwed mother"" OR ""unwed mothers"" OR ""out of wedlock""",1951,1
T2_unwed_mother,"""unwed mother"" OR ""unwed mothers"" OR ""out of wedlock""",1952,2
T2_unwed_mother,"""unwed mother"" OR ""unwed mothers"" OR ""out of wedlock""",1953,0
T2_unwed_mother,"""unwed mother"" OR ""unwed mothers"" OR ""out of wedlock""",1954,2
T2_unwed_mother,"""unwed mother"" OR ""unwed mothers"" OR ""out of wedlock""",1955,1
T2_unwed_mother,"""unwed mother"" OR ""unwed mothers"" OR ""out of wedlock""",1956,2
T2_unwed_mother,"""unwed mother"" OR ""unwed mothers"" OR ""out of wedlock""",1957,0
T2_unwed_mother,"""unwed mother"" OR ""unwed mothers"" OR ""out of wedlock""",1958,2
T2_unwed_mother,"""unwed mother"" OR ""unwed mothers"" OR ""out of wedlock""",1959,0
T2_unwed_mother,"""unwed mother"" OR ""unwed mothers"" OR ""out of wedlock""",1960,2
T2_unwed_mother,"""unwed mother"" OR ""unwed mothers"" OR ""out of wedlock""",1961,2
T2_unwed_mother,"""unwed mother"" OR ""unwed mothers"" OR ""out of wedlock""",1962,0
T2_unwed_mother,"""unwed mother"" OR ""unwed mothers"" OR ""out of wedlock""",1963,3
T2_unwed_mother,"""unwed mother"" OR ""unwed mothers"" OR ""out of wedlock""",1964,1
T2_unwed_mother,"""unwed mother"" OR ""unwed mothers"" OR ""out of wedlock""",1965,9
T2_unwed_mother,"""unwed mother"" OR ""unwed mothers"" OR ""out of wedlock""",1966,6
T2_unwed_mother,"""unwed mother"" OR ""unwed mothers"" OR ""out of wedlock""",1967,9
T2_unwed_mother,"""unwed mother"" OR ""unwed mothers"" OR ""out of wedlock""",1968,6
T2_unwed_mother,"""unwed mother"" OR ""unwed mothers"" OR ""out of wedlock""",1969,8
T2_unwed_mother,"""unwed mother"" OR ""unwed mothers"" OR ""out of wedlock""",1970,3
T2_unwed_mother,"""unwed mother"" OR ""unwed mothers"" OR ""out of wedlock""",1971,7
T2_unwed_mother,"""unwed mother"" OR ""unwed mothers"" OR ""out of wedlock""",1972,7
T2_unwed_mother,"""unwed mother"" OR ""unwed mothers"" OR ""out of wedlock""",1973,6
T2_unwed_mother,"""unwed mother"" OR ""unwed mothers"" OR ""out of wedlock""",1974,6
T2_unwed_mother,"""unwed mother"" OR ""unwed mothers"" OR ""out of wedlock""",1975,9
T2_unwed_mother,"""unwed mother"" OR ""unwed mothers"" OR ""out of wedlock""",1976,11
T2_unwed_mother,"""unwed mother"" OR ""unwed mothers"" OR ""out of wedlock""",1977,6
T2_unwed_mother,"""unwed mother"" OR ""unwed mothers"" OR ""out of wedlock""",1978,6
T2_unwed_mother,"""unwed mother"" OR ""unwed mothers"" OR ""out of wedlock""",1979,11
T2_unwed_mother,"""unwed mother"" OR ""unwed mothers"" OR ""out of wedlock""",1980,10
T2_unwed_mother,"""unwed mother"" OR ""unwed mothers"" OR ""out of wedlock""",1981,3
T2_unwed_mother,"""unwed mother"" OR ""unwed mothers"" OR ""out of wedlock""",1982,6
T2_unwed_mother,"""unwed mother"" OR ""unwed mothers"" OR ""out of wedlock""",1983,9
T2_unwed_mother,"""unwed mother"" OR ""unwed mothers"" OR ""out of wedlock""",1984,10
T2_unwed_mother,"""unwed mother"" OR ""unwed mothers"" OR ""out of wedlock""",1985,11
T2_unwed_mother,"""unwed mother"" OR ""unwed mothers"" OR ""out of wedlock""",1986,9
T2_unwed_mother,"""unwed mother"" OR ""unwed mothers"" OR ""out of wedlock""",1987,11
T2_unwed_mother,"""unwed mother"" OR ""unwed mothers"" OR ""out of wedlock""",1988,13
T2_unwed_mother,"""unwed mother"" OR ""unwed mothers"" OR ""out of wedlock""",1989,7
T2_unwed_mother,"""unwed mother"" OR ""unwed mothers"" OR ""out of wedlock""",1990,12
T2_unwed_mother,"""unwed mother"" OR ""unwed mothers"" OR ""out of wedlock""",1991,9
T2_unwed_mother,"""unwed mother"" OR ""unwed mothers"" OR ""out of wedlock""",1992,12
T2_unwed_mother,"""unwed mother"" OR ""unwed mothers"" OR ""out of wedlock""",1993,7
T2_unwed_mother,"""unwed mother"" OR ""unwed mothers"" OR ""out of wedlock""",1994,13
T2_unwed_mother,"""unwed mother"" OR ""unwed mothers"" OR ""out of wedlock""",1995,6
T2_unwed_mother,"""unwed mother"" OR ""unwed mothers"" OR ""out of wedlock""",1996,7
T2_unwed_mother,"""unwed mother"" OR ""unwed mothers"" OR ""out of wedlock""",1997,12
T2_unwed_mother,"""unwed mother"" OR ""unwed mothers"" OR ""out of wedlock""",1998,9
T2_unwed_mother,"""unwed mother"" OR ""unwed mothers"" OR ""out of wedlock""",1999,7
T2_unwed_mother,"""unwed mother"" OR ""unwed mothers"" OR ""out of wedlock""",2000,1
T2_unwed_mother,"""unwed mother"" OR ""unwed mothers"" OR ""out of wedlock""",2001,3
T2_unwed_mother,"""unwed mother"" OR ""unwed mothers"" OR ""out of wedlock""",2002,4
T2_unwed_mother,"""unwed mother"" OR ""unwed mothers"" OR ""out of wedlock""",2003,4
T2_unwed_mother,"""unwed mother"" OR ""unwed mothers"" OR ""out of wedlock""",2004,2
T2_unwed_mother,"""unwed mother"" OR ""unwed mothers"" OR ""out of wedlock""",2005,4
T2_unwed_mother,"""unwed mother"" OR ""unwed mothers"" OR ""out of wedlock""",2006,4
T2_unwed_mother,"""unwed mother"" OR ""unwed mothers"" OR ""out of wedlock""",2007,7
T2_unwed_mother,"""unwed mother"" OR ""unwed mothers"" OR ""out of wedlock""",2008,3
T2_unwed_mother,"""unwed mother"" OR ""unwed mothers"" OR ""out of wedlock""",2009,4
T2_unwed_mother,"""unwed mother"" OR ""unwed mothers"" OR ""out of wedlock""",2010,6
T2_unwed_mother,"""unwed mother"" OR ""unwed mothers"" OR ""out of wedlock""",2011,5
T2_unwed_mother,"""unwed mother"" OR ""unwed mothers"" OR ""out of wedlock""",2012,7
T2_unwed_mother,"""unwed mother"" OR ""unwed mothers"" OR ""out of wedlock""",2013,5
T2_unwed_mother,"""unwed mother"" OR ""unwed mothers"" OR ""out of wedlock""",2014,7
T2_unwed_mother,"""unwed mother"" OR ""unwed mothers"" OR ""out of wedlock""",2015,5
T2_unwed_mother,"""unwed mother"" OR ""unwed mothers"" OR ""out of wedlock""",2016,5
T2_unwed_mother,"""unwed mother"" OR ""unwed mothers"" OR ""out of wedlock""",2017,7
T2_unwed_mother,"""unwed mother"" OR ""unwed mothers"" OR ""out of wedlock""",2018,11
T2_unwed_mother,"""unwed mother"" OR ""unwed mothers"" OR ""out of wedlock""",2019,4
T2_unwed_mother,"""unwed mother"" OR ""unwed mothers"" OR ""out of wedlock""",2020,3
T2_unwed_mother,"""unwed mother"" OR ""unwed mothers"" OR ""out of wedlock""",2021,5
T2_unwed_mother,"""unwed mother"" OR ""unwed mothers"" OR ""out of wedlock""",2022,3
T2_unwed_mother,"""unwed mother"" OR ""unwed mothers"" OR ""out of wedlock""",2023,3
T2_unwed_mother,"""unwed mother"" OR ""unwed mothers"" OR ""out of wedlock""",2024,4
