label,term,year,n_records
ID_old_mongolism,"mongolism OR ""Mongolian idiocy""",1950,17
ID_old_mongolism,"mongolism OR ""Mongolian idiocy""",1951,32
ID_old_mongolism,"mongolism OR ""Mongolian idiocy""",1952,25
ID_old_mongolism,"mongolism OR ""Mongolian idiocy""",1953,24
ID_old_mongolism,"mongolism OR ""Mongolian idiocy""",1954,45
ID_old_mongolism,"mongolism OR ""Mongolian idiocy""",1955,33
ID_old_mongolism,"mongolism OR ""Mongolian idiocy""",1956,39
ID_old_mongolism,"mongolism OR ""Mongolian idiocy""",1957,59
ID_old_mongolism,"mongolism OR ""Mongolian idiocy""",1958,46
ID_old_mongolism,"mongolism OR ""Mongolian idiocy""",1959,49
ID_old_mongolism,"mongolism OR ""Mongolian idiocy""",1960,61
ID_old_mongolism,"mongolism OR ""Mongolian idiocy""",1961,89
ID_old_mongolism,"mongolism OR ""Mongolian idiocy""",1962,112
ID_old_mongolism,"mongolism OR ""Mongolian idiocy""",1963,187
ID_old_mongolism,"mongolism OR ""Mongolian idiocy""",1964,235
ID_old_mongolism,"mongolism OR ""Mongolian idiocy""",1965,132
ID_old_mongolism,"mongolism OR ""Mongolian idiocy""",1966,44
ID_old_mongolism,"mongolism OR ""Mongolian idiocy""",1967,35
ID_old_mongolism,"mongolism OR ""Mongolian idiocy""",1968,30
ID_old_mongolism,"mongolism OR ""Mongolian idiocy""",1969,39
ID_old_mongolism,"mongolism OR ""Mongolian idiocy""",1970,26
ID_old_mongolism,"mongolism OR ""Mongolian idiocy""",1971,25
ID_old_mongolism,"mongolism OR ""Mongolian idiocy""",1972,19
ID_old_mongolism,"mongolism OR ""Mongolian idiocy""",1973,12
ID_old_mongolism,"mongolism OR ""Mongolian idiocy""",1974,10
ID_old_mongolism,"mongolism OR ""Mongolian idiocy""",1975,21
ID_old_mongolism,"mongolism OR ""Mongolian idiocy""",1976,16
ID_old_mongolism,"mongolism OR ""Mongolian idiocy""",1977,7
ID_old_mongolism,"mongolism OR ""Mongolian idiocy""",1978,8
ID_old_mongolism,"mongolism OR ""Mongolian idiocy""",1979,9
ID_old_mongolism,"mongolism OR ""Mongolian idiocy""",1980,6
ID_old_mongolism,"mongolism OR ""Mongolian idiocy""",1981,6
ID_old_mongolism,"mongolism OR ""Mongolian idiocy""",1982,1
ID_old_mongolism,"mongolism OR ""Mongolian idiocy""",1983,1
ID_old_mongolism,"mongolism OR ""Mongolian idiocy""",1984,1
ID_old_mongolism,"mongolism OR ""Mongolian idiocy""",1985,3
ID_old_mongolism,"mongolism OR ""Mongolian idiocy""",1986,4
ID_old_mongolism,"mongolism OR ""Mongolian idiocy""",1987,2
ID_old_mongolism,"mongolism OR ""Mongolian idiocy""",1988,3
ID_old_mongolism,"mongolism OR ""Mongolian idiocy""",1989,0
ID_old_mongolism,"mongolism OR ""Mongolian idiocy""",1990,2
ID_old_mongolism,"mongolism OR ""Mongolian idiocy""",1991,3
ID_old_mongolism,"mongolism OR ""Mongolian idiocy""",1992,0
ID_old_mongolism,"mongolism OR ""Mongolian idiocy""",1993,0
ID_old_mongolism,"mongolism OR ""Mongolian idiocy""",1994,1
ID_old_mongolism,"mongolism OR ""Mongolian idiocy""",1995,2
ID_old_mongolism,"mongolism OR ""Mongolian idiocy""",1996,0
ID_old_mongolism,"mongolism OR ""Mongolian idiocy""",1997,1
ID_old_mongolism,"mongolism OR ""Mongolian idiocy""",1998,0
ID_old_mongolism,"mongolism OR ""Mongolian idiocy""",1999,2
ID_old_mongolism,"mongolism OR ""Mongolian idiocy""",2000,3
ID_old_mongolism,"mongolism OR ""Mongolian idiocy""",2001,0
ID_old_mongolism,"mongolism OR ""Mongolian idiocy""",2002,0
ID_old_mongolism,"mongolism OR ""Mongolian idiocy""",2003,1
ID_old_mongolism,"mongolism OR ""Mongolian idiocy""",2004,0
ID_old_mongolism,"mongolism OR ""Mongolian idiocy""",2005,0
ID_old_mongolism,"mongolism OR ""Mongolian idiocy""",2006,0
ID_old_mongolism,"mongolism OR ""Mongolian idiocy""",2007,2
ID_old_mongolism,"mongolism OR ""Mongolian idiocy""",2008,0
ID_old_mongolism,"mongolism OR ""Mongolian idiocy""",2009,8
ID_old_mongolism,"mongolism OR ""Mongolian idiocy""",2010,0
ID_old_mongolism,"mongolism OR ""Mongolian idiocy""",2011,1
ID_old_mongolism,"mongolism OR ""Mongolian idiocy""",2012,1
ID_old_mongolism,"mongolism OR ""Mongolian idiocy""",2013,2
ID_old_mongolism,"mongolism OR ""Mongolian idiocy""",2014,1
ID_old_mongolism,"mongolism OR ""Mongolian idiocy""",2015,1
ID_old_mongolism,"mongolism OR ""Mongolian idiocy""",2016,0
ID_old_mongolism,"mongolism OR ""Mongolian idiocy""",2017,0
ID_old_mongolism,"mongolism OR ""Mongolian idiocy""",2018,0
ID_old_mongolism,"mongolism OR ""Mongolian idiocy""",2019,0
ID_old_mongolism,"mongolism OR ""Mongolian idiocy""",2020,0
ID_old_mongolism,"mongolism OR ""Mongolian idiocy""",2021,0
ID_old_mongolism,"mongolism OR ""Mongolian idiocy""",2022,1
ID_old_mongolism,"mongolism OR ""Mongolian idiocy""",2023,0
ID_old_mongolism,"mongolism OR ""Mongolian idiocy""",2024,1
ID_new_down,"""Down syndrome"" OR ""Down's syndrome"" OR ""trisomy 21""",1950,0
ID_new_down,"""Down syndrome"" OR ""Down's syndrome"" OR ""trisomy 21""",1951,0
ID_new_down,"""Down syndrome"" OR ""Down's syndrome"" OR ""trisomy 21""",1952,0
ID_new_down,"""Down syndrome"" OR ""Down's syndrome"" OR ""trisomy 21""",1953,0
ID_new_down,"""Down syndrome"" OR ""Down's syndrome"" OR ""trisomy 21""",1954,0
ID_new_down,"""Down syndrome"" OR ""Down's syndrome"" OR ""trisomy 21""",1955,1
ID_new_down,"""Down syndrome"" OR ""Down's syndrome"" OR ""trisomy 21""",1956,1
ID_new_down,"""Down syndrome"" OR ""Down's syndrome"" OR ""trisomy 21""",1957,0
ID_new_down,"""Down syndrome"" OR ""Down's syndrome"" OR ""trisomy 21""",1958,0
ID_new_down,"""Down syndrome"" OR ""Down's syndrome"" OR ""trisomy 21""",1959,0
ID_new_down,"""Down syndrome"" OR ""Down's syndrome"" OR ""trisomy 21""",1960,0
ID_new_down,"""Down syndrome"" OR ""Down's syndrome"" OR ""trisomy 21""",1961,2
ID_new_down,"""Down syndrome"" OR ""Down's syndrome"" OR ""trisomy 21""",1962,10
ID_new_down,"""Down syndrome"" OR ""Down's syndrome"" OR ""trisomy 21""",1963,29
ID_new_down,"""Down syndrome"" OR ""Down's syndrome"" OR ""trisomy 21""",1964,43
ID_new_down,"""Down syndrome"" OR ""Down's syndrome"" OR ""trisomy 21""",1965,52
ID_new_down,"""Down syndrome"" OR ""Down's syndrome"" OR ""trisomy 21""",1966,54
ID_new_down,"""Down syndrome"" OR ""Down's syndrome"" OR ""trisomy 21""",1967,77
ID_new_down,"""Down syndrome"" OR ""Down's syndrome"" OR ""trisomy 21""",1968,119
ID_new_down,"""Down syndrome"" OR ""Down's syndrome"" OR ""trisomy 21""",1969,104
ID_new_down,"""Down syndrome"" OR ""Down's syndrome"" OR ""trisomy 21""",1970,99
ID_new_down,"""Down syndrome"" OR ""Down's syndrome"" OR ""trisomy 21""",1971,123
ID_new_down,"""Down syndrome"" OR ""Down's syndrome"" OR ""trisomy 21""",1972,109
ID_new_down,"""Down syndrome"" OR ""Down's syndrome"" OR ""trisomy 21""",1973,127
ID_new_down,"""Down syndrome"" OR ""Down's syndrome"" OR ""trisomy 21""",1974,151
ID_new_down,"""Down syndrome"" OR ""Down's syndrome"" OR ""trisomy 21""",1975,165
ID_new_down,"""Down syndrome"" OR ""Down's syndrome"" OR ""trisomy 21""",1976,205
ID_new_down,"""Down syndrome"" OR ""Down's syndrome"" OR ""trisomy 21""",1977,180
ID_new_down,"""Down syndrome"" OR ""Down's syndrome"" OR ""trisomy 21""",1978,178
ID_new_down,"""Down syndrome"" OR ""Down's syndrome"" OR ""trisomy 21""",1979,198
ID_new_down,"""Down syndrome"" OR ""Down's syndrome"" OR ""trisomy 21""",1980,207
ID_new_down,"""Down syndrome"" OR ""Down's syndrome"" OR ""trisomy 21""",1981,225
ID_new_down,"""Down syndrome"" OR ""Down's syndrome"" OR ""trisomy 21""",1982,218
ID_new_down,"""Down syndrome"" OR ""Down's syndrome"" OR ""trisomy 21""",1983,246
ID_new_down,"""Down syndrome"" OR ""Down's syndrome"" OR ""trisomy 21""",1984,235
ID_new_down,"""Down syndrome"" OR ""Down's syndrome"" OR ""trisomy 21""",1985,268
ID_new_down,"""Down syndrome"" OR ""Down's syndrome"" OR ""trisomy 21""",1986,309
ID_new_down,"""Down syndrome"" OR ""Down's syndrome"" OR ""trisomy 21""",1987,331
ID_new_down,"""Down syndrome"" OR ""Down's syndrome"" OR ""trisomy 21""",1988,374
ID_new_down,"""Down syndrome"" OR ""Down's syndrome"" OR ""trisomy 21""",1989,404
ID_new_down,"""Down syndrome"" OR ""Down's syndrome"" OR ""trisomy 21""",1990,483
ID_new_down,"""Down syndrome"" OR ""Down's syndrome"" OR ""trisomy 21""",1991,440
ID_new_down,"""Down syndrome"" OR ""Down's syndrome"" OR ""trisomy 21""",1992,464
ID_new_down,"""Down syndrome"" OR ""Down's syndrome"" OR ""trisomy 21""",1993,502
ID_new_down,"""Down syndrome"" OR ""Down's syndrome"" OR ""trisomy 21""",1994,449
ID_new_down,"""Down syndrome"" OR ""Down's syndrome"" OR ""trisomy 21""",1995,550
ID_new_down,"""Down syndrome"" OR ""Down's syndrome"" OR ""trisomy 21""",1996,570
ID_new_down,"""Down syndrome"" OR ""Down's syndrome"" OR ""trisomy 21""",1997,501
ID_new_down,"""Down syndrome"" OR ""Down's syndrome"" OR ""trisomy 21""",1998,531
ID_new_down,"""Down syndrome"" OR ""Down's syndrome"" OR ""trisomy 21""",1999,604
ID_new_down,"""Down syndrome"" OR ""Down's syndrome"" OR ""trisomy 21""",2000,534
ID_new_down,"""Down syndrome"" OR ""Down's syndrome"" OR ""trisomy 21""",2001,652
ID_new_down,"""Down syndrome"" OR ""Down's syndrome"" OR ""trisomy 21""",2002,590
ID_new_down,"""Down syndrome"" OR ""Down's syndrome"" OR ""trisomy 21""",2003,594
ID_new_down,"""Down syndrome"" OR ""Down's syndrome"" OR ""trisomy 21""",2004,599
ID_new_down,"""Down syndrome"" OR ""Down's syndrome"" OR ""trisomy 21""",2005,673
ID_new_down,"""Down syndrome"" OR ""Down's syndrome"" OR ""trisomy 21""",2006,762
ID_new_down,"""Down syndrome"" OR ""Down's syndrome"" OR ""trisomy 21""",2007,759
ID_new_down,"""Down syndrome"" OR ""Down's syndrome"" OR ""trisomy 21""",2008,787
ID_new_down,"""Down syndrome"" OR ""Down's syndrome"" OR ""trisomy 21""",2009,746
ID_new_down,"""Down syndrome"" OR ""Down's syndrome"" OR ""trisomy 21""",2010,817
ID_new_down,"""Down syndrome"" OR ""Down's syndrome"" OR ""trisomy 21""",2011,905
ID_new_down,"""Down syndrome"" OR ""Down's syndrome"" OR ""trisomy 21""",2012,975
ID_new_down,"""Down syndrome"" OR ""Down's syndrome"" OR ""trisomy 21""",2013,1053
ID_new_down,"""Down syndrome"" OR ""Down's syndrome"" OR ""trisomy 21""",2014,1121
ID_new_down,"""Down syndrome"" OR ""Down's syndrome"" OR ""trisomy 21""",2015,1042
ID_new_down,"""Down syndrome"" OR ""Down's syndrome"" OR ""trisomy 21""",2016,1012
ID_new_down,"""Down syndrome"" OR ""Down's syndrome"" OR ""trisomy 21""",2017,1039
ID_new_down,"""Down syndrome"" OR ""Down's syndrome"" OR ""trisomy 21""",2018,1021
ID_new_down,"""Down syndrome"" OR ""Down's syndrome"" OR ""trisomy 21""",2019,1062
ID_new_down,"""Down syndrome"" OR ""Down's syndrome"" OR ""trisomy 21""",2020,1187
ID_new_down,"""Down syndrome"" OR ""Down's syndrome"" OR ""trisomy 21""",2021,1333
ID_new_down,"""Down syndrome"" OR ""Down's syndrome"" OR ""trisomy 21""",2022,1289
ID_new_down,"""Down syndrome"" OR ""Down's syndrome"" OR ""trisomy 21""",2023,1253
ID_new_down,"""Down syndrome"" OR ""Down's syndrome"" OR ""trisomy 21""",2024,1221
ID_old_idiot_imbecile,"""feeble-minded"" OR ""feeble minded"" OR imbecile OR moron OR cretin",1950,3
ID_old_idiot_imbecile,"""feeble-minded"" OR ""feeble minded"" OR imbecile OR moron OR cretin",1951,2
ID_old_idiot_imbecile,"""feeble-minded"" OR ""feeble minded"" OR imbecile OR moron OR cretin",1952,6
ID_old_idiot_imbecile,"""feeble-minded"" OR ""feeble minded"" OR imbecile OR moron OR cretin",1953,2
ID_old_idiot_imbecile,"""feeble-minded"" OR ""feeble minded"" OR imbecile OR moron OR cretin",1954,3
ID_old_idiot_imbecile,"""feeble-minded"" OR ""feeble minded"" OR imbecile OR moron OR cretin",1955,1
ID_old_idiot_imbecile,"""feeble-minded"" OR ""feeble minded"" OR imbecile OR moron OR cretin",1956,1
ID_old_idiot_imbecile,"""feeble-minded"" OR ""feeble minded"" OR imbecile OR moron OR cretin",1957,5
ID_old_idiot_imbecile,"""feeble-minded"" OR ""feeble minded"" OR imbecile OR moron OR cretin",1958,4
ID_old_idiot_imbecile,"""feeble-minded"" OR ""feeble minded"" OR imbecile OR moron OR cretin",1959,4
ID_old_idiot_imbecile,"""feeble-minded"" OR ""feeble minded"" OR imbecile OR moron OR cretin",1960,4
ID_old_idiot_imbecile,"""feeble-minded"" OR ""feeble minded"" OR imbecile OR moron OR cretin",1961,8
ID_old_idiot_imbecile,"""feeble-minded"" OR ""feeble minded"" OR imbecile OR moron OR cretin",1962,2
ID_old_idiot_imbecile,"""feeble-minded"" OR ""feeble minded"" OR imbecile OR moron OR cretin",1963,1
ID_old_idiot_imbecile,"""feeble-minded"" OR ""feeble minded"" OR imbecile OR moron OR cretin",1964,2
ID_old_idiot_imbecile,"""feeble-minded"" OR ""feeble minded"" OR imbecile OR moron OR cretin",1965,5
ID_old_idiot_imbecile,"""feeble-minded"" OR ""feeble minded"" OR imbecile OR moron OR cretin",1966,3
ID_old_idiot_imbecile,"""feeble-minded"" OR ""feeble minded"" OR imbecile OR moron OR cretin",1967,2
ID_old_idiot_imbecile,"""feeble-minded"" OR ""feeble minded"" OR imbecile OR moron OR cretin",1968,9
ID_old_idiot_imbecile,"""feeble-minded"" OR ""feeble minded"" OR imbecile OR moron OR cretin",1969,3
ID_old_idiot_imbecile,"""feeble-minded"" OR ""feeble minded"" OR imbecile OR moron OR cretin",1970,1
ID_old_idiot_imbecile,"""feeble-minded"" OR ""feeble minded"" OR imbecile OR moron OR cretin",1971,1
ID_old_idiot_imbecile,"""feeble-minded"" OR ""feeble minded"" OR imbecile OR moron OR cretin",1972,1
ID_old_idiot_imbecile,"""feeble-minded"" OR ""feeble minded"" OR imbecile OR moron OR cretin",1973,1
ID_old_idiot_imbecile,"""feeble-minded"" OR ""feeble minded"" OR imbecile OR moron OR cretin",1974,3
ID_old_idiot_imbecile,"""feeble-minded"" OR ""feeble minded"" OR imbecile OR moron OR cretin",1975,5
ID_old_idiot_imbecile,"""feeble-minded"" OR ""feeble minded"" OR imbecile OR moron OR cretin",1976,3
ID_old_idiot_imbecile,"""feeble-minded"" OR ""feeble minded"" OR imbecile OR moron OR cretin",1977,5
ID_old_idiot_imbecile,"""feeble-minded"" OR ""feeble minded"" OR imbecile OR moron OR cretin",1978,3
ID_old_idiot_imbecile,"""feeble-minded"" OR ""feeble minded"" OR imbecile OR moron OR cretin",1979,5
ID_old_idiot_imbecile,"""feeble-minded"" OR ""feeble minded"" OR imbecile OR moron OR cretin",1980,5
ID_old_idiot_imbecile,"""feeble-minded"" OR ""feeble minded"" OR imbecile OR moron OR cretin",1981,6
ID_old_idiot_imbecile,"""feeble-minded"" OR ""feeble minded"" OR imbecile OR moron OR cretin",1982,1
ID_old_idiot_imbecile,"""feeble-minded"" OR ""feeble minded"" OR imbecile OR moron OR cretin",1983,3
ID_old_idiot_imbecile,"""feeble-minded"" OR ""feeble minded"" OR imbecile OR moron OR cretin",1984,3
ID_old_idiot_imbecile,"""feeble-minded"" OR ""feeble minded"" OR imbecile OR moron OR cretin",1985,2
ID_old_idiot_imbecile,"""feeble-minded"" OR ""feeble minded"" OR imbecile OR moron OR cretin",1986,2
ID_old_idiot_imbecile,"""feeble-minded"" OR ""feeble minded"" OR imbecile OR moron OR cretin",1987,2
ID_old_idiot_imbecile,"""feeble-minded"" OR ""feeble minded"" OR imbecile OR moron OR cretin",1988,4
ID_old_idiot_imbecile,"""feeble-minded"" OR ""feeble minded"" OR imbecile OR moron OR cretin",1989,4
ID_old_idiot_imbecile,"""feeble-minded"" OR ""feeble minded"" OR imbecile OR moron OR cretin",1990,3
ID_old_idiot_imbecile,"""feeble-minded"" OR ""feeble minded"" OR imbecile OR moron OR cretin",1991,5
ID_old_idiot_imbecile,"""feeble-minded"" OR ""feeble minded"" OR imbecile OR moron OR cretin",1992,0
ID_old_idiot_imbecile,"""feeble-minded"" OR ""feeble minded"" OR imbecile OR moron OR cretin",1993,5
ID_old_idiot_imbecile,"""feeble-minded"" OR ""feeble minded"" OR imbecile OR moron OR cretin",1994,5
ID_old_idiot_imbecile,"""feeble-minded"" OR ""feeble minded"" OR imbecile OR moron OR cretin",1995,2
ID_old_idiot_imbecile,"""feeble-minded"" OR ""feeble minded"" OR imbecile OR moron OR cretin",1996,4
ID_old_idiot_imbecile,"""feeble-minded"" OR ""feeble minded"" OR imbecile OR moron OR cretin",1997,1
ID_old_idiot_imbecile,"""feeble-minded"" OR ""feeble minded"" OR imbecile OR moron OR cretin",1998,3
ID_old_idiot_imbecile,"""feeble-minded"" OR ""feeble minded"" OR imbecile OR moron OR cretin",1999,3
ID_old_idiot_imbecile,"""feeble-minded"" OR ""feeble minded"" OR imbecile OR moron OR cretin",2000,4
ID_old_idiot_imbecile,"""feeble-minded"" OR ""feeble minded"" OR imbecile OR moron OR cretin",2001,4
ID_old_idiot_imbecile,"""feeble-minded"" OR ""feeble minded"" OR imbecile OR moron OR cretin",2002,2
ID_old_idiot_imbecile,"""feeble-minded"" OR ""feeble minded"" OR imbecile OR moron OR cretin",2003,2
ID_old_idiot_imbecile,"""feeble-minded"" OR ""feeble minded"" OR imbecile OR moron OR cretin",2004,3
ID_old_idiot_imbecile,"""feeble-minded"" OR ""feeble minded"" OR imbecile OR moron OR cretin",2005,5
ID_old_idiot_imbecile,"""feeble-minded"" OR ""feeble minded"" OR imbecile OR moron OR cretin",2006,2
ID_old_idiot_imbecile,"""feeble-minded"" OR ""feeble minded"" OR imbecile OR moron OR cretin",2007,1
ID_old_idiot_imbecile,"""feeble-minded"" OR ""feeble minded"" OR imbecile OR moron OR cretin",2008,3
ID_old_idiot_imbecile,"""feeble-minded"" OR ""feeble minded"" OR imbecile OR moron OR cretin",2009,1
ID_old_idiot_imbecile,"""feeble-minded"" OR ""feeble minded"" OR imbecile OR moron OR cretin",2010,4
ID_old_idiot_imbecile,"""feeble-minded"" OR ""feeble minded"" OR imbecile OR moron OR cretin",2011,1
ID_old_idiot_imbecile,"""feeble-minded"" OR ""feeble minded"" OR imbecile OR moron OR cretin",2012,4
ID_old_idiot_imbecile,"""feeble-minded"" OR ""feeble minded"" OR imbecile OR moron OR cretin",2013,4
ID_old_idiot_imbecile,"""feeble-minded"" OR ""feeble minded"" OR imbecile OR moron OR cretin",2014,6
ID_old_idiot_imbecile,"""feeble-minded"" OR ""feeble minded"" OR imbecile OR moron OR cretin",2015,4
ID_old_idiot_imbecile,"""feeble-minded"" OR ""feeble minded"" OR imbecile OR moron OR cretin",2016,3
ID_old_idiot_imbecile,"""feeble-minded"" OR ""feeble minded"" OR imbecile OR moron OR cretin",2017,5
ID_old_idiot_imbecile,"""feeble-minded"" OR ""feeble minded"" OR imbecile OR moron OR cretin",2018,6
ID_old_idiot_imbecile,"""feeble-minded"" OR ""feeble minded"" OR imbecile OR moron OR cretin",2019,7
ID_old_idiot_imbecile,"""feeble-minded"" OR ""feeble minded"" OR imbecile OR moron OR cretin",2020,8
ID_old_idiot_imbecile,"""feeble-minded"" OR ""feeble minded"" OR imbecile OR moron OR cretin",2021,7
ID_old_idiot_imbecile,"""feeble-minded"" OR ""feeble minded"" OR imbecile OR moron OR cretin",2022,7
ID_old_idiot_imbecile,"""feeble-minded"" OR ""feeble minded"" OR imbecile OR moron OR cretin",2023,3
ID_old_idiot_imbecile,"""feeble-minded"" OR ""feeble minded"" OR imbecile OR moron OR cretin",2024,6
ID_old_mental_retardation,"""mental retardation"" OR ""mentally retarded"" OR ""mental retardate""",1950,12
ID_old_mental_retardation,"""mental retardation"" OR ""mentally retarded"" OR ""mental retardate""",1951,19
ID_old_mental_retardation,"""mental retardation"" OR ""mentally retarded"" OR ""mental retardate""",1952,31
ID_old_mental_retardation,"""mental retardation"" OR ""mentally retarded"" OR ""mental retardate""",1953,18
ID_old_mental_retardation,"""mental retardation"" OR ""mentally retarded"" OR ""mental retardate""",1954,47
ID_old_mental_retardation,"""mental retardation"" OR ""mentally retarded"" OR ""mental retardate""",1955,35
ID_old_mental_retardation,"""mental retardation"" OR ""mentally retarded"" OR ""mental retardate""",1956,50
ID_old_mental_retardation,"""mental retardation"" OR ""mentally retarded"" OR ""mental retardate""",1957,49
ID_old_mental_retardation,"""mental retardation"" OR ""mentally retarded"" OR ""mental retardate""",1958,80
ID_old_mental_retardation,"""mental retardation"" OR ""mentally retarded"" OR ""mental retardate""",1959,89
ID_old_mental_retardation,"""mental retardation"" OR ""mentally retarded"" OR ""mental retardate""",1960,60
ID_old_mental_retardation,"""mental retardation"" OR ""mentally retarded"" OR ""mental retardate""",1961,70
ID_old_mental_retardation,"""mental retardation"" OR ""mentally retarded"" OR ""mental retardate""",1962,98
ID_old_mental_retardation,"""mental retardation"" OR ""mentally retarded"" OR ""mental retardate""",1963,471
ID_old_mental_retardation,"""mental retardation"" OR ""mentally retarded"" OR ""mental retardate""",1964,805
ID_old_mental_retardation,"""mental retardation"" OR ""mentally retarded"" OR ""mental retardate""",1965,494
ID_old_mental_retardation,"""mental retardation"" OR ""mentally retarded"" OR ""mental retardate""",1966,167
ID_old_mental_retardation,"""mental retardation"" OR ""mentally retarded"" OR ""mental retardate""",1967,204
ID_old_mental_retardation,"""mental retardation"" OR ""mentally retarded"" OR ""mental retardate""",1968,264
ID_old_mental_retardation,"""mental retardation"" OR ""mentally retarded"" OR ""mental retardate""",1969,240
ID_old_mental_retardation,"""mental retardation"" OR ""mentally retarded"" OR ""mental retardate""",1970,239
ID_old_mental_retardation,"""mental retardation"" OR ""mentally retarded"" OR ""mental retardate""",1971,260
ID_old_mental_retardation,"""mental retardation"" OR ""mentally retarded"" OR ""mental retardate""",1972,182
ID_old_mental_retardation,"""mental retardation"" OR ""mentally retarded"" OR ""mental retardate""",1973,218
ID_old_mental_retardation,"""mental retardation"" OR ""mentally retarded"" OR ""mental retardate""",1974,219
ID_old_mental_retardation,"""mental retardation"" OR ""mentally retarded"" OR ""mental retardate""",1975,368
ID_old_mental_retardation,"""mental retardation"" OR ""mentally retarded"" OR ""mental retardate""",1976,360
ID_old_mental_retardation,"""mental retardation"" OR ""mentally retarded"" OR ""mental retardate""",1977,373
ID_old_mental_retardation,"""mental retardation"" OR ""mentally retarded"" OR ""mental retardate""",1978,378
ID_old_mental_retardation,"""mental retardation"" OR ""mentally retarded"" OR ""mental retardate""",1979,413
ID_old_mental_retardation,"""mental retardation"" OR ""mentally retarded"" OR ""mental retardate""",1980,455
ID_old_mental_retardation,"""mental retardation"" OR ""mentally retarded"" OR ""mental retardate""",1981,485
ID_old_mental_retardation,"""mental retardation"" OR ""mentally retarded"" OR ""mental retardate""",1982,476
ID_old_mental_retardation,"""mental retardation"" OR ""mentally retarded"" OR ""mental retardate""",1983,470
ID_old_mental_retardation,"""mental retardation"" OR ""mentally retarded"" OR ""mental retardate""",1984,494
ID_old_mental_retardation,"""mental retardation"" OR ""mentally retarded"" OR ""mental retardate""",1985,509
ID_old_mental_retardation,"""mental retardation"" OR ""mentally retarded"" OR ""mental retardate""",1986,532
ID_old_mental_retardation,"""mental retardation"" OR ""mentally retarded"" OR ""mental retardate""",1987,594
ID_old_mental_retardation,"""mental retardation"" OR ""mentally retarded"" OR ""mental retardate""",1988,544
ID_old_mental_retardation,"""mental retardation"" OR ""mentally retarded"" OR ""mental retardate""",1989,626
ID_old_mental_retardation,"""mental retardation"" OR ""mentally retarded"" OR ""mental retardate""",1990,625
ID_old_mental_retardation,"""mental retardation"" OR ""mentally retarded"" OR ""mental retardate""",1991,666
ID_old_mental_retardation,"""mental retardation"" OR ""mentally retarded"" OR ""mental retardate""",1992,732
ID_old_mental_retardation,"""mental retardation"" OR ""mentally retarded"" OR ""mental retardate""",1993,706
ID_old_mental_retardation,"""mental retardation"" OR ""mentally retarded"" OR ""mental retardate""",1994,667
ID_old_mental_retardation,"""mental retardation"" OR ""mentally retarded"" OR ""mental retardate""",1995,699
ID_old_mental_retardation,"""mental retardation"" OR ""mentally retarded"" OR ""mental retardate""",1996,726
ID_old_mental_retardation,"""mental retardation"" OR ""mentally retarded"" OR ""mental retardate""",1997,741
ID_old_mental_retardation,"""mental retardation"" OR ""mentally retarded"" OR ""mental retardate""",1998,732
ID_old_mental_retardation,"""mental retardation"" OR ""mentally retarded"" OR ""mental retardate""",1999,836
ID_old_mental_retardation,"""mental retardation"" OR ""mentally retarded"" OR ""mental retardate""",2000,796
ID_old_mental_retardation,"""mental retardation"" OR ""mentally retarded"" OR ""mental retardate""",2001,762
ID_old_mental_retardation,"""mental retardation"" OR ""mentally retarded"" OR ""mental retardate""",2002,796
ID_old_mental_retardation,"""mental retardation"" OR ""mentally retarded"" OR ""mental retardate""",2003,818
ID_old_mental_retardation,"""mental retardation"" OR ""mentally retarded"" OR ""mental retardate""",2004,859
ID_old_mental_retardation,"""mental retardation"" OR ""mentally retarded"" OR ""mental retardate""",2005,943
ID_old_mental_retardation,"""mental retardation"" OR ""mentally retarded"" OR ""mental retardate""",2006,1030
ID_old_mental_retardation,"""mental retardation"" OR ""mentally retarded"" OR ""mental retardate""",2007,1008
ID_old_mental_retardation,"""mental retardation"" OR ""mentally retarded"" OR ""mental retardate""",2008,1046
ID_old_mental_retardation,"""mental retardation"" OR ""mentally retarded"" OR ""mental retardate""",2009,1087
ID_old_mental_retardation,"""mental retardation"" OR ""mentally retarded"" OR ""mental retardate""",2010,1021
ID_old_mental_retardation,"""mental retardation"" OR ""mentally retarded"" OR ""mental retardate""",2011,968
ID_old_mental_retardation,"""mental retardation"" OR ""mentally retarded"" OR ""mental retardate""",2012,917
ID_old_mental_retardation,"""mental retardation"" OR ""mentally retarded"" OR ""mental retardate""",2013,844
ID_old_mental_retardation,"""mental retardation"" OR ""mentally retarded"" OR ""mental retardate""",2014,775
ID_old_mental_retardation,"""mental retardation"" OR ""mentally retarded"" OR ""mental retardate""",2015,675
ID_old_mental_retardation,"""mental retardation"" OR ""mentally retarded"" OR ""mental retardate""",2016,630
ID_old_mental_retardation,"""mental retardation"" OR ""mentally retarded"" OR ""mental retardate""",2017,516
ID_old_mental_retardation,"""mental retardation"" OR ""mentally retarded"" OR ""mental retardate""",2018,495
ID_old_mental_retardation,"""mental retardation"" OR ""mentally retarded"" OR ""mental retardate""",2019,503
ID_old_mental_retardation,"""mental retardation"" OR ""mentally retarded"" OR ""mental retardate""",2020,499
ID_old_mental_retardation,"""mental retardation"" OR ""mentally retarded"" OR ""mental retardate""",2021,496
ID_old_mental_retardation,"""mental retardation"" OR ""mentally retarded"" OR ""mental retardate""",2022,427
ID_old_mental_retardation,"""mental retardation"" OR ""mentally retarded"" OR ""mental retardate""",2023,290
ID_old_mental_retardation,"""mental retardation"" OR ""mentally retarded"" OR ""mental retardate""",2024,248
ID_new_intellectual,"""intellectual disability"" OR ""intellectually disabled"" OR ""intellectual disabilities""",1950,0
ID_new_intellectual,"""intellectual disability"" OR ""intellectually disabled"" OR ""intellectual disabilities""",1951,0
ID_new_intellectual,"""intellectual disability"" OR ""intellectually disabled"" OR ""intellectual disabilities""",1952,0
ID_new_intellectual,"""intellectual disability"" OR ""intellectually disabled"" OR ""intellectual disabilities""",1953,0
ID_new_intellectual,"""intellectual disability"" OR ""intellectually disabled"" OR ""intellectual disabilities""",1954,0
ID_new_intellectual,"""intellectual disability"" OR ""intellectually disabled"" OR ""intellectual disabilities""",1955,0
ID_new_intellectual,"""intellectual disability"" OR ""intellectually disabled"" OR ""intellectual disabilities""",1956,0
ID_new_intellectual,"""intellectual disability"" OR ""intellectually disabled"" OR ""intellectual disabilities""",1957,0
ID_new_intellectual,"""intellectual disability"" OR ""intellectually disabled"" OR ""intellectual disabilities""",1958,0
ID_new_intellectual,"""intellectual disability"" OR ""intellectually disabled"" OR ""intellectual disabilities""",1959,0
ID_new_intellectual,"""intellectual disability"" OR ""intellectually disabled"" OR ""intellectual disabilities""",1960,0
ID_new_intellectual,"""intellectual disability"" OR ""intellectually disabled"" OR ""intellectual disabilities""",1961,0
ID_new_intellectual,"""intellectual disability"" OR ""intellectually disabled"" OR ""intellectual disabilities""",1962,0
ID_new_intellectual,"""intellectual disability"" OR ""intellectually disabled"" OR ""intellectual disabilities""",1963,0
ID_new_intellectual,"""intellectual disability"" OR ""intellectually disabled"" OR ""intellectual disabilities""",1964,0
ID_new_intellectual,"""intellectual disability"" OR ""intellectually disabled"" OR ""intellectual disabilities""",1965,0
ID_new_intellectual,"""intellectual disability"" OR ""intellectually disabled"" OR ""intellectual disabilities""",1966,0
ID_new_intellectual,"""intellectual disability"" OR ""intellectually disabled"" OR ""intellectual disabilities""",1967,0
ID_new_intellectual,"""intellectual disability"" OR ""intellectually disabled"" OR ""intellectual disabilities""",1968,0
ID_new_intellectual,"""intellectual disability"" OR ""intellectually disabled"" OR ""intellectual disabilities""",1969,0
ID_new_intellectual,"""intellectual disability"" OR ""intellectually disabled"" OR ""intellectual disabilities""",1970,0
ID_new_intellectual,"""intellectual disability"" OR ""intellectually disabled"" OR ""intellectual disabilities""",1971,0
ID_new_intellectual,"""intellectual disability"" OR ""intellectually disabled"" OR ""intellectual disabilities""",1972,0
ID_new_intellectual,"""intellectual disability"" OR ""intellectually disabled"" OR ""intellectual disabilities""",1973,0
ID_new_intellectual,"""intellectual disability"" OR ""intellectually disabled"" OR ""intellectual disabilities""",1974,0
ID_new_intellectual,"""intellectual disability"" OR ""intellectually disabled"" OR ""intellectual disabilities""",1975,0
ID_new_intellectual,"""intellectual disability"" OR ""intellectually disabled"" OR ""intellectual disabilities""",1976,0
ID_new_intellectual,"""intellectual disability"" OR ""intellectually disabled"" OR ""intellectual disabilities""",1977,0
ID_new_intellectual,"""intellectual disability"" OR ""intellectually disabled"" OR ""intellectual disabilities""",1978,0
ID_new_intellectual,"""intellectual disability"" OR ""intellectually disabled"" OR ""intellectual disabilities""",1979,0
ID_new_intellectual,"""intellectual disability"" OR ""intellectually disabled"" OR ""intellectual disabilities""",1980,0
ID_new_intellectual,"""intellectual disability"" OR ""intellectually disabled"" OR ""intellectual disabilities""",1981,0
ID_new_intellectual,"""intellectual disability"" OR ""intellectually disabled"" OR ""intellectual disabilities""",1982,0
ID_new_intellectual,"""intellectual disability"" OR ""intellectually disabled"" OR ""intellectual disabilities""",1983,0
ID_new_intellectual,"""intellectual disability"" OR ""intellectually disabled"" OR ""intellectual disabilities""",1984,1
ID_new_intellectual,"""intellectual disability"" OR ""intellectually disabled"" OR ""intellectual disabilities""",1985,3
ID_new_intellectual,"""intellectual disability"" OR ""intellectually disabled"" OR ""intellectual disabilities""",1986,0
ID_new_intellectual,"""intellectual disability"" OR ""intellectually disabled"" OR ""intellectual disabilities""",1987,1
ID_new_intellectual,"""intellectual disability"" OR ""intellectually disabled"" OR ""intellectual disabilities""",1988,0
ID_new_intellectual,"""intellectual disability"" OR ""intellectually disabled"" OR ""intellectual disabilities""",1989,7
ID_new_intellectual,"""intellectual disability"" OR ""intellectually disabled"" OR ""intellectual disabilities""",1990,5
ID_new_intellectual,"""intellectual disability"" OR ""intellectually disabled"" OR ""intellectual disabilities""",1991,10
ID_new_intellectual,"""intellectual disability"" OR ""intellectually disabled"" OR ""intellectual disabilities""",1992,16
ID_new_intellectual,"""intellectual disability"" OR ""intellectually disabled"" OR ""intellectual disabilities""",1993,300
ID_new_intellectual,"""intellectual disability"" OR ""intellectually disabled"" OR ""intellectual disabilities""",1994,25
ID_new_intellectual,"""intellectual disability"" OR ""intellectually disabled"" OR ""intellectual disabilities""",1995,20
ID_new_intellectual,"""intellectual disability"" OR ""intellectually disabled"" OR ""intellectual disabilities""",1996,41
ID_new_intellectual,"""intellectual disability"" OR ""intellectually disabled"" OR ""intellectual disabilities""",1997,65
ID_new_intellectual,"""intellectual disability"" OR ""intellectually disabled"" OR ""intellectual disabilities""",1998,84
ID_new_intellectual,"""intellectual disability"" OR ""intellectually disabled"" OR ""intellectual disabilities""",1999,96
ID_new_intellectual,"""intellectual disability"" OR ""intellectually disabled"" OR ""intellectual disabilities""",2000,84
ID_new_intellectual,"""intellectual disability"" OR ""intellectually disabled"" OR ""intellectual disabilities""",2001,109
ID_new_intellectual,"""intellectual disability"" OR ""intellectually disabled"" OR ""intellectual disabilities""",2002,127
ID_new_intellectual,"""intellectual disability"" OR ""intellectually disabled"" OR ""intellectual disabilities""",2003,155
ID_new_intellectual,"""intellectual disability"" OR ""intellectually disabled"" OR ""intellectual disabilities""",2004,173
ID_new_intellectual,"""intellectual disability"" OR ""intellectually disabled"" OR ""intellectual disabilities""",2005,237
ID_new_intellectual,"""intellectual disability"" OR ""intellectually disabled"" OR ""intellectual disabilities""",2006,293
ID_new_intellectual,"""intellectual disability"" OR ""intellectually disabled"" OR ""intellectual disabilities""",2007,340
ID_new_intellectual,"""intellectual disability"" OR ""intellectually disabled"" OR ""intellectual disabilities""",2008,472
ID_new_intellectual,"""intellectual disability"" OR ""intellectually disabled"" OR ""intellectual disabilities""",2009,536
ID_new_intellectual,"""intellectual disability"" OR ""intellectually disabled"" OR ""intellectual disabilities""",2010,614
ID_new_intellectual,"""intellectual disability"" OR ""intellectually disabled"" OR ""intellectual disabilities""",2011,921
ID_new_intellectual,"""intellectual disability"" OR ""intellectually disabled"" OR ""intellectual disabilities""",2012,1261
ID_new_intellectual,"""intellectual disability"" OR ""intellectually disabled"" OR ""intellectual disabilities""",2013,1540
ID_new_intellectual,"""intellectual disability"" OR ""intellectually disabled"" OR ""intellectual disabilities""",2014,1761
ID_new_intellectual,"""intellectual disability"" OR ""intellectually disabled"" OR ""intellectual disabilities""",2015,1884
ID_new_intellectual,"""intellectual disability"" OR ""intellectually disabled"" OR ""intellectual disabilities""",2016,1984
ID_new_intellectual,"""intellectual disability"" OR ""intellectually disabled"" OR ""intellectual disabilities""",2017,2271
ID_new_intellectual,"""intellectual disability"" OR ""intellectually disabled"" OR ""intellectual disabilities""",2018,2322
ID_new_intellectual,"""intellectual disability"" OR ""intellectually disabled"" OR ""intellectual disabilities""",2019,2444
ID_new_intellectual,"""intellectual disability"" OR ""intellectually disabled"" OR ""intellectual disabilities""",2020,2824
ID_new_intellectual,"""intellectual disability"" OR ""intellectually disabled"" OR ""intellectual disabilities""",2021,3256
ID_new_intellectual,"""intellectual disability"" OR ""intellectually disabled"" OR ""intellectual disabilities""",2022,3159
ID_new_intellectual,"""intellectual disability"" OR ""intellectually disabled"" OR ""intellectual disabilities""",2023,2939
ID_new_intellectual,"""intellectual disability"" OR ""intellectually disabled"" OR ""intellectual disabilities""",2024,3141
AUT_old_asperger,Asperger OR Asperger's,1980,0
AUT_old_asperger,Asperger OR Asperger's,1981,1
AUT_old_asperger,Asperger OR Asperger's,1982,1
AUT_old_asperger,Asperger OR Asperger's,1983,1
AUT_old_asperger,Asperger OR Asperger's,1984,1
AUT_old_asperger,Asperger OR Asperger's,1985,5
AUT_old_asperger,Asperger OR Asperger's,1986,4
AUT_old_asperger,Asperger OR Asperger's,1987,6
AUT_old_asperger,Asperger OR Asperger's,1988,5
AUT_old_asperger,Asperger OR Asperger's,1989,6
AUT_old_asperger,Asperger OR Asperger's,1990,14
AUT_old_asperger,Asperger OR Asperger's,1991,15
AUT_old_asperger,Asperger OR Asperger's,1992,14
AUT_old_asperger,Asperger OR Asperger's,1993,12
AUT_old_asperger,Asperger OR Asperger's,1994,19
AUT_old_asperger,Asperger OR Asperger's,1995,15
AUT_old_asperger,Asperger OR Asperger's,1996,21
AUT_old_asperger,Asperger OR Asperger's,1997,21
AUT_old_asperger,Asperger OR Asperger's,1998,24
AUT_old_asperger,Asperger OR Asperger's,1999,35
AUT_old_asperger,Asperger OR Asperger's,2000,42
AUT_old_asperger,Asperger OR Asperger's,2001,56
AUT_old_asperger,Asperger OR Asperger's,2002,62
AUT_old_asperger,Asperger OR Asperger's,2003,79
AUT_old_asperger,Asperger OR Asperger's,2004,86
AUT_old_asperger,Asperger OR Asperger's,2005,94
AUT_old_asperger,Asperger OR Asperger's,2006,129
AUT_old_asperger,Asperger OR Asperger's,2007,178
AUT_old_asperger,Asperger OR Asperger's,2008,144
AUT_old_asperger,Asperger OR Asperger's,2009,127
AUT_old_asperger,Asperger OR Asperger's,2010,129
AUT_old_asperger,Asperger OR Asperger's,2011,137
AUT_old_asperger,Asperger OR Asperger's,2012,161
AUT_old_asperger,Asperger OR Asperger's,2013,167
AUT_old_asperger,Asperger OR Asperger's,2014,151
AUT_old_asperger,Asperger OR Asperger's,2015,115
AUT_old_asperger,Asperger OR Asperger's,2016,104
AUT_old_asperger,Asperger OR Asperger's,2017,98
AUT_old_asperger,Asperger OR Asperger's,2018,80
AUT_old_asperger,Asperger OR Asperger's,2019,73
AUT_old_asperger,Asperger OR Asperger's,2020,69
AUT_old_asperger,Asperger OR Asperger's,2021,65
AUT_old_asperger,Asperger OR Asperger's,2022,40
AUT_old_asperger,Asperger OR Asperger's,2023,50
AUT_old_asperger,Asperger OR Asperger's,2024,48
AUT_new_asd,"""autism spectrum disorder"" OR ""autism spectrum disorders""",1980,0
AUT_new_asd,"""autism spectrum disorder"" OR ""autism spectrum disorders""",1981,0
AUT_new_asd,"""autism spectrum disorder"" OR ""autism spectrum disorders""",1982,0
AUT_new_asd,"""autism spectrum disorder"" OR ""autism spectrum disorders""",1983,0
AUT_new_asd,"""autism spectrum disorder"" OR ""autism spectrum disorders""",1984,0
AUT_new_asd,"""autism spectrum disorder"" OR ""autism spectrum disorders""",1985,0
AUT_new_asd,"""autism spectrum disorder"" OR ""autism spectrum disorders""",1986,0
AUT_new_asd,"""autism spectrum disorder"" OR ""autism spectrum disorders""",1987,0
AUT_new_asd,"""autism spectrum disorder"" OR ""autism spectrum disorders""",1988,0
AUT_new_asd,"""autism spectrum disorder"" OR ""autism spectrum disorders""",1989,0
AUT_new_asd,"""autism spectrum disorder"" OR ""autism spectrum disorders""",1990,0
AUT_new_asd,"""autism spectrum disorder"" OR ""autism spectrum disorders""",1991,0
AUT_new_asd,"""autism spectrum disorder"" OR ""autism spectrum disorders""",1992,1
AUT_new_asd,"""autism spectrum disorder"" OR ""autism spectrum disorders""",1993,65
AUT_new_asd,"""autism spectrum disorder"" OR ""autism spectrum disorders""",1994,2
AUT_new_asd,"""autism spectrum disorder"" OR ""autism spectrum disorders""",1995,1
AUT_new_asd,"""autism spectrum disorder"" OR ""autism spectrum disorders""",1996,5
AUT_new_asd,"""autism spectrum disorder"" OR ""autism spectrum disorders""",1997,1
AUT_new_asd,"""autism spectrum disorder"" OR ""autism spectrum disorders""",1998,8
AUT_new_asd,"""autism spectrum disorder"" OR ""autism spectrum disorders""",1999,10
AUT_new_asd,"""autism spectrum disorder"" OR ""autism spectrum disorders""",2000,20
AUT_new_asd,"""autism spectrum disorder"" OR ""autism spectrum disorders""",2001,32
AUT_new_asd,"""autism spectrum disorder"" OR ""autism spectrum disorders""",2002,43
AUT_new_asd,"""autism spectrum disorder"" OR ""autism spectrum disorders""",2003,75
AUT_new_asd,"""autism spectrum disorder"" OR ""autism spectrum disorders""",2004,89
AUT_new_asd,"""autism spectrum disorder"" OR ""autism spectrum disorders""",2005,156
AUT_new_asd,"""autism spectrum disorder"" OR ""autism spectrum disorders""",2006,264
AUT_new_asd,"""autism spectrum disorder"" OR ""autism spectrum disorders""",2007,383
AUT_new_asd,"""autism spectrum disorder"" OR ""autism spectrum disorders""",2008,531
AUT_new_asd,"""autism spectrum disorder"" OR ""autism spectrum disorders""",2009,622
AUT_new_asd,"""autism spectrum disorder"" OR ""autism spectrum disorders""",2010,831
AUT_new_asd,"""autism spectrum disorder"" OR ""autism spectrum disorders""",2011,1086
AUT_new_asd,"""autism spectrum disorder"" OR ""autism spectrum disorders""",2012,1520
AUT_new_asd,"""autism spectrum disorder"" OR ""autism spectrum disorders""",2013,1913
AUT_new_asd,"""autism spectrum disorder"" OR ""autism spectrum disorders""",2014,2306
AUT_new_asd,"""autism spectrum disorder"" OR ""autism spectrum disorders""",2015,2670
AUT_new_asd,"""autism spectrum disorder"" OR ""autism spectrum disorders""",2016,2970
AUT_new_asd,"""autism spectrum disorder"" OR ""autism spectrum disorders""",2017,3223
AUT_new_asd,"""autism spectrum disorder"" OR ""autism spectrum disorders""",2018,3560
AUT_new_asd,"""autism spectrum disorder"" OR ""autism spectrum disorders""",2019,3863
AUT_new_asd,"""autism spectrum disorder"" OR ""autism spectrum disorders""",2020,4363
AUT_new_asd,"""autism spectrum disorder"" OR ""autism spectrum disorders""",2021,5166
AUT_new_asd,"""autism spectrum disorder"" OR ""autism spectrum disorders""",2022,5122
AUT_new_asd,"""autism spectrum disorder"" OR ""autism spectrum disorders""",2023,4531
AUT_new_asd,"""autism spectrum disorder"" OR ""autism spectrum disorders""",2024,4831
AUT_old_pdd,"""pervasive developmental disorder"" OR ""PDD-NOS"" OR ""PDD NOS""",1980,0
AUT_old_pdd,"""pervasive developmental disorder"" OR ""PDD-NOS"" OR ""PDD NOS""",1981,2
AUT_old_pdd,"""pervasive developmental disorder"" OR ""PDD-NOS"" OR ""PDD NOS""",1982,1
AUT_old_pdd,"""pervasive developmental disorder"" OR ""PDD-NOS"" OR ""PDD NOS""",1983,1
AUT_old_pdd,"""pervasive developmental disorder"" OR ""PDD-NOS"" OR ""PDD NOS""",1984,2
AUT_old_pdd,"""pervasive developmental disorder"" OR ""PDD-NOS"" OR ""PDD NOS""",1985,3
AUT_old_pdd,"""pervasive developmental disorder"" OR ""PDD-NOS"" OR ""PDD NOS""",1986,5
AUT_old_pdd,"""pervasive developmental disorder"" OR ""PDD-NOS"" OR ""PDD NOS""",1987,4
AUT_old_pdd,"""pervasive developmental disorder"" OR ""PDD-NOS"" OR ""PDD NOS""",1988,10
AUT_old_pdd,"""pervasive developmental disorder"" OR ""PDD-NOS"" OR ""PDD NOS""",1989,7
AUT_old_pdd,"""pervasive developmental disorder"" OR ""PDD-NOS"" OR ""PDD NOS""",1990,7
AUT_old_pdd,"""pervasive developmental disorder"" OR ""PDD-NOS"" OR ""PDD NOS""",1991,10
AUT_old_pdd,"""pervasive developmental disorder"" OR ""PDD-NOS"" OR ""PDD NOS""",1992,9
AUT_old_pdd,"""pervasive developmental disorder"" OR ""PDD-NOS"" OR ""PDD NOS""",1993,14
AUT_old_pdd,"""pervasive developmental disorder"" OR ""PDD-NOS"" OR ""PDD NOS""",1994,14
AUT_old_pdd,"""pervasive developmental disorder"" OR ""PDD-NOS"" OR ""PDD NOS""",1995,18
AUT_old_pdd,"""pervasive developmental disorder"" OR ""PDD-NOS"" OR ""PDD NOS""",1996,11
AUT_old_pdd,"""pervasive developmental disorder"" OR ""PDD-NOS"" OR ""PDD NOS""",1997,21
AUT_old_pdd,"""pervasive developmental disorder"" OR ""PDD-NOS"" OR ""PDD NOS""",1998,41
AUT_old_pdd,"""pervasive developmental disorder"" OR ""PDD-NOS"" OR ""PDD NOS""",1999,33
AUT_old_pdd,"""pervasive developmental disorder"" OR ""PDD-NOS"" OR ""PDD NOS""",2000,31
AUT_old_pdd,"""pervasive developmental disorder"" OR ""PDD-NOS"" OR ""PDD NOS""",2001,42
AUT_old_pdd,"""pervasive developmental disorder"" OR ""PDD-NOS"" OR ""PDD NOS""",2002,31
AUT_old_pdd,"""pervasive developmental disorder"" OR ""PDD-NOS"" OR ""PDD NOS""",2003,32
AUT_old_pdd,"""pervasive developmental disorder"" OR ""PDD-NOS"" OR ""PDD NOS""",2004,61
AUT_old_pdd,"""pervasive developmental disorder"" OR ""PDD-NOS"" OR ""PDD NOS""",2005,52
AUT_old_pdd,"""pervasive developmental disorder"" OR ""PDD-NOS"" OR ""PDD NOS""",2006,73
AUT_old_pdd,"""pervasive developmental disorder"" OR ""PDD-NOS"" OR ""PDD NOS""",2007,98
AUT_old_pdd,"""pervasive developmental disorder"" OR ""PDD-NOS"" OR ""PDD NOS""",2008,83
AUT_old_pdd,"""pervasive developmental disorder"" OR ""PDD-NOS"" OR ""PDD NOS""",2009,86
AUT_old_pdd,"""pervasive developmental disorder"" OR ""PDD-NOS"" OR ""PDD NOS""",2010,79
AUT_old_pdd,"""pervasive developmental disorder"" OR ""PDD-NOS"" OR ""PDD NOS""",2011,75
AUT_old_pdd,"""pervasive developmental disorder"" OR ""PDD-NOS"" OR ""PDD NOS""",2012,99
AUT_old_pdd,"""pervasive developmental disorder"" OR ""PDD-NOS"" OR ""PDD NOS""",2013,87
AUT_old_pdd,"""pervasive developmental disorder"" OR ""PDD-NOS"" OR ""PDD NOS""",2014,82
AUT_old_pdd,"""pervasive developmental disorder"" OR ""PDD-NOS"" OR ""PDD NOS""",2015,74
AUT_old_pdd,"""pervasive developmental disorder"" OR ""PDD-NOS"" OR ""PDD NOS""",2016,49
AUT_old_pdd,"""pervasive developmental disorder"" OR ""PDD-NOS"" OR ""PDD NOS""",2017,36
AUT_old_pdd,"""pervasive developmental disorder"" OR ""PDD-NOS"" OR ""PDD NOS""",2018,37
AUT_old_pdd,"""pervasive developmental disorder"" OR ""PDD-NOS"" OR ""PDD NOS""",2019,35
AUT_old_pdd,"""pervasive developmental disorder"" OR ""PDD-NOS"" OR ""PDD NOS""",2020,31
AUT_old_pdd,"""pervasive developmental disorder"" OR ""PDD-NOS"" OR ""PDD NOS""",2021,34
AUT_old_pdd,"""pervasive developmental disorder"" OR ""PDD-NOS"" OR ""PDD NOS""",2022,21
AUT_old_pdd,"""pervasive developmental disorder"" OR ""PDD-NOS"" OR ""PDD NOS""",2023,19
AUT_old_pdd,"""pervasive developmental disorder"" OR ""PDD-NOS"" OR ""PDD NOS""",2024,23
AUT_old_infantile,"""infantile autism"" OR ""early infantile autism""",1950,0
AUT_old_infantile,"""infantile autism"" OR ""early infantile autism""",1951,1
AUT_old_infantile,"""infantile autism"" OR ""early infantile autism""",1952,2
AUT_old_infantile,"""infantile autism"" OR ""early infantile autism""",1953,0
AUT_old_infantile,"""infantile autism"" OR ""early infantile autism""",1954,2
AUT_old_infantile,"""infantile autism"" OR ""early infantile autism""",1955,1
AUT_old_infantile,"""infantile autism"" OR ""early infantile autism""",1956,1
AUT_old_infantile,"""infantile autism"" OR ""early infantile autism""",1957,4
AUT_old_infantile,"""infantile autism"" OR ""early infantile autism""",1958,4
AUT_old_infantile,"""infantile autism"" OR ""early infantile autism""",1959,0
AUT_old_infantile,"""infantile autism"" OR ""early infantile autism""",1960,3
AUT_old_infantile,"""infantile autism"" OR ""early infantile autism""",1961,0
AUT_old_infantile,"""infantile autism"" OR ""early infantile autism""",1962,2
AUT_old_infantile,"""infantile autism"" OR ""early infantile autism""",1963,3
AUT_old_infantile,"""infantile autism"" OR ""early infantile autism""",1964,4
AUT_old_infantile,"""infantile autism"" OR ""early infantile autism""",1965,4
AUT_old_infantile,"""infantile autism"" OR ""early infantile autism""",1966,3
AUT_old_infantile,"""infantile autism"" OR ""early infantile autism""",1967,0
AUT_old_infantile,"""infantile autism"" OR ""early infantile autism""",1968,11
AUT_old_infantile,"""infantile autism"" OR ""early infantile autism""",1969,8
AUT_old_infantile,"""infantile autism"" OR ""early infantile autism""",1970,8
AUT_old_infantile,"""infantile autism"" OR ""early infantile autism""",1971,13
AUT_old_infantile,"""infantile autism"" OR ""early infantile autism""",1972,12
AUT_old_infantile,"""infantile autism"" OR ""early infantile autism""",1973,13
AUT_old_infantile,"""infantile autism"" OR ""early infantile autism""",1974,8
AUT_old_infantile,"""infantile autism"" OR ""early infantile autism""",1975,23
AUT_old_infantile,"""infantile autism"" OR ""early infantile autism""",1976,19
AUT_old_infantile,"""infantile autism"" OR ""early infantile autism""",1977,14
AUT_old_infantile,"""infantile autism"" OR ""early infantile autism""",1978,15
AUT_old_infantile,"""infantile autism"" OR ""early infantile autism""",1979,18
AUT_old_infantile,"""infantile autism"" OR ""early infantile autism""",1980,8
AUT_old_infantile,"""infantile autism"" OR ""early infantile autism""",1981,18
AUT_old_infantile,"""infantile autism"" OR ""early infantile autism""",1982,24
AUT_old_infantile,"""infantile autism"" OR ""early infantile autism""",1983,23
AUT_old_infantile,"""infantile autism"" OR ""early infantile autism""",1984,33
AUT_old_infantile,"""infantile autism"" OR ""early infantile autism""",1985,31
AUT_old_infantile,"""infantile autism"" OR ""early infantile autism""",1986,40
AUT_old_infantile,"""infantile autism"" OR ""early infantile autism""",1987,29
AUT_old_infantile,"""infantile autism"" OR ""early infantile autism""",1988,32
AUT_old_infantile,"""infantile autism"" OR ""early infantile autism""",1989,34
AUT_old_infantile,"""infantile autism"" OR ""early infantile autism""",1990,15
AUT_old_infantile,"""infantile autism"" OR ""early infantile autism""",1991,22
AUT_old_infantile,"""infantile autism"" OR ""early infantile autism""",1992,33
AUT_old_infantile,"""infantile autism"" OR ""early infantile autism""",1993,22
AUT_old_infantile,"""infantile autism"" OR ""early infantile autism""",1994,18
AUT_old_infantile,"""infantile autism"" OR ""early infantile autism""",1995,17
AUT_old_infantile,"""infantile autism"" OR ""early infantile autism""",1996,12
AUT_old_infantile,"""infantile autism"" OR ""early infantile autism""",1997,10
AUT_old_infantile,"""infantile autism"" OR ""early infantile autism""",1998,9
AUT_old_infantile,"""infantile autism"" OR ""early infantile autism""",1999,18
AUT_old_infantile,"""infantile autism"" OR ""early infantile autism""",2000,15
AUT_old_infantile,"""infantile autism"" OR ""early infantile autism""",2001,13
AUT_old_infantile,"""infantile autism"" OR ""early infantile autism""",2002,14
AUT_old_infantile,"""infantile autism"" OR ""early infantile autism""",2003,7
AUT_old_infantile,"""infantile autism"" OR ""early infantile autism""",2004,12
AUT_old_infantile,"""infantile autism"" OR ""early infantile autism""",2005,6
AUT_old_infantile,"""infantile autism"" OR ""early infantile autism""",2006,7
AUT_old_infantile,"""infantile autism"" OR ""early infantile autism""",2007,10
AUT_old_infantile,"""infantile autism"" OR ""early infantile autism""",2008,10
AUT_old_infantile,"""infantile autism"" OR ""early infantile autism""",2009,9
AUT_old_infantile,"""infantile autism"" OR ""early infantile autism""",2010,8
AUT_old_infantile,"""infantile autism"" OR ""early infantile autism""",2011,7
AUT_old_infantile,"""infantile autism"" OR ""early infantile autism""",2012,10
AUT_old_infantile,"""infantile autism"" OR ""early infantile autism""",2013,12
AUT_old_infantile,"""infantile autism"" OR ""early infantile autism""",2014,2
AUT_old_infantile,"""infantile autism"" OR ""early infantile autism""",2015,4
AUT_old_infantile,"""infantile autism"" OR ""early infantile autism""",2016,10
AUT_old_infantile,"""infantile autism"" OR ""early infantile autism""",2017,6
AUT_old_infantile,"""infantile autism"" OR ""early infantile autism""",2018,3
AUT_old_infantile,"""infantile autism"" OR ""early infantile autism""",2019,4
AUT_old_infantile,"""infantile autism"" OR ""early infantile autism""",2020,4
AUT_old_infantile,"""infantile autism"" OR ""early infantile autism""",2021,7
AUT_old_infantile,"""infantile autism"" OR ""early infantile autism""",2022,1
AUT_old_infantile,"""infantile autism"" OR ""early infantile autism""",2023,1
AUT_old_infantile,"""infantile autism"" OR ""early infantile autism""",2024,2
MOOD_old_manic_depressive,"""manic-depressive"" OR ""manic depressive"" OR ""manic depression"" OR ""manic-depression""",1950,23
MOOD_old_manic_depressive,"""manic-depressive"" OR ""manic depressive"" OR ""manic depression"" OR ""manic-depression""",1951,24
MOOD_old_manic_depressive,"""manic-depressive"" OR ""manic depressive"" OR ""manic depression"" OR ""manic-depression""",1952,38
MOOD_old_manic_depressive,"""manic-depressive"" OR ""manic depressive"" OR ""manic depression"" OR ""manic-depression""",1953,29
MOOD_old_manic_depressive,"""manic-depressive"" OR ""manic depressive"" OR ""manic depression"" OR ""manic-depression""",1954,34
MOOD_old_manic_depressive,"""manic-depressive"" OR ""manic depressive"" OR ""manic depression"" OR ""manic-depression""",1955,32
MOOD_old_manic_depressive,"""manic-depressive"" OR ""manic depressive"" OR ""manic depression"" OR ""manic-depression""",1956,28
MOOD_old_manic_depressive,"""manic-depressive"" OR ""manic depressive"" OR ""manic depression"" OR ""manic-depression""",1957,41
MOOD_old_manic_depressive,"""manic-depressive"" OR ""manic depressive"" OR ""manic depression"" OR ""manic-depression""",1958,26
MOOD_old_manic_depressive,"""manic-depressive"" OR ""manic depressive"" OR ""manic depression"" OR ""manic-depression""",1959,40
MOOD_old_manic_depressive,"""manic-depressive"" OR ""manic depressive"" OR ""manic depression"" OR ""manic-depression""",1960,24
MOOD_old_manic_depressive,"""manic-depressive"" OR ""manic depressive"" OR ""manic depression"" OR ""manic-depression""",1961,56
MOOD_old_manic_depressive,"""manic-depressive"" OR ""manic depressive"" OR ""manic depression"" OR ""manic-depression""",1962,66
MOOD_old_manic_depressive,"""manic-depressive"" OR ""manic depressive"" OR ""manic depression"" OR ""manic-depression""",1963,175
MOOD_old_manic_depressive,"""manic-depressive"" OR ""manic depressive"" OR ""manic depression"" OR ""manic-depression""",1964,249
MOOD_old_manic_depressive,"""manic-depressive"" OR ""manic depressive"" OR ""manic depression"" OR ""manic-depression""",1965,83
MOOD_old_manic_depressive,"""manic-depressive"" OR ""manic depressive"" OR ""manic depression"" OR ""manic-depression""",1966,23
MOOD_old_manic_depressive,"""manic-depressive"" OR ""manic depressive"" OR ""manic depression"" OR ""manic-depression""",1967,28
MOOD_old_manic_depressive,"""manic-depressive"" OR ""manic depressive"" OR ""manic depression"" OR ""manic-depression""",1968,40
MOOD_old_manic_depressive,"""manic-depressive"" OR ""manic depressive"" OR ""manic depression"" OR ""manic-depression""",1969,25
MOOD_old_manic_depressive,"""manic-depressive"" OR ""manic depressive"" OR ""manic depression"" OR ""manic-depression""",1970,44
MOOD_old_manic_depressive,"""manic-depressive"" OR ""manic depressive"" OR ""manic depression"" OR ""manic-depression""",1971,42
MOOD_old_manic_depressive,"""manic-depressive"" OR ""manic depressive"" OR ""manic depression"" OR ""manic-depression""",1972,60
MOOD_old_manic_depressive,"""manic-depressive"" OR ""manic depressive"" OR ""manic depression"" OR ""manic-depression""",1973,41
MOOD_old_manic_depressive,"""manic-depressive"" OR ""manic depressive"" OR ""manic depression"" OR ""manic-depression""",1974,40
MOOD_old_manic_depressive,"""manic-depressive"" OR ""manic depressive"" OR ""manic depression"" OR ""manic-depression""",1975,82
MOOD_old_manic_depressive,"""manic-depressive"" OR ""manic depressive"" OR ""manic depression"" OR ""manic-depression""",1976,84
MOOD_old_manic_depressive,"""manic-depressive"" OR ""manic depressive"" OR ""manic depression"" OR ""manic-depression""",1977,90
MOOD_old_manic_depressive,"""manic-depressive"" OR ""manic depressive"" OR ""manic depression"" OR ""manic-depression""",1978,92
MOOD_old_manic_depressive,"""manic-depressive"" OR ""manic depressive"" OR ""manic depression"" OR ""manic-depression""",1979,120
MOOD_old_manic_depressive,"""manic-depressive"" OR ""manic depressive"" OR ""manic depression"" OR ""manic-depression""",1980,102
MOOD_old_manic_depressive,"""manic-depressive"" OR ""manic depressive"" OR ""manic depression"" OR ""manic-depression""",1981,105
MOOD_old_manic_depressive,"""manic-depressive"" OR ""manic depressive"" OR ""manic depression"" OR ""manic-depression""",1982,93
MOOD_old_manic_depressive,"""manic-depressive"" OR ""manic depressive"" OR ""manic depression"" OR ""manic-depression""",1983,102
MOOD_old_manic_depressive,"""manic-depressive"" OR ""manic depressive"" OR ""manic depression"" OR ""manic-depression""",1984,70
MOOD_old_manic_depressive,"""manic-depressive"" OR ""manic depressive"" OR ""manic depression"" OR ""manic-depression""",1985,83
MOOD_old_manic_depressive,"""manic-depressive"" OR ""manic depressive"" OR ""manic depression"" OR ""manic-depression""",1986,94
MOOD_old_manic_depressive,"""manic-depressive"" OR ""manic depressive"" OR ""manic depression"" OR ""manic-depression""",1987,80
MOOD_old_manic_depressive,"""manic-depressive"" OR ""manic depressive"" OR ""manic depression"" OR ""manic-depression""",1988,86
MOOD_old_manic_depressive,"""manic-depressive"" OR ""manic depressive"" OR ""manic depression"" OR ""manic-depression""",1989,92
MOOD_old_manic_depressive,"""manic-depressive"" OR ""manic depressive"" OR ""manic depression"" OR ""manic-depression""",1990,78
MOOD_old_manic_depressive,"""manic-depressive"" OR ""manic depressive"" OR ""manic depression"" OR ""manic-depression""",1991,69
MOOD_old_manic_depressive,"""manic-depressive"" OR ""manic depressive"" OR ""manic depression"" OR ""manic-depression""",1992,74
MOOD_old_manic_depressive,"""manic-depressive"" OR ""manic depressive"" OR ""manic depression"" OR ""manic-depression""",1993,69
MOOD_old_manic_depressive,"""manic-depressive"" OR ""manic depressive"" OR ""manic depression"" OR ""manic-depression""",1994,100
MOOD_old_manic_depressive,"""manic-depressive"" OR ""manic depressive"" OR ""manic depression"" OR ""manic-depression""",1995,72
MOOD_old_manic_depressive,"""manic-depressive"" OR ""manic depressive"" OR ""manic depression"" OR ""manic-depression""",1996,68
MOOD_old_manic_depressive,"""manic-depressive"" OR ""manic depressive"" OR ""manic depression"" OR ""manic-depression""",1997,64
MOOD_old_manic_depressive,"""manic-depressive"" OR ""manic depressive"" OR ""manic depression"" OR ""manic-depression""",1998,67
MOOD_old_manic_depressive,"""manic-depressive"" OR ""manic depressive"" OR ""manic depression"" OR ""manic-depression""",1999,68
MOOD_old_manic_depressive,"""manic-depressive"" OR ""manic depressive"" OR ""manic depression"" OR ""manic-depression""",2000,60
MOOD_old_manic_depressive,"""manic-depressive"" OR ""manic depressive"" OR ""manic depression"" OR ""manic-depression""",2001,53
MOOD_old_manic_depressive,"""manic-depressive"" OR ""manic depressive"" OR ""manic depression"" OR ""manic-depression""",2002,47
MOOD_old_manic_depressive,"""manic-depressive"" OR ""manic depressive"" OR ""manic depression"" OR ""manic-depression""",2003,41
MOOD_old_manic_depressive,"""manic-depressive"" OR ""manic depressive"" OR ""manic depression"" OR ""manic-depression""",2004,43
MOOD_old_manic_depressive,"""manic-depressive"" OR ""manic depressive"" OR ""manic depression"" OR ""manic-depression""",2005,37
MOOD_old_manic_depressive,"""manic-depressive"" OR ""manic depressive"" OR ""manic depression"" OR ""manic-depression""",2006,36
MOOD_old_manic_depressive,"""manic-depressive"" OR ""manic depressive"" OR ""manic depression"" OR ""manic-depression""",2007,37
MOOD_old_manic_depressive,"""manic-depressive"" OR ""manic depressive"" OR ""manic depression"" OR ""manic-depression""",2008,46
MOOD_old_manic_depressive,"""manic-depressive"" OR ""manic depressive"" OR ""manic depression"" OR ""manic-depression""",2009,30
MOOD_old_manic_depressive,"""manic-depressive"" OR ""manic depressive"" OR ""manic depression"" OR ""manic-depression""",2010,31
MOOD_old_manic_depressive,"""manic-depressive"" OR ""manic depressive"" OR ""manic depression"" OR ""manic-depression""",2011,33
MOOD_old_manic_depressive,"""manic-depressive"" OR ""manic depressive"" OR ""manic depression"" OR ""manic-depression""",2012,33
MOOD_old_manic_depressive,"""manic-depressive"" OR ""manic depressive"" OR ""manic depression"" OR ""manic-depression""",2013,25
MOOD_old_manic_depressive,"""manic-depressive"" OR ""manic depressive"" OR ""manic depression"" OR ""manic-depression""",2014,19
MOOD_old_manic_depressive,"""manic-depressive"" OR ""manic depressive"" OR ""manic depression"" OR ""manic-depression""",2015,38
MOOD_old_manic_depressive,"""manic-depressive"" OR ""manic depressive"" OR ""manic depression"" OR ""manic-depression""",2016,33
MOOD_old_manic_depressive,"""manic-depressive"" OR ""manic depressive"" OR ""manic depression"" OR ""manic-depression""",2017,33
MOOD_old_manic_depressive,"""manic-depressive"" OR ""manic depressive"" OR ""manic depression"" OR ""manic-depression""",2018,26
MOOD_old_manic_depressive,"""manic-depressive"" OR ""manic depressive"" OR ""manic depression"" OR ""manic-depression""",2019,17
MOOD_old_manic_depressive,"""manic-depressive"" OR ""manic depressive"" OR ""manic depression"" OR ""manic-depression""",2020,25
MOOD_old_manic_depressive,"""manic-depressive"" OR ""manic depressive"" OR ""manic depression"" OR ""manic-depression""",2021,24
MOOD_old_manic_depressive,"""manic-depressive"" OR ""manic depressive"" OR ""manic depression"" OR ""manic-depression""",2022,31
MOOD_old_manic_depressive,"""manic-depressive"" OR ""manic depressive"" OR ""manic depression"" OR ""manic-depression""",2023,34
MOOD_old_manic_depressive,"""manic-depressive"" OR ""manic depressive"" OR ""manic depression"" OR ""manic-depression""",2024,22
MOOD_new_bipolar,"""bipolar disorder"" OR ""bipolar I"" OR ""bipolar II"" OR ""bipolar affective""",1950,0
MOOD_new_bipolar,"""bipolar disorder"" OR ""bipolar I"" OR ""bipolar II"" OR ""bipolar affective""",1951,0
MOOD_new_bipolar,"""bipolar disorder"" OR ""bipolar I"" OR ""bipolar II"" OR ""bipolar affective""",1952,0
MOOD_new_bipolar,"""bipolar disorder"" OR ""bipolar I"" OR ""bipolar II"" OR ""bipolar affective""",1953,0
MOOD_new_bipolar,"""bipolar disorder"" OR ""bipolar I"" OR ""bipolar II"" OR ""bipolar affective""",1954,0
MOOD_new_bipolar,"""bipolar disorder"" OR ""bipolar I"" OR ""bipolar II"" OR ""bipolar affective""",1955,0
MOOD_new_bipolar,"""bipolar disorder"" OR ""bipolar I"" OR ""bipolar II"" OR ""bipolar affective""",1956,0
MOOD_new_bipolar,"""bipolar disorder"" OR ""bipolar I"" OR ""bipolar II"" OR ""bipolar affective""",1957,0
MOOD_new_bipolar,"""bipolar disorder"" OR ""bipolar I"" OR ""bipolar II"" OR ""bipolar affective""",1958,0
MOOD_new_bipolar,"""bipolar disorder"" OR ""bipolar I"" OR ""bipolar II"" OR ""bipolar affective""",1959,0
MOOD_new_bipolar,"""bipolar disorder"" OR ""bipolar I"" OR ""bipolar II"" OR ""bipolar affective""",1960,0
MOOD_new_bipolar,"""bipolar disorder"" OR ""bipolar I"" OR ""bipolar II"" OR ""bipolar affective""",1961,0
MOOD_new_bipolar,"""bipolar disorder"" OR ""bipolar I"" OR ""bipolar II"" OR ""bipolar affective""",1962,0
MOOD_new_bipolar,"""bipolar disorder"" OR ""bipolar I"" OR ""bipolar II"" OR ""bipolar affective""",1963,0
MOOD_new_bipolar,"""bipolar disorder"" OR ""bipolar I"" OR ""bipolar II"" OR ""bipolar affective""",1964,0
MOOD_new_bipolar,"""bipolar disorder"" OR ""bipolar I"" OR ""bipolar II"" OR ""bipolar affective""",1965,0
MOOD_new_bipolar,"""bipolar disorder"" OR ""bipolar I"" OR ""bipolar II"" OR ""bipolar affective""",1966,0
MOOD_new_bipolar,"""bipolar disorder"" OR ""bipolar I"" OR ""bipolar II"" OR ""bipolar affective""",1967,0
MOOD_new_bipolar,"""bipolar disorder"" OR ""bipolar I"" OR ""bipolar II"" OR ""bipolar affective""",1968,0
MOOD_new_bipolar,"""bipolar disorder"" OR ""bipolar I"" OR ""bipolar II"" OR ""bipolar affective""",1969,0
MOOD_new_bipolar,"""bipolar disorder"" OR ""bipolar I"" OR ""bipolar II"" OR ""bipolar affective""",1970,0
MOOD_new_bipolar,"""bipolar disorder"" OR ""bipolar I"" OR ""bipolar II"" OR ""bipolar affective""",1971,4
MOOD_new_bipolar,"""bipolar disorder"" OR ""bipolar I"" OR ""bipolar II"" OR ""bipolar affective""",1972,0
MOOD_new_bipolar,"""bipolar disorder"" OR ""bipolar I"" OR ""bipolar II"" OR ""bipolar affective""",1973,2
MOOD_new_bipolar,"""bipolar disorder"" OR ""bipolar I"" OR ""bipolar II"" OR ""bipolar affective""",1974,1
MOOD_new_bipolar,"""bipolar disorder"" OR ""bipolar I"" OR ""bipolar II"" OR ""bipolar affective""",1975,11
MOOD_new_bipolar,"""bipolar disorder"" OR ""bipolar I"" OR ""bipolar II"" OR ""bipolar affective""",1976,13
MOOD_new_bipolar,"""bipolar disorder"" OR ""bipolar I"" OR ""bipolar II"" OR ""bipolar affective""",1977,15
MOOD_new_bipolar,"""bipolar disorder"" OR ""bipolar I"" OR ""bipolar II"" OR ""bipolar affective""",1978,17
MOOD_new_bipolar,"""bipolar disorder"" OR ""bipolar I"" OR ""bipolar II"" OR ""bipolar affective""",1979,22
MOOD_new_bipolar,"""bipolar disorder"" OR ""bipolar I"" OR ""bipolar II"" OR ""bipolar affective""",1980,17
MOOD_new_bipolar,"""bipolar disorder"" OR ""bipolar I"" OR ""bipolar II"" OR ""bipolar affective""",1981,31
MOOD_new_bipolar,"""bipolar disorder"" OR ""bipolar I"" OR ""bipolar II"" OR ""bipolar affective""",1982,45
MOOD_new_bipolar,"""bipolar disorder"" OR ""bipolar I"" OR ""bipolar II"" OR ""bipolar affective""",1983,55
MOOD_new_bipolar,"""bipolar disorder"" OR ""bipolar I"" OR ""bipolar II"" OR ""bipolar affective""",1984,61
MOOD_new_bipolar,"""bipolar disorder"" OR ""bipolar I"" OR ""bipolar II"" OR ""bipolar affective""",1985,79
MOOD_new_bipolar,"""bipolar disorder"" OR ""bipolar I"" OR ""bipolar II"" OR ""bipolar affective""",1986,63
MOOD_new_bipolar,"""bipolar disorder"" OR ""bipolar I"" OR ""bipolar II"" OR ""bipolar affective""",1987,61
MOOD_new_bipolar,"""bipolar disorder"" OR ""bipolar I"" OR ""bipolar II"" OR ""bipolar affective""",1988,93
MOOD_new_bipolar,"""bipolar disorder"" OR ""bipolar I"" OR ""bipolar II"" OR ""bipolar affective""",1989,95
MOOD_new_bipolar,"""bipolar disorder"" OR ""bipolar I"" OR ""bipolar II"" OR ""bipolar affective""",1990,114
MOOD_new_bipolar,"""bipolar disorder"" OR ""bipolar I"" OR ""bipolar II"" OR ""bipolar affective""",1991,109
MOOD_new_bipolar,"""bipolar disorder"" OR ""bipolar I"" OR ""bipolar II"" OR ""bipolar affective""",1992,127
MOOD_new_bipolar,"""bipolar disorder"" OR ""bipolar I"" OR ""bipolar II"" OR ""bipolar affective""",1993,138
MOOD_new_bipolar,"""bipolar disorder"" OR ""bipolar I"" OR ""bipolar II"" OR ""bipolar affective""",1994,144
MOOD_new_bipolar,"""bipolar disorder"" OR ""bipolar I"" OR ""bipolar II"" OR ""bipolar affective""",1995,223
MOOD_new_bipolar,"""bipolar disorder"" OR ""bipolar I"" OR ""bipolar II"" OR ""bipolar affective""",1996,249
MOOD_new_bipolar,"""bipolar disorder"" OR ""bipolar I"" OR ""bipolar II"" OR ""bipolar affective""",1997,326
MOOD_new_bipolar,"""bipolar disorder"" OR ""bipolar I"" OR ""bipolar II"" OR ""bipolar affective""",1998,326
MOOD_new_bipolar,"""bipolar disorder"" OR ""bipolar I"" OR ""bipolar II"" OR ""bipolar affective""",1999,474
MOOD_new_bipolar,"""bipolar disorder"" OR ""bipolar I"" OR ""bipolar II"" OR ""bipolar affective""",2000,508
MOOD_new_bipolar,"""bipolar disorder"" OR ""bipolar I"" OR ""bipolar II"" OR ""bipolar affective""",2001,548
MOOD_new_bipolar,"""bipolar disorder"" OR ""bipolar I"" OR ""bipolar II"" OR ""bipolar affective""",2002,578
MOOD_new_bipolar,"""bipolar disorder"" OR ""bipolar I"" OR ""bipolar II"" OR ""bipolar affective""",2003,724
MOOD_new_bipolar,"""bipolar disorder"" OR ""bipolar I"" OR ""bipolar II"" OR ""bipolar affective""",2004,823
MOOD_new_bipolar,"""bipolar disorder"" OR ""bipolar I"" OR ""bipolar II"" OR ""bipolar affective""",2005,1009
MOOD_new_bipolar,"""bipolar disorder"" OR ""bipolar I"" OR ""bipolar II"" OR ""bipolar affective""",2006,1264
MOOD_new_bipolar,"""bipolar disorder"" OR ""bipolar I"" OR ""bipolar II"" OR ""bipolar affective""",2007,1294
MOOD_new_bipolar,"""bipolar disorder"" OR ""bipolar I"" OR ""bipolar II"" OR ""bipolar affective""",2008,1481
MOOD_new_bipolar,"""bipolar disorder"" OR ""bipolar I"" OR ""bipolar II"" OR ""bipolar affective""",2009,1520
MOOD_new_bipolar,"""bipolar disorder"" OR ""bipolar I"" OR ""bipolar II"" OR ""bipolar affective""",2010,1590
MOOD_new_bipolar,"""bipolar disorder"" OR ""bipolar I"" OR ""bipolar II"" OR ""bipolar affective""",2011,1667
MOOD_new_bipolar,"""bipolar disorder"" OR ""bipolar I"" OR ""bipolar II"" OR ""bipolar affective""",2012,1949
MOOD_new_bipolar,"""bipolar disorder"" OR ""bipolar I"" OR ""bipolar II"" OR ""bipolar affective""",2013,2092
MOOD_new_bipolar,"""bipolar disorder"" OR ""bipolar I"" OR ""bipolar II"" OR ""bipolar affective""",2014,2256
MOOD_new_bipolar,"""bipolar disorder"" OR ""bipolar I"" OR ""bipolar II"" OR ""bipolar affective""",2015,2226
MOOD_new_bipolar,"""bipolar disorder"" OR ""bipolar I"" OR ""bipolar II"" OR ""bipolar affective""",2016,2336
MOOD_new_bipolar,"""bipolar disorder"" OR ""bipolar I"" OR ""bipolar II"" OR ""bipolar affective""",2017,2325
MOOD_new_bipolar,"""bipolar disorder"" OR ""bipolar I"" OR ""bipolar II"" OR ""bipolar affective""",2018,2315
MOOD_new_bipolar,"""bipolar disorder"" OR ""bipolar I"" OR ""bipolar II"" OR ""bipolar affective""",2019,2229
MOOD_new_bipolar,"""bipolar disorder"" OR ""bipolar I"" OR ""bipolar II"" OR ""bipolar affective""",2020,2515
MOOD_new_bipolar,"""bipolar disorder"" OR ""bipolar I"" OR ""bipolar II"" OR ""bipolar affective""",2021,2807
MOOD_new_bipolar,"""bipolar disorder"" OR ""bipolar I"" OR ""bipolar II"" OR ""bipolar affective""",2022,2625
MOOD_new_bipolar,"""bipolar disorder"" OR ""bipolar I"" OR ""bipolar II"" OR ""bipolar affective""",2023,2546
MOOD_new_bipolar,"""bipolar disorder"" OR ""bipolar I"" OR ""bipolar II"" OR ""bipolar affective""",2024,2601
MOOD_old_involutional,"""involutional melancholia"" OR ""involutional depression""",1950,0
MOOD_old_involutional,"""involutional melancholia"" OR ""involutional depression""",1951,3
MOOD_old_involutional,"""involutional melancholia"" OR ""involutional depression""",1952,2
MOOD_old_involutional,"""involutional melancholia"" OR ""involutional depression""",1953,5
MOOD_old_involutional,"""involutional melancholia"" OR ""involutional depression""",1954,2
MOOD_old_involutional,"""involutional melancholia"" OR ""involutional depression""",1955,1
MOOD_old_involutional,"""involutional melancholia"" OR ""involutional depression""",1956,0
MOOD_old_involutional,"""involutional melancholia"" OR ""involutional depression""",1957,2
MOOD_old_involutional,"""involutional melancholia"" OR ""involutional depression""",1958,0
MOOD_old_involutional,"""involutional melancholia"" OR ""involutional depression""",1959,6
MOOD_old_involutional,"""involutional melancholia"" OR ""involutional depression""",1960,1
MOOD_old_involutional,"""involutional melancholia"" OR ""involutional depression""",1961,2
MOOD_old_involutional,"""involutional melancholia"" OR ""involutional depression""",1962,2
MOOD_old_involutional,"""involutional melancholia"" OR ""involutional depression""",1963,5
MOOD_old_involutional,"""involutional melancholia"" OR ""involutional depression""",1964,1
MOOD_old_involutional,"""involutional melancholia"" OR ""involutional depression""",1965,2
MOOD_old_involutional,"""involutional melancholia"" OR ""involutional depression""",1966,2
MOOD_old_involutional,"""involutional melancholia"" OR ""involutional depression""",1967,3
MOOD_old_involutional,"""involutional melancholia"" OR ""involutional depression""",1968,1
MOOD_old_involutional,"""involutional melancholia"" OR ""involutional depression""",1969,1
MOOD_old_involutional,"""involutional melancholia"" OR ""involutional depression""",1970,3
MOOD_old_involutional,"""involutional melancholia"" OR ""involutional depression""",1971,1
MOOD_old_involutional,"""involutional melancholia"" OR ""involutional depression""",1972,1
MOOD_old_involutional,"""involutional melancholia"" OR ""involutional depression""",1973,1
MOOD_old_involutional,"""involutional melancholia"" OR ""involutional depression""",1974,1
MOOD_old_involutional,"""involutional melancholia"" OR ""involutional depression""",1975,3
MOOD_old_involutional,"""involutional melancholia"" OR ""involutional depression""",1976,3
MOOD_old_involutional,"""involutional melancholia"" OR ""involutional depression""",1977,1
MOOD_old_involutional,"""involutional melancholia"" OR ""involutional depression""",1978,4
MOOD_old_involutional,"""involutional melancholia"" OR ""involutional depression""",1979,7
MOOD_old_involutional,"""involutional melancholia"" OR ""involutional depression""",1980,3
MOOD_old_involutional,"""involutional melancholia"" OR ""involutional depression""",1981,4
MOOD_old_involutional,"""involutional melancholia"" OR ""involutional depression""",1982,4
MOOD_old_involutional,"""involutional melancholia"" OR ""involutional depression""",1983,2
MOOD_old_involutional,"""involutional melancholia"" OR ""involutional depression""",1984,2
MOOD_old_involutional,"""involutional melancholia"" OR ""involutional depression""",1985,2
MOOD_old_involutional,"""involutional melancholia"" OR ""involutional depression""",1986,3
MOOD_old_involutional,"""involutional melancholia"" OR ""involutional depression""",1987,2
MOOD_old_involutional,"""involutional melancholia"" OR ""involutional depression""",1988,1
MOOD_old_involutional,"""involutional melancholia"" OR ""involutional depression""",1989,3
MOOD_old_involutional,"""involutional melancholia"" OR ""involutional depression""",1990,1
MOOD_old_involutional,"""involutional melancholia"" OR ""involutional depression""",1991,1
MOOD_old_involutional,"""involutional melancholia"" OR ""involutional depression""",1992,0
MOOD_old_involutional,"""involutional melancholia"" OR ""involutional depression""",1993,1
MOOD_old_involutional,"""involutional melancholia"" OR ""involutional depression""",1994,0
MOOD_old_involutional,"""involutional melancholia"" OR ""involutional depression""",1995,2
MOOD_old_involutional,"""involutional melancholia"" OR ""involutional depression""",1996,0
MOOD_old_involutional,"""involutional melancholia"" OR ""involutional depression""",1997,0
MOOD_old_involutional,"""involutional melancholia"" OR ""involutional depression""",1998,1
MOOD_old_involutional,"""involutional melancholia"" OR ""involutional depression""",1999,1
MOOD_old_involutional,"""involutional melancholia"" OR ""involutional depression""",2000,0
MOOD_old_involutional,"""involutional melancholia"" OR ""involutional depression""",2001,0
MOOD_old_involutional,"""involutional melancholia"" OR ""involutional depression""",2002,0
MOOD_old_involutional,"""involutional melancholia"" OR ""involutional depression""",2003,0
MOOD_old_involutional,"""involutional melancholia"" OR ""involutional depression""",2004,0
MOOD_old_involutional,"""involutional melancholia"" OR ""involutional depression""",2005,0
MOOD_old_involutional,"""involutional melancholia"" OR ""involutional depression""",2006,0
MOOD_old_involutional,"""involutional melancholia"" OR ""involutional depression""",2007,0
MOOD_old_involutional,"""involutional melancholia"" OR ""involutional depression""",2008,1
MOOD_old_involutional,"""involutional melancholia"" OR ""involutional depression""",2009,2
MOOD_old_involutional,"""involutional melancholia"" OR ""involutional depression""",2010,0
MOOD_old_involutional,"""involutional melancholia"" OR ""involutional depression""",2011,0
MOOD_old_involutional,"""involutional melancholia"" OR ""involutional depression""",2012,0
MOOD_old_involutional,"""involutional melancholia"" OR ""involutional depression""",2013,0
MOOD_old_involutional,"""involutional melancholia"" OR ""involutional depression""",2014,0
MOOD_old_involutional,"""involutional melancholia"" OR ""involutional depression""",2015,0
MOOD_old_involutional,"""involutional melancholia"" OR ""involutional depression""",2016,1
MOOD_old_involutional,"""involutional melancholia"" OR ""involutional depression""",2017,0
MOOD_old_involutional,"""involutional melancholia"" OR ""involutional depression""",2018,0
MOOD_old_involutional,"""involutional melancholia"" OR ""involutional depression""",2019,0
MOOD_old_involutional,"""involutional melancholia"" OR ""involutional depression""",2020,2
MOOD_old_involutional,"""involutional melancholia"" OR ""involutional depression""",2021,1
MOOD_old_involutional,"""involutional melancholia"" OR ""involutional depression""",2022,1
MOOD_old_involutional,"""involutional melancholia"" OR ""involutional depression""",2023,1
MOOD_old_involutional,"""involutional melancholia"" OR ""involutional depression""",2024,0
MOOD_old_neurosis,neurosis OR neuroses OR neurotic,1950,62
MOOD_old_neurosis,neurosis OR neuroses OR neurotic,1951,185
MOOD_old_neurosis,neurosis OR neuroses OR neurotic,1952,249
MOOD_old_neurosis,neurosis OR neuroses OR neurotic,1953,315
MOOD_old_neurosis,neurosis OR neuroses OR neurotic,1954,287
MOOD_old_neurosis,neurosis OR neuroses OR neurotic,1955,249
MOOD_old_neurosis,neurosis OR neuroses OR neurotic,1956,291
MOOD_old_neurosis,neurosis OR neuroses OR neurotic,1957,244
MOOD_old_neurosis,neurosis OR neuroses OR neurotic,1958,194
MOOD_old_neurosis,neurosis OR neuroses OR neurotic,1959,236
MOOD_old_neurosis,neurosis OR neuroses OR neurotic,1960,244
MOOD_old_neurosis,neurosis OR neuroses OR neurotic,1961,255
MOOD_old_neurosis,neurosis OR neuroses OR neurotic,1962,313
MOOD_old_neurosis,neurosis OR neuroses OR neurotic,1963,533
MOOD_old_neurosis,neurosis OR neuroses OR neurotic,1964,769
MOOD_old_neurosis,neurosis OR neuroses OR neurotic,1965,342
MOOD_old_neurosis,neurosis OR neuroses OR neurotic,1966,164
MOOD_old_neurosis,neurosis OR neuroses OR neurotic,1967,152
MOOD_old_neurosis,neurosis OR neuroses OR neurotic,1968,198
MOOD_old_neurosis,neurosis OR neuroses OR neurotic,1969,137
MOOD_old_neurosis,neurosis OR neuroses OR neurotic,1970,192
MOOD_old_neurosis,neurosis OR neuroses OR neurotic,1971,138
MOOD_old_neurosis,neurosis OR neuroses OR neurotic,1972,177
MOOD_old_neurosis,neurosis OR neuroses OR neurotic,1973,139
MOOD_old_neurosis,neurosis OR neuroses OR neurotic,1974,132
MOOD_old_neurosis,neurosis OR neuroses OR neurotic,1975,252
MOOD_old_neurosis,neurosis OR neuroses OR neurotic,1976,310
MOOD_old_neurosis,neurosis OR neuroses OR neurotic,1977,278
MOOD_old_neurosis,neurosis OR neuroses OR neurotic,1978,282
MOOD_old_neurosis,neurosis OR neuroses OR neurotic,1979,288
MOOD_old_neurosis,neurosis OR neuroses OR neurotic,1980,254
MOOD_old_neurosis,neurosis OR neuroses OR neurotic,1981,304
MOOD_old_neurosis,neurosis OR neuroses OR neurotic,1982,272
MOOD_old_neurosis,neurosis OR neuroses OR neurotic,1983,284
MOOD_old_neurosis,neurosis OR neuroses OR neurotic,1984,289
MOOD_old_neurosis,neurosis OR neuroses OR neurotic,1985,290
MOOD_old_neurosis,neurosis OR neuroses OR neurotic,1986,274
MOOD_old_neurosis,neurosis OR neuroses OR neurotic,1987,256
MOOD_old_neurosis,neurosis OR neuroses OR neurotic,1988,269
MOOD_old_neurosis,neurosis OR neuroses OR neurotic,1989,307
MOOD_old_neurosis,neurosis OR neuroses OR neurotic,1990,307
MOOD_old_neurosis,neurosis OR neuroses OR neurotic,1991,221
MOOD_old_neurosis,neurosis OR neuroses OR neurotic,1992,216
MOOD_old_neurosis,neurosis OR neuroses OR neurotic,1993,186
MOOD_old_neurosis,neurosis OR neuroses OR neurotic,1994,213
MOOD_old_neurosis,neurosis OR neuroses OR neurotic,1995,173
MOOD_old_neurosis,neurosis OR neuroses OR neurotic,1996,178
MOOD_old_neurosis,neurosis OR neuroses OR neurotic,1997,149
MOOD_old_neurosis,neurosis OR neuroses OR neurotic,1998,168
MOOD_old_neurosis,neurosis OR neuroses OR neurotic,1999,155
MOOD_old_neurosis,neurosis OR neuroses OR neurotic,2000,147
MOOD_old_neurosis,neurosis OR neuroses OR neurotic,2001,155
MOOD_old_neurosis,neurosis OR neuroses OR neurotic,2002,139
MOOD_old_neurosis,neurosis OR neuroses OR neurotic,2003,161
MOOD_old_neurosis,neurosis OR neuroses OR neurotic,2004,113
MOOD_old_neurosis,neurosis OR neuroses OR neurotic,2005,126
MOOD_old_neurosis,neurosis OR neuroses OR neurotic,2006,126
MOOD_old_neurosis,neurosis OR neuroses OR neurotic,2007,129
MOOD_old_neurosis,neurosis OR neuroses OR neurotic,2008,135
MOOD_old_neurosis,neurosis OR neuroses OR neurotic,2009,133
MOOD_old_neurosis,neurosis OR neuroses OR neurotic,2010,163
MOOD_old_neurosis,neurosis OR neuroses OR neurotic,2011,153
MOOD_old_neurosis,neurosis OR neuroses OR neurotic,2012,172
MOOD_old_neurosis,neurosis OR neuroses OR neurotic,2013,148
MOOD_old_neurosis,neurosis OR neuroses OR neurotic,2014,169
MOOD_old_neurosis,neurosis OR neuroses OR neurotic,2015,176
MOOD_old_neurosis,neurosis OR neuroses OR neurotic,2016,170
MOOD_old_neurosis,neurosis OR neuroses OR neurotic,2017,137
MOOD_old_neurosis,neurosis OR neuroses OR neurotic,2018,141
MOOD_old_neurosis,neurosis OR neuroses OR neurotic,2019,146
MOOD_old_neurosis,neurosis OR neuroses OR neurotic,2020,145
MOOD_old_neurosis,neurosis OR neuroses OR neurotic,2021,184
MOOD_old_neurosis,neurosis OR neuroses OR neurotic,2022,184
MOOD_old_neurosis,neurosis OR neuroses OR neurotic,2023,170
MOOD_old_neurosis,neurosis OR neuroses OR neurotic,2024,146
DISSOC_old_mpd,"""multiple personality disorder"" OR ""multiple personality""",1950,0
DISSOC_old_mpd,"""multiple personality disorder"" OR ""multiple personality""",1951,0
DISSOC_old_mpd,"""multiple personality disorder"" OR ""multiple personality""",1952,0
DISSOC_old_mpd,"""multiple personality disorder"" OR ""multiple personality""",1953,0
DISSOC_old_mpd,"""multiple personality disorder"" OR ""multiple personality""",1954,2
DISSOC_old_mpd,"""multiple personality disorder"" OR ""multiple personality""",1955,0
DISSOC_old_mpd,"""multiple personality disorder"" OR ""multiple personality""",1956,1
DISSOC_old_mpd,"""multiple personality disorder"" OR ""multiple personality""",1957,0
DISSOC_old_mpd,"""multiple personality disorder"" OR ""multiple personality""",1958,0
DISSOC_old_mpd,"""multiple personality disorder"" OR ""multiple personality""",1959,0
DISSOC_old_mpd,"""multiple personality disorder"" OR ""multiple personality""",1960,0
DISSOC_old_mpd,"""multiple personality disorder"" OR ""multiple personality""",1961,1
DISSOC_old_mpd,"""multiple personality disorder"" OR ""multiple personality""",1962,1
DISSOC_old_mpd,"""multiple personality disorder"" OR ""multiple personality""",1963,0
DISSOC_old_mpd,"""multiple personality disorder"" OR ""multiple personality""",1964,2
DISSOC_old_mpd,"""multiple personality disorder"" OR ""multiple personality""",1965,1
DISSOC_old_mpd,"""multiple personality disorder"" OR ""multiple personality""",1966,0
DISSOC_old_mpd,"""multiple personality disorder"" OR ""multiple personality""",1967,0
DISSOC_old_mpd,"""multiple personality disorder"" OR ""multiple personality""",1968,0
DISSOC_old_mpd,"""multiple personality disorder"" OR ""multiple personality""",1969,0
DISSOC_old_mpd,"""multiple personality disorder"" OR ""multiple personality""",1970,0
DISSOC_old_mpd,"""multiple personality disorder"" OR ""multiple personality""",1971,2
DISSOC_old_mpd,"""multiple personality disorder"" OR ""multiple personality""",1972,2
DISSOC_old_mpd,"""multiple personality disorder"" OR ""multiple personality""",1973,0
DISSOC_old_mpd,"""multiple personality disorder"" OR ""multiple personality""",1974,1
DISSOC_old_mpd,"""multiple personality disorder"" OR ""multiple personality""",1975,2
DISSOC_old_mpd,"""multiple personality disorder"" OR ""multiple personality""",1976,3
DISSOC_old_mpd,"""multiple personality disorder"" OR ""multiple personality""",1977,3
DISSOC_old_mpd,"""multiple personality disorder"" OR ""multiple personality""",1978,7
DISSOC_old_mpd,"""multiple personality disorder"" OR ""multiple personality""",1979,2
DISSOC_old_mpd,"""multiple personality disorder"" OR ""multiple personality""",1980,7
DISSOC_old_mpd,"""multiple personality disorder"" OR ""multiple personality""",1981,10
DISSOC_old_mpd,"""multiple personality disorder"" OR ""multiple personality""",1982,7
DISSOC_old_mpd,"""multiple personality disorder"" OR ""multiple personality""",1983,15
DISSOC_old_mpd,"""multiple personality disorder"" OR ""multiple personality""",1984,33
DISSOC_old_mpd,"""multiple personality disorder"" OR ""multiple personality""",1985,18
DISSOC_old_mpd,"""multiple personality disorder"" OR ""multiple personality""",1986,19
DISSOC_old_mpd,"""multiple personality disorder"" OR ""multiple personality""",1987,21
DISSOC_old_mpd,"""multiple personality disorder"" OR ""multiple personality""",1988,30
DISSOC_old_mpd,"""multiple personality disorder"" OR ""multiple personality""",1989,24
DISSOC_old_mpd,"""multiple personality disorder"" OR ""multiple personality""",1990,51
DISSOC_old_mpd,"""multiple personality disorder"" OR ""multiple personality""",1991,33
DISSOC_old_mpd,"""multiple personality disorder"" OR ""multiple personality""",1992,41
DISSOC_old_mpd,"""multiple personality disorder"" OR ""multiple personality""",1993,57
DISSOC_old_mpd,"""multiple personality disorder"" OR ""multiple personality""",1994,39
DISSOC_old_mpd,"""multiple personality disorder"" OR ""multiple personality""",1995,32
DISSOC_old_mpd,"""multiple personality disorder"" OR ""multiple personality""",1996,15
DISSOC_old_mpd,"""multiple personality disorder"" OR ""multiple personality""",1997,9
DISSOC_old_mpd,"""multiple personality disorder"" OR ""multiple personality""",1998,13
DISSOC_old_mpd,"""multiple personality disorder"" OR ""multiple personality""",1999,6
DISSOC_old_mpd,"""multiple personality disorder"" OR ""multiple personality""",2000,8
DISSOC_old_mpd,"""multiple personality disorder"" OR ""multiple personality""",2001,4
DISSOC_old_mpd,"""multiple personality disorder"" OR ""multiple personality""",2002,8
DISSOC_old_mpd,"""multiple personality disorder"" OR ""multiple personality""",2003,7
DISSOC_old_mpd,"""multiple personality disorder"" OR ""multiple personality""",2004,3
DISSOC_old_mpd,"""multiple personality disorder"" OR ""multiple personality""",2005,5
DISSOC_old_mpd,"""multiple personality disorder"" OR ""multiple personality""",2006,5
DISSOC_old_mpd,"""multiple personality disorder"" OR ""multiple personality""",2007,3
DISSOC_old_mpd,"""multiple personality disorder"" OR ""multiple personality""",2008,2
DISSOC_old_mpd,"""multiple personality disorder"" OR ""multiple personality""",2009,5
DISSOC_old_mpd,"""multiple personality disorder"" OR ""multiple personality""",2010,2
DISSOC_old_mpd,"""multiple personality disorder"" OR ""multiple personality""",2011,5
DISSOC_old_mpd,"""multiple personality disorder"" OR ""multiple personality""",2012,7
DISSOC_old_mpd,"""multiple personality disorder"" OR ""multiple personality""",2013,6
DISSOC_old_mpd,"""multiple personality disorder"" OR ""multiple personality""",2014,4
DISSOC_old_mpd,"""multiple personality disorder"" OR ""multiple personality""",2015,8
DISSOC_old_mpd,"""multiple personality disorder"" OR ""multiple personality""",2016,5
DISSOC_old_mpd,"""multiple personality disorder"" OR ""multiple personality""",2017,5
DISSOC_old_mpd,"""multiple personality disorder"" OR ""multiple personality""",2018,5
DISSOC_old_mpd,"""multiple personality disorder"" OR ""multiple personality""",2019,4
DISSOC_old_mpd,"""multiple personality disorder"" OR ""multiple personality""",2020,6
DISSOC_old_mpd,"""multiple personality disorder"" OR ""multiple personality""",2021,8
DISSOC_old_mpd,"""multiple personality disorder"" OR ""multiple personality""",2022,7
DISSOC_old_mpd,"""multiple personality disorder"" OR ""multiple personality""",2023,11
DISSOC_old_mpd,"""multiple personality disorder"" OR ""multiple personality""",2024,9
DISSOC_new_did,"""dissociative identity disorder""",1980,0
DISSOC_new_did,"""dissociative identity disorder""",1981,0
DISSOC_new_did,"""dissociative identity disorder""",1982,0
DISSOC_new_did,"""dissociative identity disorder""",1983,0
DISSOC_new_did,"""dissociative identity disorder""",1984,0
DISSOC_new_did,"""dissociative identity disorder""",1985,0
DISSOC_new_did,"""dissociative identity disorder""",1986,0
DISSOC_new_did,"""dissociative identity disorder""",1987,0
DISSOC_new_did,"""dissociative identity disorder""",1988,0
DISSOC_new_did,"""dissociative identity disorder""",1989,0
DISSOC_new_did,"""dissociative identity disorder""",1990,0
DISSOC_new_did,"""dissociative identity disorder""",1991,0
DISSOC_new_did,"""dissociative identity disorder""",1992,0
DISSOC_new_did,"""dissociative identity disorder""",1993,0
DISSOC_new_did,"""dissociative identity disorder""",1994,2
DISSOC_new_did,"""dissociative identity disorder""",1995,14
DISSOC_new_did,"""dissociative identity disorder""",1996,12
DISSOC_new_did,"""dissociative identity disorder""",1997,13
DISSOC_new_did,"""dissociative identity disorder""",1998,19
DISSOC_new_did,"""dissociative identity disorder""",1999,17
DISSOC_new_did,"""dissociative identity disorder""",2000,14
DISSOC_new_did,"""dissociative identity disorder""",2001,18
DISSOC_new_did,"""dissociative identity disorder""",2002,12
DISSOC_new_did,"""dissociative identity disorder""",2003,8
DISSOC_new_did,"""dissociative identity disorder""",2004,6
DISSOC_new_did,"""dissociative identity disorder""",2005,24
DISSOC_new_did,"""dissociative identity disorder""",2006,29
DISSOC_new_did,"""dissociative identity disorder""",2007,12
DISSOC_new_did,"""dissociative identity disorder""",2008,13
DISSOC_new_did,"""dissociative identity disorder""",2009,15
DISSOC_new_did,"""dissociative identity disorder""",2010,7
DISSOC_new_did,"""dissociative identity disorder""",2011,17
DISSOC_new_did,"""dissociative identity disorder""",2012,16
DISSOC_new_did,"""dissociative identity disorder""",2013,27
DISSOC_new_did,"""dissociative identity disorder""",2014,30
DISSOC_new_did,"""dissociative identity disorder""",2015,19
DISSOC_new_did,"""dissociative identity disorder""",2016,23
DISSOC_new_did,"""dissociative identity disorder""",2017,27
DISSOC_new_did,"""dissociative identity disorder""",2018,23
DISSOC_new_did,"""dissociative identity disorder""",2019,17
DISSOC_new_did,"""dissociative identity disorder""",2020,14
DISSOC_new_did,"""dissociative identity disorder""",2021,25
DISSOC_new_did,"""dissociative identity disorder""",2022,37
DISSOC_new_did,"""dissociative identity disorder""",2023,33
DISSOC_new_did,"""dissociative identity disorder""",2024,31
TRAUMA_old_shell_shock,"""shell shock"" OR ""war neurosis"" OR ""combat fatigue""",1940,1
TRAUMA_old_shell_shock,"""shell shock"" OR ""war neurosis"" OR ""combat fatigue""",1941,0
TRAUMA_old_shell_shock,"""shell shock"" OR ""war neurosis"" OR ""combat fatigue""",1942,4
TRAUMA_old_shell_shock,"""shell shock"" OR ""war neurosis"" OR ""combat fatigue""",1943,1
TRAUMA_old_shell_shock,"""shell shock"" OR ""war neurosis"" OR ""combat fatigue""",1944,0
TRAUMA_old_shell_shock,"""shell shock"" OR ""war neurosis"" OR ""combat fatigue""",1945,3
TRAUMA_old_shell_shock,"""shell shock"" OR ""war neurosis"" OR ""combat fatigue""",1946,7
TRAUMA_old_shell_shock,"""shell shock"" OR ""war neurosis"" OR ""combat fatigue""",1947,8
TRAUMA_old_shell_shock,"""shell shock"" OR ""war neurosis"" OR ""combat fatigue""",1948,2
TRAUMA_old_shell_shock,"""shell shock"" OR ""war neurosis"" OR ""combat fatigue""",1949,2
TRAUMA_old_shell_shock,"""shell shock"" OR ""war neurosis"" OR ""combat fatigue""",1950,0
TRAUMA_old_shell_shock,"""shell shock"" OR ""war neurosis"" OR ""combat fatigue""",1951,0
TRAUMA_old_shell_shock,"""shell shock"" OR ""war neurosis"" OR ""combat fatigue""",1952,0
TRAUMA_old_shell_shock,"""shell shock"" OR ""war neurosis"" OR ""combat fatigue""",1953,1
TRAUMA_old_shell_shock,"""shell shock"" OR ""war neurosis"" OR ""combat fatigue""",1954,0
TRAUMA_old_shell_shock,"""shell shock"" OR ""war neurosis"" OR ""combat fatigue""",1955,0
TRAUMA_old_shell_shock,"""shell shock"" OR ""war neurosis"" OR ""combat fatigue""",1956,1
TRAUMA_old_shell_shock,"""shell shock"" OR ""war neurosis"" OR ""combat fatigue""",1957,0
TRAUMA_old_shell_shock,"""shell shock"" OR ""war neurosis"" OR ""combat fatigue""",1958,0
TRAUMA_old_shell_shock,"""shell shock"" OR ""war neurosis"" OR ""combat fatigue""",1959,0
TRAUMA_old_shell_shock,"""shell shock"" OR ""war neurosis"" OR ""combat fatigue""",1960,1
TRAUMA_old_shell_shock,"""shell shock"" OR ""war neurosis"" OR ""combat fatigue""",1961,0
TRAUMA_old_shell_shock,"""shell shock"" OR ""war neurosis"" OR ""combat fatigue""",1962,0
TRAUMA_old_shell_shock,"""shell shock"" OR ""war neurosis"" OR ""combat fatigue""",1963,0
TRAUMA_old_shell_shock,"""shell shock"" OR ""war neurosis"" OR ""combat fatigue""",1964,1
TRAUMA_old_shell_shock,"""shell shock"" OR ""war neurosis"" OR ""combat fatigue""",1965,0
TRAUMA_old_shell_shock,"""shell shock"" OR ""war neurosis"" OR ""combat fatigue""",1966,0
TRAUMA_old_shell_shock,"""shell shock"" OR ""war neurosis"" OR ""combat fatigue""",1967,1
TRAUMA_old_shell_shock,"""shell shock"" OR ""war neurosis"" OR ""combat fatigue""",1968,1
TRAUMA_old_shell_shock,"""shell shock"" OR ""war neurosis"" OR ""combat fatigue""",1969,0
TRAUMA_old_shell_shock,"""shell shock"" OR ""war neurosis"" OR ""combat fatigue""",1970,0
TRAUMA_old_shell_shock,"""shell shock"" OR ""war neurosis"" OR ""combat fatigue""",1971,0
TRAUMA_old_shell_shock,"""shell shock"" OR ""war neurosis"" OR ""combat fatigue""",1972,0
TRAUMA_old_shell_shock,"""shell shock"" OR ""war neurosis"" OR ""combat fatigue""",1973,0
TRAUMA_old_shell_shock,"""shell shock"" OR ""war neurosis"" OR ""combat fatigue""",1974,0
TRAUMA_old_shell_shock,"""shell shock"" OR ""war neurosis"" OR ""combat fatigue""",1975,1
TRAUMA_old_shell_shock,"""shell shock"" OR ""war neurosis"" OR ""combat fatigue""",1976,2
TRAUMA_old_shell_shock,"""shell shock"" OR ""war neurosis"" OR ""combat fatigue""",1977,0
TRAUMA_old_shell_shock,"""shell shock"" OR ""war neurosis"" OR ""combat fatigue""",1978,2
TRAUMA_old_shell_shock,"""shell shock"" OR ""war neurosis"" OR ""combat fatigue""",1979,0
TRAUMA_old_shell_shock,"""shell shock"" OR ""war neurosis"" OR ""combat fatigue""",1980,0
TRAUMA_old_shell_shock,"""shell shock"" OR ""war neurosis"" OR ""combat fatigue""",1981,1
TRAUMA_old_shell_shock,"""shell shock"" OR ""war neurosis"" OR ""combat fatigue""",1982,3
TRAUMA_old_shell_shock,"""shell shock"" OR ""war neurosis"" OR ""combat fatigue""",1983,1
TRAUMA_old_shell_shock,"""shell shock"" OR ""war neurosis"" OR ""combat fatigue""",1984,0
TRAUMA_old_shell_shock,"""shell shock"" OR ""war neurosis"" OR ""combat fatigue""",1985,1
TRAUMA_old_shell_shock,"""shell shock"" OR ""war neurosis"" OR ""combat fatigue""",1986,1
TRAUMA_old_shell_shock,"""shell shock"" OR ""war neurosis"" OR ""combat fatigue""",1987,1
TRAUMA_old_shell_shock,"""shell shock"" OR ""war neurosis"" OR ""combat fatigue""",1988,1
TRAUMA_old_shell_shock,"""shell shock"" OR ""war neurosis"" OR ""combat fatigue""",1989,0
TRAUMA_old_shell_shock,"""shell shock"" OR ""war neurosis"" OR ""combat fatigue""",1990,1
TRAUMA_old_shell_shock,"""shell shock"" OR ""war neurosis"" OR ""combat fatigue""",1991,0
TRAUMA_old_shell_shock,"""shell shock"" OR ""war neurosis"" OR ""combat fatigue""",1992,0
TRAUMA_old_shell_shock,"""shell shock"" OR ""war neurosis"" OR ""combat fatigue""",1993,1
TRAUMA_old_shell_shock,"""shell shock"" OR ""war neurosis"" OR ""combat fatigue""",1994,3
TRAUMA_old_shell_shock,"""shell shock"" OR ""war neurosis"" OR ""combat fatigue""",1995,0
TRAUMA_old_shell_shock,"""shell shock"" OR ""war neurosis"" OR ""combat fatigue""",1996,0
TRAUMA_old_shell_shock,"""shell shock"" OR ""war neurosis"" OR ""combat fatigue""",1997,1
TRAUMA_old_shell_shock,"""shell shock"" OR ""war neurosis"" OR ""combat fatigue""",1998,5
TRAUMA_old_shell_shock,"""shell shock"" OR ""war neurosis"" OR ""combat fatigue""",1999,3
TRAUMA_old_shell_shock,"""shell shock"" OR ""war neurosis"" OR ""combat fatigue""",2000,3
TRAUMA_old_shell_shock,"""shell shock"" OR ""war neurosis"" OR ""combat fatigue""",2001,3
TRAUMA_old_shell_shock,"""shell shock"" OR ""war neurosis"" OR ""combat fatigue""",2002,2
TRAUMA_old_shell_shock,"""shell shock"" OR ""war neurosis"" OR ""combat fatigue""",2003,3
TRAUMA_old_shell_shock,"""shell shock"" OR ""war neurosis"" OR ""combat fatigue""",2004,6
TRAUMA_old_shell_shock,"""shell shock"" OR ""war neurosis"" OR ""combat fatigue""",2005,9
TRAUMA_old_shell_shock,"""shell shock"" OR ""war neurosis"" OR ""combat fatigue""",2006,13
TRAUMA_old_shell_shock,"""shell shock"" OR ""war neurosis"" OR ""combat fatigue""",2007,7
TRAUMA_old_shell_shock,"""shell shock"" OR ""war neurosis"" OR ""combat fatigue""",2008,7
TRAUMA_old_shell_shock,"""shell shock"" OR ""war neurosis"" OR ""combat fatigue""",2009,4
TRAUMA_old_shell_shock,"""shell shock"" OR ""war neurosis"" OR ""combat fatigue""",2010,8
TRAUMA_old_shell_shock,"""shell shock"" OR ""war neurosis"" OR ""combat fatigue""",2011,3
TRAUMA_old_shell_shock,"""shell shock"" OR ""war neurosis"" OR ""combat fatigue""",2012,8
TRAUMA_old_shell_shock,"""shell shock"" OR ""war neurosis"" OR ""combat fatigue""",2013,10
TRAUMA_old_shell_shock,"""shell shock"" OR ""war neurosis"" OR ""combat fatigue""",2014,19
TRAUMA_old_shell_shock,"""shell shock"" OR ""war neurosis"" OR ""combat fatigue""",2015,6
TRAUMA_old_shell_shock,"""shell shock"" OR ""war neurosis"" OR ""combat fatigue""",2016,11
TRAUMA_old_shell_shock,"""shell shock"" OR ""war neurosis"" OR ""combat fatigue""",2017,7
TRAUMA_old_shell_shock,"""shell shock"" OR ""war neurosis"" OR ""combat fatigue""",2018,15
TRAUMA_old_shell_shock,"""shell shock"" OR ""war neurosis"" OR ""combat fatigue""",2019,7
TRAUMA_old_shell_shock,"""shell shock"" OR ""war neurosis"" OR ""combat fatigue""",2020,7
TRAUMA_old_shell_shock,"""shell shock"" OR ""war neurosis"" OR ""combat fatigue""",2021,17
TRAUMA_old_shell_shock,"""shell shock"" OR ""war neurosis"" OR ""combat fatigue""",2022,10
TRAUMA_old_shell_shock,"""shell shock"" OR ""war neurosis"" OR ""combat fatigue""",2023,9
TRAUMA_old_shell_shock,"""shell shock"" OR ""war neurosis"" OR ""combat fatigue""",2024,9
TRAUMA_new_ptsd,"""post-traumatic stress disorder"" OR ""posttraumatic stress disorder"" OR PTSD",1940,0
TRAUMA_new_ptsd,"""post-traumatic stress disorder"" OR ""posttraumatic stress disorder"" OR PTSD",1941,0
TRAUMA_new_ptsd,"""post-traumatic stress disorder"" OR ""posttraumatic stress disorder"" OR PTSD",1942,0
TRAUMA_new_ptsd,"""post-traumatic stress disorder"" OR ""posttraumatic stress disorder"" OR PTSD",1943,0
TRAUMA_new_ptsd,"""post-traumatic stress disorder"" OR ""posttraumatic stress disorder"" OR PTSD",1944,0
TRAUMA_new_ptsd,"""post-traumatic stress disorder"" OR ""posttraumatic stress disorder"" OR PTSD",1945,0
TRAUMA_new_ptsd,"""post-traumatic stress disorder"" OR ""posttraumatic stress disorder"" OR PTSD",1946,0
TRAUMA_new_ptsd,"""post-traumatic stress disorder"" OR ""posttraumatic stress disorder"" OR PTSD",1947,0
TRAUMA_new_ptsd,"""post-traumatic stress disorder"" OR ""posttraumatic stress disorder"" OR PTSD",1948,0
TRAUMA_new_ptsd,"""post-traumatic stress disorder"" OR ""posttraumatic stress disorder"" OR PTSD",1949,0
TRAUMA_new_ptsd,"""post-traumatic stress disorder"" OR ""posttraumatic stress disorder"" OR PTSD",1950,0
TRAUMA_new_ptsd,"""post-traumatic stress disorder"" OR ""posttraumatic stress disorder"" OR PTSD",1951,0
TRAUMA_new_ptsd,"""post-traumatic stress disorder"" OR ""posttraumatic stress disorder"" OR PTSD",1952,0
TRAUMA_new_ptsd,"""post-traumatic stress disorder"" OR ""posttraumatic stress disorder"" OR PTSD",1953,0
TRAUMA_new_ptsd,"""post-traumatic stress disorder"" OR ""posttraumatic stress disorder"" OR PTSD",1954,0
TRAUMA_new_ptsd,"""post-traumatic stress disorder"" OR ""posttraumatic stress disorder"" OR PTSD",1955,0
TRAUMA_new_ptsd,"""post-traumatic stress disorder"" OR ""posttraumatic stress disorder"" OR PTSD",1956,0
TRAUMA_new_ptsd,"""post-traumatic stress disorder"" OR ""posttraumatic stress disorder"" OR PTSD",1957,0
TRAUMA_new_ptsd,"""post-traumatic stress disorder"" OR ""posttraumatic stress disorder"" OR PTSD",1958,0
TRAUMA_new_ptsd,"""post-traumatic stress disorder"" OR ""posttraumatic stress disorder"" OR PTSD",1959,0
TRAUMA_new_ptsd,"""post-traumatic stress disorder"" OR ""posttraumatic stress disorder"" OR PTSD",1960,0
TRAUMA_new_ptsd,"""post-traumatic stress disorder"" OR ""posttraumatic stress disorder"" OR PTSD",1961,0
TRAUMA_new_ptsd,"""post-traumatic stress disorder"" OR ""posttraumatic stress disorder"" OR PTSD",1962,0
TRAUMA_new_ptsd,"""post-traumatic stress disorder"" OR ""posttraumatic stress disorder"" OR PTSD",1963,0
TRAUMA_new_ptsd,"""post-traumatic stress disorder"" OR ""posttraumatic stress disorder"" OR PTSD",1964,0
TRAUMA_new_ptsd,"""post-traumatic stress disorder"" OR ""posttraumatic stress disorder"" OR PTSD",1965,0
TRAUMA_new_ptsd,"""post-traumatic stress disorder"" OR ""posttraumatic stress disorder"" OR PTSD",1966,0
TRAUMA_new_ptsd,"""post-traumatic stress disorder"" OR ""posttraumatic stress disorder"" OR PTSD",1967,0
TRAUMA_new_ptsd,"""post-traumatic stress disorder"" OR ""posttraumatic stress disorder"" OR PTSD",1968,0
TRAUMA_new_ptsd,"""post-traumatic stress disorder"" OR ""posttraumatic stress disorder"" OR PTSD",1969,0
TRAUMA_new_ptsd,"""post-traumatic stress disorder"" OR ""posttraumatic stress disorder"" OR PTSD",1970,0
TRAUMA_new_ptsd,"""post-traumatic stress disorder"" OR ""posttraumatic stress disorder"" OR PTSD",1971,0
TRAUMA_new_ptsd,"""post-traumatic stress disorder"" OR ""posttraumatic stress disorder"" OR PTSD",1972,0
TRAUMA_new_ptsd,"""post-traumatic stress disorder"" OR ""posttraumatic stress disorder"" OR PTSD",1973,0
TRAUMA_new_ptsd,"""post-traumatic stress disorder"" OR ""posttraumatic stress disorder"" OR PTSD",1974,0
TRAUMA_new_ptsd,"""post-traumatic stress disorder"" OR ""posttraumatic stress disorder"" OR PTSD",1975,0
TRAUMA_new_ptsd,"""post-traumatic stress disorder"" OR ""posttraumatic stress disorder"" OR PTSD",1976,0
TRAUMA_new_ptsd,"""post-traumatic stress disorder"" OR ""posttraumatic stress disorder"" OR PTSD",1977,0
TRAUMA_new_ptsd,"""post-traumatic stress disorder"" OR ""posttraumatic stress disorder"" OR PTSD",1978,0
TRAUMA_new_ptsd,"""post-traumatic stress disorder"" OR ""posttraumatic stress disorder"" OR PTSD",1979,0
TRAUMA_new_ptsd,"""post-traumatic stress disorder"" OR ""posttraumatic stress disorder"" OR PTSD",1980,2
TRAUMA_new_ptsd,"""post-traumatic stress disorder"" OR ""posttraumatic stress disorder"" OR PTSD",1981,3
TRAUMA_new_ptsd,"""post-traumatic stress disorder"" OR ""posttraumatic stress disorder"" OR PTSD",1982,19
TRAUMA_new_ptsd,"""post-traumatic stress disorder"" OR ""posttraumatic stress disorder"" OR PTSD",1983,17
TRAUMA_new_ptsd,"""post-traumatic stress disorder"" OR ""posttraumatic stress disorder"" OR PTSD",1984,25
TRAUMA_new_ptsd,"""post-traumatic stress disorder"" OR ""posttraumatic stress disorder"" OR PTSD",1985,49
TRAUMA_new_ptsd,"""post-traumatic stress disorder"" OR ""posttraumatic stress disorder"" OR PTSD",1986,61
TRAUMA_new_ptsd,"""post-traumatic stress disorder"" OR ""posttraumatic stress disorder"" OR PTSD",1987,90
TRAUMA_new_ptsd,"""post-traumatic stress disorder"" OR ""posttraumatic stress disorder"" OR PTSD",1988,83
TRAUMA_new_ptsd,"""post-traumatic stress disorder"" OR ""posttraumatic stress disorder"" OR PTSD",1989,124
TRAUMA_new_ptsd,"""post-traumatic stress disorder"" OR ""posttraumatic stress disorder"" OR PTSD",1990,108
TRAUMA_new_ptsd,"""post-traumatic stress disorder"" OR ""posttraumatic stress disorder"" OR PTSD",1991,128
TRAUMA_new_ptsd,"""post-traumatic stress disorder"" OR ""posttraumatic stress disorder"" OR PTSD",1992,130
TRAUMA_new_ptsd,"""post-traumatic stress disorder"" OR ""posttraumatic stress disorder"" OR PTSD",1993,199
TRAUMA_new_ptsd,"""post-traumatic stress disorder"" OR ""posttraumatic stress disorder"" OR PTSD",1994,246
TRAUMA_new_ptsd,"""post-traumatic stress disorder"" OR ""posttraumatic stress disorder"" OR PTSD",1995,247
TRAUMA_new_ptsd,"""post-traumatic stress disorder"" OR ""posttraumatic stress disorder"" OR PTSD",1996,278
TRAUMA_new_ptsd,"""post-traumatic stress disorder"" OR ""posttraumatic stress disorder"" OR PTSD",1997,374
TRAUMA_new_ptsd,"""post-traumatic stress disorder"" OR ""posttraumatic stress disorder"" OR PTSD",1998,337
TRAUMA_new_ptsd,"""post-traumatic stress disorder"" OR ""posttraumatic stress disorder"" OR PTSD",1999,421
TRAUMA_new_ptsd,"""post-traumatic stress disorder"" OR ""posttraumatic stress disorder"" OR PTSD",2000,475
TRAUMA_new_ptsd,"""post-traumatic stress disorder"" OR ""posttraumatic stress disorder"" OR PTSD",2001,474
TRAUMA_new_ptsd,"""post-traumatic stress disorder"" OR ""posttraumatic stress disorder"" OR PTSD",2002,576
TRAUMA_new_ptsd,"""post-traumatic stress disorder"" OR ""posttraumatic stress disorder"" OR PTSD",2003,640
TRAUMA_new_ptsd,"""post-traumatic stress disorder"" OR ""posttraumatic stress disorder"" OR PTSD",2004,708
TRAUMA_new_ptsd,"""post-traumatic stress disorder"" OR ""posttraumatic stress disorder"" OR PTSD",2005,820
TRAUMA_new_ptsd,"""post-traumatic stress disorder"" OR ""posttraumatic stress disorder"" OR PTSD",2006,1045
TRAUMA_new_ptsd,"""post-traumatic stress disorder"" OR ""posttraumatic stress disorder"" OR PTSD",2007,1067
TRAUMA_new_ptsd,"""post-traumatic stress disorder"" OR ""posttraumatic stress disorder"" OR PTSD",2008,1173
TRAUMA_new_ptsd,"""post-traumatic stress disorder"" OR ""posttraumatic stress disorder"" OR PTSD",2009,1296
TRAUMA_new_ptsd,"""post-traumatic stress disorder"" OR ""posttraumatic stress disorder"" OR PTSD",2010,1471
TRAUMA_new_ptsd,"""post-traumatic stress disorder"" OR ""posttraumatic stress disorder"" OR PTSD",2011,1751
TRAUMA_new_ptsd,"""post-traumatic stress disorder"" OR ""posttraumatic stress disorder"" OR PTSD",2012,1992
TRAUMA_new_ptsd,"""post-traumatic stress disorder"" OR ""posttraumatic stress disorder"" OR PTSD",2013,2302
TRAUMA_new_ptsd,"""post-traumatic stress disorder"" OR ""posttraumatic stress disorder"" OR PTSD",2014,2480
TRAUMA_new_ptsd,"""post-traumatic stress disorder"" OR ""posttraumatic stress disorder"" OR PTSD",2015,2737
TRAUMA_new_ptsd,"""post-traumatic stress disorder"" OR ""posttraumatic stress disorder"" OR PTSD",2016,2869
TRAUMA_new_ptsd,"""post-traumatic stress disorder"" OR ""posttraumatic stress disorder"" OR PTSD",2017,3142
TRAUMA_new_ptsd,"""post-traumatic stress disorder"" OR ""posttraumatic stress disorder"" OR PTSD",2018,3371
TRAUMA_new_ptsd,"""post-traumatic stress disorder"" OR ""posttraumatic stress disorder"" OR PTSD",2019,3465
TRAUMA_new_ptsd,"""post-traumatic stress disorder"" OR ""posttraumatic stress disorder"" OR PTSD",2020,4049
TRAUMA_new_ptsd,"""post-traumatic stress disorder"" OR ""posttraumatic stress disorder"" OR PTSD",2021,4839
TRAUMA_new_ptsd,"""post-traumatic stress disorder"" OR ""posttraumatic stress disorder"" OR PTSD",2022,4796
TRAUMA_new_ptsd,"""post-traumatic stress disorder"" OR ""posttraumatic stress disorder"" OR PTSD",2023,4349
TRAUMA_new_ptsd,"""post-traumatic stress disorder"" OR ""posttraumatic stress disorder"" OR PTSD",2024,4385
SOMA_old_hysteria,"hysteria OR ""hysterical neurosis""",1950,21
SOMA_old_hysteria,"hysteria OR ""hysterical neurosis""",1951,33
SOMA_old_hysteria,"hysteria OR ""hysterical neurosis""",1952,38
SOMA_old_hysteria,"hysteria OR ""hysterical neurosis""",1953,48
SOMA_old_hysteria,"hysteria OR ""hysterical neurosis""",1954,27
SOMA_old_hysteria,"hysteria OR ""hysterical neurosis""",1955,46
SOMA_old_hysteria,"hysteria OR ""hysterical neurosis""",1956,28
SOMA_old_hysteria,"hysteria OR ""hysterical neurosis""",1957,22
SOMA_old_hysteria,"hysteria OR ""hysterical neurosis""",1958,35
SOMA_old_hysteria,"hysteria OR ""hysterical neurosis""",1959,31
SOMA_old_hysteria,"hysteria OR ""hysterical neurosis""",1960,25
SOMA_old_hysteria,"hysteria OR ""hysterical neurosis""",1961,31
SOMA_old_hysteria,"hysteria OR ""hysterical neurosis""",1962,36
SOMA_old_hysteria,"hysteria OR ""hysterical neurosis""",1963,87
SOMA_old_hysteria,"hysteria OR ""hysterical neurosis""",1964,115
SOMA_old_hysteria,"hysteria OR ""hysterical neurosis""",1965,57
SOMA_old_hysteria,"hysteria OR ""hysterical neurosis""",1966,19
SOMA_old_hysteria,"hysteria OR ""hysterical neurosis""",1967,16
SOMA_old_hysteria,"hysteria OR ""hysterical neurosis""",1968,17
SOMA_old_hysteria,"hysteria OR ""hysterical neurosis""",1969,28
SOMA_old_hysteria,"hysteria OR ""hysterical neurosis""",1970,23
SOMA_old_hysteria,"hysteria OR ""hysterical neurosis""",1971,30
SOMA_old_hysteria,"hysteria OR ""hysterical neurosis""",1972,20
SOMA_old_hysteria,"hysteria OR ""hysterical neurosis""",1973,25
SOMA_old_hysteria,"hysteria OR ""hysterical neurosis""",1974,27
SOMA_old_hysteria,"hysteria OR ""hysterical neurosis""",1975,40
SOMA_old_hysteria,"hysteria OR ""hysterical neurosis""",1976,48
SOMA_old_hysteria,"hysteria OR ""hysterical neurosis""",1977,31
SOMA_old_hysteria,"hysteria OR ""hysterical neurosis""",1978,24
SOMA_old_hysteria,"hysteria OR ""hysterical neurosis""",1979,47
SOMA_old_hysteria,"hysteria OR ""hysterical neurosis""",1980,55
SOMA_old_hysteria,"hysteria OR ""hysterical neurosis""",1981,46
SOMA_old_hysteria,"hysteria OR ""hysterical neurosis""",1982,56
SOMA_old_hysteria,"hysteria OR ""hysterical neurosis""",1983,50
SOMA_old_hysteria,"hysteria OR ""hysterical neurosis""",1984,49
SOMA_old_hysteria,"hysteria OR ""hysterical neurosis""",1985,45
SOMA_old_hysteria,"hysteria OR ""hysterical neurosis""",1986,58
SOMA_old_hysteria,"hysteria OR ""hysterical neurosis""",1987,27
SOMA_old_hysteria,"hysteria OR ""hysterical neurosis""",1988,46
SOMA_old_hysteria,"hysteria OR ""hysterical neurosis""",1989,47
SOMA_old_hysteria,"hysteria OR ""hysterical neurosis""",1990,54
SOMA_old_hysteria,"hysteria OR ""hysterical neurosis""",1991,45
SOMA_old_hysteria,"hysteria OR ""hysterical neurosis""",1992,46
SOMA_old_hysteria,"hysteria OR ""hysterical neurosis""",1993,38
SOMA_old_hysteria,"hysteria OR ""hysterical neurosis""",1994,55
SOMA_old_hysteria,"hysteria OR ""hysterical neurosis""",1995,53
SOMA_old_hysteria,"hysteria OR ""hysterical neurosis""",1996,44
SOMA_old_hysteria,"hysteria OR ""hysterical neurosis""",1997,46
SOMA_old_hysteria,"hysteria OR ""hysterical neurosis""",1998,32
SOMA_old_hysteria,"hysteria OR ""hysterical neurosis""",1999,36
SOMA_old_hysteria,"hysteria OR ""hysterical neurosis""",2000,46
SOMA_old_hysteria,"hysteria OR ""hysterical neurosis""",2001,33
SOMA_old_hysteria,"hysteria OR ""hysterical neurosis""",2002,47
SOMA_old_hysteria,"hysteria OR ""hysterical neurosis""",2003,38
SOMA_old_hysteria,"hysteria OR ""hysterical neurosis""",2004,46
SOMA_old_hysteria,"hysteria OR ""hysterical neurosis""",2005,41
SOMA_old_hysteria,"hysteria OR ""hysterical neurosis""",2006,40
SOMA_old_hysteria,"hysteria OR ""hysterical neurosis""",2007,40
SOMA_old_hysteria,"hysteria OR ""hysterical neurosis""",2008,34
SOMA_old_hysteria,"hysteria OR ""hysterical neurosis""",2009,37
SOMA_old_hysteria,"hysteria OR ""hysterical neurosis""",2010,42
SOMA_old_hysteria,"hysteria OR ""hysterical neurosis""",2011,52
SOMA_old_hysteria,"hysteria OR ""hysterical neurosis""",2012,39
SOMA_old_hysteria,"hysteria OR ""hysterical neurosis""",2013,55
SOMA_old_hysteria,"hysteria OR ""hysterical neurosis""",2014,78
SOMA_old_hysteria,"hysteria OR ""hysterical neurosis""",2015,39
SOMA_old_hysteria,"hysteria OR ""hysterical neurosis""",2016,42
SOMA_old_hysteria,"hysteria OR ""hysterical neurosis""",2017,36
SOMA_old_hysteria,"hysteria OR ""hysterical neurosis""",2018,44
SOMA_old_hysteria,"hysteria OR ""hysterical neurosis""",2019,40
SOMA_old_hysteria,"hysteria OR ""hysterical neurosis""",2020,52
SOMA_old_hysteria,"hysteria OR ""hysterical neurosis""",2021,46
SOMA_old_hysteria,"hysteria OR ""hysterical neurosis""",2022,37
SOMA_old_hysteria,"hysteria OR ""hysterical neurosis""",2023,44
SOMA_old_hysteria,"hysteria OR ""hysterical neurosis""",2024,49
SOMA_new_conversion,"""conversion disorder"" OR ""functional neurological disorder"" OR ""somatic symptom disorder""",1950,0
SOMA_new_conversion,"""conversion disorder"" OR ""functional neurological disorder"" OR ""somatic symptom disorder""",1951,0
SOMA_new_conversion,"""conversion disorder"" OR ""functional neurological disorder"" OR ""somatic symptom disorder""",1952,0
SOMA_new_conversion,"""conversion disorder"" OR ""functional neurological disorder"" OR ""somatic symptom disorder""",1953,0
SOMA_new_conversion,"""conversion disorder"" OR ""functional neurological disorder"" OR ""somatic symptom disorder""",1954,0
SOMA_new_conversion,"""conversion disorder"" OR ""functional neurological disorder"" OR ""somatic symptom disorder""",1955,0
SOMA_new_conversion,"""conversion disorder"" OR ""functional neurological disorder"" OR ""somatic symptom disorder""",1956,0
SOMA_new_conversion,"""conversion disorder"" OR ""functional neurological disorder"" OR ""somatic symptom disorder""",1957,0
SOMA_new_conversion,"""conversion disorder"" OR ""functional neurological disorder"" OR ""somatic symptom disorder""",1958,0
SOMA_new_conversion,"""conversion disorder"" OR ""functional neurological disorder"" OR ""somatic symptom disorder""",1959,0
SOMA_new_conversion,"""conversion disorder"" OR ""functional neurological disorder"" OR ""somatic symptom disorder""",1960,0
SOMA_new_conversion,"""conversion disorder"" OR ""functional neurological disorder"" OR ""somatic symptom disorder""",1961,0
SOMA_new_conversion,"""conversion disorder"" OR ""functional neurological disorder"" OR ""somatic symptom disorder""",1962,0
SOMA_new_conversion,"""conversion disorder"" OR ""functional neurological disorder"" OR ""somatic symptom disorder""",1963,0
SOMA_new_conversion,"""conversion disorder"" OR ""functional neurological disorder"" OR ""somatic symptom disorder""",1964,0
SOMA_new_conversion,"""conversion disorder"" OR ""functional neurological disorder"" OR ""somatic symptom disorder""",1965,0
SOMA_new_conversion,"""conversion disorder"" OR ""functional neurological disorder"" OR ""somatic symptom disorder""",1966,0
SOMA_new_conversion,"""conversion disorder"" OR ""functional neurological disorder"" OR ""somatic symptom disorder""",1967,0
SOMA_new_conversion,"""conversion disorder"" OR ""functional neurological disorder"" OR ""somatic symptom disorder""",1968,0
SOMA_new_conversion,"""conversion disorder"" OR ""functional neurological disorder"" OR ""somatic symptom disorder""",1969,0
SOMA_new_conversion,"""conversion disorder"" OR ""functional neurological disorder"" OR ""somatic symptom disorder""",1970,0
SOMA_new_conversion,"""conversion disorder"" OR ""functional neurological disorder"" OR ""somatic symptom disorder""",1971,0
SOMA_new_conversion,"""conversion disorder"" OR ""functional neurological disorder"" OR ""somatic symptom disorder""",1972,0
SOMA_new_conversion,"""conversion disorder"" OR ""functional neurological disorder"" OR ""somatic symptom disorder""",1973,0
SOMA_new_conversion,"""conversion disorder"" OR ""functional neurological disorder"" OR ""somatic symptom disorder""",1974,0
SOMA_new_conversion,"""conversion disorder"" OR ""functional neurological disorder"" OR ""somatic symptom disorder""",1975,0
SOMA_new_conversion,"""conversion disorder"" OR ""functional neurological disorder"" OR ""somatic symptom disorder""",1976,0
SOMA_new_conversion,"""conversion disorder"" OR ""functional neurological disorder"" OR ""somatic symptom disorder""",1977,0
SOMA_new_conversion,"""conversion disorder"" OR ""functional neurological disorder"" OR ""somatic symptom disorder""",1978,0
SOMA_new_conversion,"""conversion disorder"" OR ""functional neurological disorder"" OR ""somatic symptom disorder""",1979,1
SOMA_new_conversion,"""conversion disorder"" OR ""functional neurological disorder"" OR ""somatic symptom disorder""",1980,0
SOMA_new_conversion,"""conversion disorder"" OR ""functional neurological disorder"" OR ""somatic symptom disorder""",1981,2
SOMA_new_conversion,"""conversion disorder"" OR ""functional neurological disorder"" OR ""somatic symptom disorder""",1982,3
SOMA_new_conversion,"""conversion disorder"" OR ""functional neurological disorder"" OR ""somatic symptom disorder""",1983,5
SOMA_new_conversion,"""conversion disorder"" OR ""functional neurological disorder"" OR ""somatic symptom disorder""",1984,4
SOMA_new_conversion,"""conversion disorder"" OR ""functional neurological disorder"" OR ""somatic symptom disorder""",1985,5
SOMA_new_conversion,"""conversion disorder"" OR ""functional neurological disorder"" OR ""somatic symptom disorder""",1986,7
SOMA_new_conversion,"""conversion disorder"" OR ""functional neurological disorder"" OR ""somatic symptom disorder""",1987,2
SOMA_new_conversion,"""conversion disorder"" OR ""functional neurological disorder"" OR ""somatic symptom disorder""",1988,8
SOMA_new_conversion,"""conversion disorder"" OR ""functional neurological disorder"" OR ""somatic symptom disorder""",1989,4
SOMA_new_conversion,"""conversion disorder"" OR ""functional neurological disorder"" OR ""somatic symptom disorder""",1990,12
SOMA_new_conversion,"""conversion disorder"" OR ""functional neurological disorder"" OR ""somatic symptom disorder""",1991,10
SOMA_new_conversion,"""conversion disorder"" OR ""functional neurological disorder"" OR ""somatic symptom disorder""",1992,9
SOMA_new_conversion,"""conversion disorder"" OR ""functional neurological disorder"" OR ""somatic symptom disorder""",1993,10
SOMA_new_conversion,"""conversion disorder"" OR ""functional neurological disorder"" OR ""somatic symptom disorder""",1994,9
SOMA_new_conversion,"""conversion disorder"" OR ""functional neurological disorder"" OR ""somatic symptom disorder""",1995,17
SOMA_new_conversion,"""conversion disorder"" OR ""functional neurological disorder"" OR ""somatic symptom disorder""",1996,19
SOMA_new_conversion,"""conversion disorder"" OR ""functional neurological disorder"" OR ""somatic symptom disorder""",1997,22
SOMA_new_conversion,"""conversion disorder"" OR ""functional neurological disorder"" OR ""somatic symptom disorder""",1998,19
SOMA_new_conversion,"""conversion disorder"" OR ""functional neurological disorder"" OR ""somatic symptom disorder""",1999,12
SOMA_new_conversion,"""conversion disorder"" OR ""functional neurological disorder"" OR ""somatic symptom disorder""",2000,17
SOMA_new_conversion,"""conversion disorder"" OR ""functional neurological disorder"" OR ""somatic symptom disorder""",2001,15
SOMA_new_conversion,"""conversion disorder"" OR ""functional neurological disorder"" OR ""somatic symptom disorder""",2002,32
SOMA_new_conversion,"""conversion disorder"" OR ""functional neurological disorder"" OR ""somatic symptom disorder""",2003,28
SOMA_new_conversion,"""conversion disorder"" OR ""functional neurological disorder"" OR ""somatic symptom disorder""",2004,23
SOMA_new_conversion,"""conversion disorder"" OR ""functional neurological disorder"" OR ""somatic symptom disorder""",2005,33
SOMA_new_conversion,"""conversion disorder"" OR ""functional neurological disorder"" OR ""somatic symptom disorder""",2006,24
SOMA_new_conversion,"""conversion disorder"" OR ""functional neurological disorder"" OR ""somatic symptom disorder""",2007,33
SOMA_new_conversion,"""conversion disorder"" OR ""functional neurological disorder"" OR ""somatic symptom disorder""",2008,22
SOMA_new_conversion,"""conversion disorder"" OR ""functional neurological disorder"" OR ""somatic symptom disorder""",2009,29
SOMA_new_conversion,"""conversion disorder"" OR ""functional neurological disorder"" OR ""somatic symptom disorder""",2010,45
SOMA_new_conversion,"""conversion disorder"" OR ""functional neurological disorder"" OR ""somatic symptom disorder""",2011,40
SOMA_new_conversion,"""conversion disorder"" OR ""functional neurological disorder"" OR ""somatic symptom disorder""",2012,49
SOMA_new_conversion,"""conversion disorder"" OR ""functional neurological disorder"" OR ""somatic symptom disorder""",2013,77
SOMA_new_conversion,"""conversion disorder"" OR ""functional neurological disorder"" OR ""somatic symptom disorder""",2014,78
SOMA_new_conversion,"""conversion disorder"" OR ""functional neurological disorder"" OR ""somatic symptom disorder""",2015,84
SOMA_new_conversion,"""conversion disorder"" OR ""functional neurological disorder"" OR ""somatic symptom disorder""",2016,120
SOMA_new_conversion,"""conversion disorder"" OR ""functional neurological disorder"" OR ""somatic symptom disorder""",2017,112
SOMA_new_conversion,"""conversion disorder"" OR ""functional neurological disorder"" OR ""somatic symptom disorder""",2018,153
SOMA_new_conversion,"""conversion disorder"" OR ""functional neurological disorder"" OR ""somatic symptom disorder""",2019,167
SOMA_new_conversion,"""conversion disorder"" OR ""functional neurological disorder"" OR ""somatic symptom disorder""",2020,222
SOMA_new_conversion,"""conversion disorder"" OR ""functional neurological disorder"" OR ""somatic symptom disorder""",2021,266
SOMA_new_conversion,"""conversion disorder"" OR ""functional neurological disorder"" OR ""somatic symptom disorder""",2022,255
SOMA_new_conversion,"""conversion disorder"" OR ""functional neurological disorder"" OR ""somatic symptom disorder""",2023,269
SOMA_new_conversion,"""conversion disorder"" OR ""functional neurological disorder"" OR ""somatic symptom disorder""",2024,255
ADHD_old_mbd,"""minimal brain dysfunction"" OR ""minimal brain damage"" OR ""hyperkinetic reaction""",1950,0
ADHD_old_mbd,"""minimal brain dysfunction"" OR ""minimal brain damage"" OR ""hyperkinetic reaction""",1951,0
ADHD_old_mbd,"""minimal brain dysfunction"" OR ""minimal brain damage"" OR ""hyperkinetic reaction""",1952,0
ADHD_old_mbd,"""minimal brain dysfunction"" OR ""minimal brain damage"" OR ""hyperkinetic reaction""",1953,0
ADHD_old_mbd,"""minimal brain dysfunction"" OR ""minimal brain damage"" OR ""hyperkinetic reaction""",1954,0
ADHD_old_mbd,"""minimal brain dysfunction"" OR ""minimal brain damage"" OR ""hyperkinetic reaction""",1955,0
ADHD_old_mbd,"""minimal brain dysfunction"" OR ""minimal brain damage"" OR ""hyperkinetic reaction""",1956,0
ADHD_old_mbd,"""minimal brain dysfunction"" OR ""minimal brain damage"" OR ""hyperkinetic reaction""",1957,0
ADHD_old_mbd,"""minimal brain dysfunction"" OR ""minimal brain damage"" OR ""hyperkinetic reaction""",1958,1
ADHD_old_mbd,"""minimal brain dysfunction"" OR ""minimal brain damage"" OR ""hyperkinetic reaction""",1959,0
ADHD_old_mbd,"""minimal brain dysfunction"" OR ""minimal brain damage"" OR ""hyperkinetic reaction""",1960,0
ADHD_old_mbd,"""minimal brain dysfunction"" OR ""minimal brain damage"" OR ""hyperkinetic reaction""",1961,0
ADHD_old_mbd,"""minimal brain dysfunction"" OR ""minimal brain damage"" OR ""hyperkinetic reaction""",1962,0
ADHD_old_mbd,"""minimal brain dysfunction"" OR ""minimal brain damage"" OR ""hyperkinetic reaction""",1963,0
ADHD_old_mbd,"""minimal brain dysfunction"" OR ""minimal brain damage"" OR ""hyperkinetic reaction""",1964,2
ADHD_old_mbd,"""minimal brain dysfunction"" OR ""minimal brain damage"" OR ""hyperkinetic reaction""",1965,2
ADHD_old_mbd,"""minimal brain dysfunction"" OR ""minimal brain damage"" OR ""hyperkinetic reaction""",1966,4
ADHD_old_mbd,"""minimal brain dysfunction"" OR ""minimal brain damage"" OR ""hyperkinetic reaction""",1967,6
ADHD_old_mbd,"""minimal brain dysfunction"" OR ""minimal brain damage"" OR ""hyperkinetic reaction""",1968,8
ADHD_old_mbd,"""minimal brain dysfunction"" OR ""minimal brain damage"" OR ""hyperkinetic reaction""",1969,6
ADHD_old_mbd,"""minimal brain dysfunction"" OR ""minimal brain damage"" OR ""hyperkinetic reaction""",1970,5
ADHD_old_mbd,"""minimal brain dysfunction"" OR ""minimal brain damage"" OR ""hyperkinetic reaction""",1971,11
ADHD_old_mbd,"""minimal brain dysfunction"" OR ""minimal brain damage"" OR ""hyperkinetic reaction""",1972,14
ADHD_old_mbd,"""minimal brain dysfunction"" OR ""minimal brain damage"" OR ""hyperkinetic reaction""",1973,56
ADHD_old_mbd,"""minimal brain dysfunction"" OR ""minimal brain damage"" OR ""hyperkinetic reaction""",1974,20
ADHD_old_mbd,"""minimal brain dysfunction"" OR ""minimal brain damage"" OR ""hyperkinetic reaction""",1975,42
ADHD_old_mbd,"""minimal brain dysfunction"" OR ""minimal brain damage"" OR ""hyperkinetic reaction""",1976,46
ADHD_old_mbd,"""minimal brain dysfunction"" OR ""minimal brain damage"" OR ""hyperkinetic reaction""",1977,41
ADHD_old_mbd,"""minimal brain dysfunction"" OR ""minimal brain damage"" OR ""hyperkinetic reaction""",1978,42
ADHD_old_mbd,"""minimal brain dysfunction"" OR ""minimal brain damage"" OR ""hyperkinetic reaction""",1979,32
ADHD_old_mbd,"""minimal brain dysfunction"" OR ""minimal brain damage"" OR ""hyperkinetic reaction""",1980,30
ADHD_old_mbd,"""minimal brain dysfunction"" OR ""minimal brain damage"" OR ""hyperkinetic reaction""",1981,21
ADHD_old_mbd,"""minimal brain dysfunction"" OR ""minimal brain damage"" OR ""hyperkinetic reaction""",1982,15
ADHD_old_mbd,"""minimal brain dysfunction"" OR ""minimal brain damage"" OR ""hyperkinetic reaction""",1983,23
ADHD_old_mbd,"""minimal brain dysfunction"" OR ""minimal brain damage"" OR ""hyperkinetic reaction""",1984,19
ADHD_old_mbd,"""minimal brain dysfunction"" OR ""minimal brain damage"" OR ""hyperkinetic reaction""",1985,10
ADHD_old_mbd,"""minimal brain dysfunction"" OR ""minimal brain damage"" OR ""hyperkinetic reaction""",1986,15
ADHD_old_mbd,"""minimal brain dysfunction"" OR ""minimal brain damage"" OR ""hyperkinetic reaction""",1987,16
ADHD_old_mbd,"""minimal brain dysfunction"" OR ""minimal brain damage"" OR ""hyperkinetic reaction""",1988,12
ADHD_old_mbd,"""minimal brain dysfunction"" OR ""minimal brain damage"" OR ""hyperkinetic reaction""",1989,12
ADHD_old_mbd,"""minimal brain dysfunction"" OR ""minimal brain damage"" OR ""hyperkinetic reaction""",1990,13
ADHD_old_mbd,"""minimal brain dysfunction"" OR ""minimal brain damage"" OR ""hyperkinetic reaction""",1991,14
ADHD_old_mbd,"""minimal brain dysfunction"" OR ""minimal brain damage"" OR ""hyperkinetic reaction""",1992,7
ADHD_old_mbd,"""minimal brain dysfunction"" OR ""minimal brain damage"" OR ""hyperkinetic reaction""",1993,5
ADHD_old_mbd,"""minimal brain dysfunction"" OR ""minimal brain damage"" OR ""hyperkinetic reaction""",1994,7
ADHD_old_mbd,"""minimal brain dysfunction"" OR ""minimal brain damage"" OR ""hyperkinetic reaction""",1995,3
ADHD_old_mbd,"""minimal brain dysfunction"" OR ""minimal brain damage"" OR ""hyperkinetic reaction""",1996,4
ADHD_old_mbd,"""minimal brain dysfunction"" OR ""minimal brain damage"" OR ""hyperkinetic reaction""",1997,0
ADHD_old_mbd,"""minimal brain dysfunction"" OR ""minimal brain damage"" OR ""hyperkinetic reaction""",1998,7
ADHD_old_mbd,"""minimal brain dysfunction"" OR ""minimal brain damage"" OR ""hyperkinetic reaction""",1999,3
ADHD_old_mbd,"""minimal brain dysfunction"" OR ""minimal brain damage"" OR ""hyperkinetic reaction""",2000,2
ADHD_old_mbd,"""minimal brain dysfunction"" OR ""minimal brain damage"" OR ""hyperkinetic reaction""",2001,4
ADHD_old_mbd,"""minimal brain dysfunction"" OR ""minimal brain damage"" OR ""hyperkinetic reaction""",2002,2
ADHD_old_mbd,"""minimal brain dysfunction"" OR ""minimal brain damage"" OR ""hyperkinetic reaction""",2003,2
ADHD_old_mbd,"""minimal brain dysfunction"" OR ""minimal brain damage"" OR ""hyperkinetic reaction""",2004,3
ADHD_old_mbd,"""minimal brain dysfunction"" OR ""minimal brain damage"" OR ""hyperkinetic reaction""",2005,2
ADHD_old_mbd,"""minimal brain dysfunction"" OR ""minimal brain damage"" OR ""hyperkinetic reaction""",2006,3
ADHD_old_mbd,"""minimal brain dysfunction"" OR ""minimal brain damage"" OR ""hyperkinetic reaction""",2007,1
ADHD_old_mbd,"""minimal brain dysfunction"" OR ""minimal brain damage"" OR ""hyperkinetic reaction""",2008,2
ADHD_old_mbd,"""minimal brain dysfunction"" OR ""minimal brain damage"" OR ""hyperkinetic reaction""",2009,1
ADHD_old_mbd,"""minimal brain dysfunction"" OR ""minimal brain damage"" OR ""hyperkinetic reaction""",2010,2
ADHD_old_mbd,"""minimal brain dysfunction"" OR ""minimal brain damage"" OR ""hyperkinetic reaction""",2011,4
ADHD_old_mbd,"""minimal brain dysfunction"" OR ""minimal brain damage"" OR ""hyperkinetic reaction""",2012,2
ADHD_old_mbd,"""minimal brain dysfunction"" OR ""minimal brain damage"" OR ""hyperkinetic reaction""",2013,0
ADHD_old_mbd,"""minimal brain dysfunction"" OR ""minimal brain damage"" OR ""hyperkinetic reaction""",2014,4
ADHD_old_mbd,"""minimal brain dysfunction"" OR ""minimal brain damage"" OR ""hyperkinetic reaction""",2015,4
ADHD_old_mbd,"""minimal brain dysfunction"" OR ""minimal brain damage"" OR ""hyperkinetic reaction""",2016,3
ADHD_old_mbd,"""minimal brain dysfunction"" OR ""minimal brain damage"" OR ""hyperkinetic reaction""",2017,4
ADHD_old_mbd,"""minimal brain dysfunction"" OR ""minimal brain damage"" OR ""hyperkinetic reaction""",2018,1
ADHD_old_mbd,"""minimal brain dysfunction"" OR ""minimal brain damage"" OR ""hyperkinetic reaction""",2019,0
ADHD_old_mbd,"""minimal brain dysfunction"" OR ""minimal brain damage"" OR ""hyperkinetic reaction""",2020,4
ADHD_old_mbd,"""minimal brain dysfunction"" OR ""minimal brain damage"" OR ""hyperkinetic reaction""",2021,1
ADHD_old_mbd,"""minimal brain dysfunction"" OR ""minimal brain damage"" OR ""hyperkinetic reaction""",2022,1
ADHD_old_mbd,"""minimal brain dysfunction"" OR ""minimal brain damage"" OR ""hyperkinetic reaction""",2023,3
ADHD_old_mbd,"""minimal brain dysfunction"" OR ""minimal brain damage"" OR ""hyperkinetic reaction""",2024,0
ADHD_new,"ADHD OR ""attention deficit hyperactivity"" OR ""attention-deficit""",1970,1
ADHD_new,"ADHD OR ""attention deficit hyperactivity"" OR ""attention-deficit""",1971,0
ADHD_new,"ADHD OR ""attention deficit hyperactivity"" OR ""attention-deficit""",1972,0
ADHD_new,"ADHD OR ""attention deficit hyperactivity"" OR ""attention-deficit""",1973,1
ADHD_new,"ADHD OR ""attention deficit hyperactivity"" OR ""attention-deficit""",1974,0
ADHD_new,"ADHD OR ""attention deficit hyperactivity"" OR ""attention-deficit""",1975,2
ADHD_new,"ADHD OR ""attention deficit hyperactivity"" OR ""attention-deficit""",1976,2
ADHD_new,"ADHD OR ""attention deficit hyperactivity"" OR ""attention-deficit""",1977,0
ADHD_new,"ADHD OR ""attention deficit hyperactivity"" OR ""attention-deficit""",1978,0
ADHD_new,"ADHD OR ""attention deficit hyperactivity"" OR ""attention-deficit""",1979,1
ADHD_new,"ADHD OR ""attention deficit hyperactivity"" OR ""attention-deficit""",1980,4
ADHD_new,"ADHD OR ""attention deficit hyperactivity"" OR ""attention-deficit""",1981,14
ADHD_new,"ADHD OR ""attention deficit hyperactivity"" OR ""attention-deficit""",1982,28
ADHD_new,"ADHD OR ""attention deficit hyperactivity"" OR ""attention-deficit""",1983,45
ADHD_new,"ADHD OR ""attention deficit hyperactivity"" OR ""attention-deficit""",1984,58
ADHD_new,"ADHD OR ""attention deficit hyperactivity"" OR ""attention-deficit""",1985,66
ADHD_new,"ADHD OR ""attention deficit hyperactivity"" OR ""attention-deficit""",1986,81
ADHD_new,"ADHD OR ""attention deficit hyperactivity"" OR ""attention-deficit""",1987,92
ADHD_new,"ADHD OR ""attention deficit hyperactivity"" OR ""attention-deficit""",1988,102
ADHD_new,"ADHD OR ""attention deficit hyperactivity"" OR ""attention-deficit""",1989,127
ADHD_new,"ADHD OR ""attention deficit hyperactivity"" OR ""attention-deficit""",1990,122
ADHD_new,"ADHD OR ""attention deficit hyperactivity"" OR ""attention-deficit""",1991,165
ADHD_new,"ADHD OR ""attention deficit hyperactivity"" OR ""attention-deficit""",1992,156
ADHD_new,"ADHD OR ""attention deficit hyperactivity"" OR ""attention-deficit""",1993,256
ADHD_new,"ADHD OR ""attention deficit hyperactivity"" OR ""attention-deficit""",1994,188
ADHD_new,"ADHD OR ""attention deficit hyperactivity"" OR ""attention-deficit""",1995,219
ADHD_new,"ADHD OR ""attention deficit hyperactivity"" OR ""attention-deficit""",1996,281
ADHD_new,"ADHD OR ""attention deficit hyperactivity"" OR ""attention-deficit""",1997,323
ADHD_new,"ADHD OR ""attention deficit hyperactivity"" OR ""attention-deficit""",1998,387
ADHD_new,"ADHD OR ""attention deficit hyperactivity"" OR ""attention-deficit""",1999,460
ADHD_new,"ADHD OR ""attention deficit hyperactivity"" OR ""attention-deficit""",2000,531
ADHD_new,"ADHD OR ""attention deficit hyperactivity"" OR ""attention-deficit""",2001,584
ADHD_new,"ADHD OR ""attention deficit hyperactivity"" OR ""attention-deficit""",2002,715
ADHD_new,"ADHD OR ""attention deficit hyperactivity"" OR ""attention-deficit""",2003,723
ADHD_new,"ADHD OR ""attention deficit hyperactivity"" OR ""attention-deficit""",2004,919
ADHD_new,"ADHD OR ""attention deficit hyperactivity"" OR ""attention-deficit""",2005,1127
ADHD_new,"ADHD OR ""attention deficit hyperactivity"" OR ""attention-deficit""",2006,1263
ADHD_new,"ADHD OR ""attention deficit hyperactivity"" OR ""attention-deficit""",2007,1463
ADHD_new,"ADHD OR ""attention deficit hyperactivity"" OR ""attention-deficit""",2008,1568
ADHD_new,"ADHD OR ""attention deficit hyperactivity"" OR ""attention-deficit""",2009,1617
ADHD_new,"ADHD OR ""attention deficit hyperactivity"" OR ""attention-deficit""",2010,1797
ADHD_new,"ADHD OR ""attention deficit hyperactivity"" OR ""attention-deficit""",2011,1863
ADHD_new,"ADHD OR ""attention deficit hyperactivity"" OR ""attention-deficit""",2012,2249
ADHD_new,"ADHD OR ""attention deficit hyperactivity"" OR ""attention-deficit""",2013,2384
ADHD_new,"ADHD OR ""attention deficit hyperactivity"" OR ""attention-deficit""",2014,2595
ADHD_new,"ADHD OR ""attention deficit hyperactivity"" OR ""attention-deficit""",2015,2562
ADHD_new,"ADHD OR ""attention deficit hyperactivity"" OR ""attention-deficit""",2016,2765
ADHD_new,"ADHD OR ""attention deficit hyperactivity"" OR ""attention-deficit""",2017,2764
ADHD_new,"ADHD OR ""attention deficit hyperactivity"" OR ""attention-deficit""",2018,2790
ADHD_new,"ADHD OR ""attention deficit hyperactivity"" OR ""attention-deficit""",2019,2911
ADHD_new,"ADHD OR ""attention deficit hyperactivity"" OR ""attention-deficit""",2020,3267
ADHD_new,"ADHD OR ""attention deficit hyperactivity"" OR ""attention-deficit""",2021,3567
ADHD_new,"ADHD OR ""attention deficit hyperactivity"" OR ""attention-deficit""",2022,3591
ADHD_new,"ADHD OR ""attention deficit hyperactivity"" OR ""attention-deficit""",2023,3505
ADHD_new,"ADHD OR ""attention deficit hyperactivity"" OR ""attention-deficit""",2024,3720
PERS_old_psychopathy,"psychopath OR psychopathy OR psychopathic OR ""moral insanity""",1950,22
PERS_old_psychopathy,"psychopath OR psychopathy OR psychopathic OR ""moral insanity""",1951,29
PERS_old_psychopathy,"psychopath OR psychopathy OR psychopathic OR ""moral insanity""",1952,24
PERS_old_psychopathy,"psychopath OR psychopathy OR psychopathic OR ""moral insanity""",1953,13
PERS_old_psychopathy,"psychopath OR psychopathy OR psychopathic OR ""moral insanity""",1954,20
PERS_old_psychopathy,"psychopath OR psychopathy OR psychopathic OR ""moral insanity""",1955,12
PERS_old_psychopathy,"psychopath OR psychopathy OR psychopathic OR ""moral insanity""",1956,12
PERS_old_psychopathy,"psychopath OR psychopathy OR psychopathic OR ""moral insanity""",1957,12
PERS_old_psychopathy,"psychopath OR psychopathy OR psychopathic OR ""moral insanity""",1958,18
PERS_old_psychopathy,"psychopath OR psychopathy OR psychopathic OR ""moral insanity""",1959,32
PERS_old_psychopathy,"psychopath OR psychopathy OR psychopathic OR ""moral insanity""",1960,37
PERS_old_psychopathy,"psychopath OR psychopathy OR psychopathic OR ""moral insanity""",1961,37
PERS_old_psychopathy,"psychopath OR psychopathy OR psychopathic OR ""moral insanity""",1962,23
PERS_old_psychopathy,"psychopath OR psychopathy OR psychopathic OR ""moral insanity""",1963,27
PERS_old_psychopathy,"psychopath OR psychopathy OR psychopathic OR ""moral insanity""",1964,18
PERS_old_psychopathy,"psychopath OR psychopathy OR psychopathic OR ""moral insanity""",1965,21
PERS_old_psychopathy,"psychopath OR psychopathy OR psychopathic OR ""moral insanity""",1966,18
PERS_old_psychopathy,"psychopath OR psychopathy OR psychopathic OR ""moral insanity""",1967,19
PERS_old_psychopathy,"psychopath OR psychopathy OR psychopathic OR ""moral insanity""",1968,26
PERS_old_psychopathy,"psychopath OR psychopathy OR psychopathic OR ""moral insanity""",1969,18
PERS_old_psychopathy,"psychopath OR psychopathy OR psychopathic OR ""moral insanity""",1970,11
PERS_old_psychopathy,"psychopath OR psychopathy OR psychopathic OR ""moral insanity""",1971,28
PERS_old_psychopathy,"psychopath OR psychopathy OR psychopathic OR ""moral insanity""",1972,18
PERS_old_psychopathy,"psychopath OR psychopathy OR psychopathic OR ""moral insanity""",1973,17
PERS_old_psychopathy,"psychopath OR psychopathy OR psychopathic OR ""moral insanity""",1974,16
PERS_old_psychopathy,"psychopath OR psychopathy OR psychopathic OR ""moral insanity""",1975,37
PERS_old_psychopathy,"psychopath OR psychopathy OR psychopathic OR ""moral insanity""",1976,42
PERS_old_psychopathy,"psychopath OR psychopathy OR psychopathic OR ""moral insanity""",1977,32
PERS_old_psychopathy,"psychopath OR psychopathy OR psychopathic OR ""moral insanity""",1978,45
PERS_old_psychopathy,"psychopath OR psychopathy OR psychopathic OR ""moral insanity""",1979,33
PERS_old_psychopathy,"psychopath OR psychopathy OR psychopathic OR ""moral insanity""",1980,29
PERS_old_psychopathy,"psychopath OR psychopathy OR psychopathic OR ""moral insanity""",1981,30
PERS_old_psychopathy,"psychopath OR psychopathy OR psychopathic OR ""moral insanity""",1982,25
PERS_old_psychopathy,"psychopath OR psychopathy OR psychopathic OR ""moral insanity""",1983,39
PERS_old_psychopathy,"psychopath OR psychopathy OR psychopathic OR ""moral insanity""",1984,31
PERS_old_psychopathy,"psychopath OR psychopathy OR psychopathic OR ""moral insanity""",1985,25
PERS_old_psychopathy,"psychopath OR psychopathy OR psychopathic OR ""moral insanity""",1986,36
PERS_old_psychopathy,"psychopath OR psychopathy OR psychopathic OR ""moral insanity""",1987,35
PERS_old_psychopathy,"psychopath OR psychopathy OR psychopathic OR ""moral insanity""",1988,40
PERS_old_psychopathy,"psychopath OR psychopathy OR psychopathic OR ""moral insanity""",1989,50
PERS_old_psychopathy,"psychopath OR psychopathy OR psychopathic OR ""moral insanity""",1990,41
PERS_old_psychopathy,"psychopath OR psychopathy OR psychopathic OR ""moral insanity""",1991,28
PERS_old_psychopathy,"psychopath OR psychopathy OR psychopathic OR ""moral insanity""",1992,29
PERS_old_psychopathy,"psychopath OR psychopathy OR psychopathic OR ""moral insanity""",1993,25
PERS_old_psychopathy,"psychopath OR psychopathy OR psychopathic OR ""moral insanity""",1994,42
PERS_old_psychopathy,"psychopath OR psychopathy OR psychopathic OR ""moral insanity""",1995,23
PERS_old_psychopathy,"psychopath OR psychopathy OR psychopathic OR ""moral insanity""",1996,35
PERS_old_psychopathy,"psychopath OR psychopathy OR psychopathic OR ""moral insanity""",1997,42
PERS_old_psychopathy,"psychopath OR psychopathy OR psychopathic OR ""moral insanity""",1998,51
PERS_old_psychopathy,"psychopath OR psychopathy OR psychopathic OR ""moral insanity""",1999,64
PERS_old_psychopathy,"psychopath OR psychopathy OR psychopathic OR ""moral insanity""",2000,59
PERS_old_psychopathy,"psychopath OR psychopathy OR psychopathic OR ""moral insanity""",2001,71
PERS_old_psychopathy,"psychopath OR psychopathy OR psychopathic OR ""moral insanity""",2002,67
PERS_old_psychopathy,"psychopath OR psychopathy OR psychopathic OR ""moral insanity""",2003,81
PERS_old_psychopathy,"psychopath OR psychopathy OR psychopathic OR ""moral insanity""",2004,83
PERS_old_psychopathy,"psychopath OR psychopathy OR psychopathic OR ""moral insanity""",2005,97
PERS_old_psychopathy,"psychopath OR psychopathy OR psychopathic OR ""moral insanity""",2006,126
PERS_old_psychopathy,"psychopath OR psychopathy OR psychopathic OR ""moral insanity""",2007,138
PERS_old_psychopathy,"psychopath OR psychopathy OR psychopathic OR ""moral insanity""",2008,157
PERS_old_psychopathy,"psychopath OR psychopathy OR psychopathic OR ""moral insanity""",2009,174
PERS_old_psychopathy,"psychopath OR psychopathy OR psychopathic OR ""moral insanity""",2010,188
PERS_old_psychopathy,"psychopath OR psychopathy OR psychopathic OR ""moral insanity""",2011,216
PERS_old_psychopathy,"psychopath OR psychopathy OR psychopathic OR ""moral insanity""",2012,254
PERS_old_psychopathy,"psychopath OR psychopathy OR psychopathic OR ""moral insanity""",2013,277
PERS_old_psychopathy,"psychopath OR psychopathy OR psychopathic OR ""moral insanity""",2014,282
PERS_old_psychopathy,"psychopath OR psychopathy OR psychopathic OR ""moral insanity""",2015,277
PERS_old_psychopathy,"psychopath OR psychopathy OR psychopathic OR ""moral insanity""",2016,304
PERS_old_psychopathy,"psychopath OR psychopathy OR psychopathic OR ""moral insanity""",2017,304
PERS_old_psychopathy,"psychopath OR psychopathy OR psychopathic OR ""moral insanity""",2018,316
PERS_old_psychopathy,"psychopath OR psychopathy OR psychopathic OR ""moral insanity""",2019,321
PERS_old_psychopathy,"psychopath OR psychopathy OR psychopathic OR ""moral insanity""",2020,284
PERS_old_psychopathy,"psychopath OR psychopathy OR psychopathic OR ""moral insanity""",2021,364
PERS_old_psychopathy,"psychopath OR psychopathy OR psychopathic OR ""moral insanity""",2022,311
PERS_old_psychopathy,"psychopath OR psychopathy OR psychopathic OR ""moral insanity""",2023,292
PERS_old_psychopathy,"psychopath OR psychopathy OR psychopathic OR ""moral insanity""",2024,264
PERS_new_aspd,"""antisocial personality disorder"" OR ASPD",1970,0
PERS_new_aspd,"""antisocial personality disorder"" OR ASPD",1971,0
PERS_new_aspd,"""antisocial personality disorder"" OR ASPD",1972,0
PERS_new_aspd,"""antisocial personality disorder"" OR ASPD",1973,1
PERS_new_aspd,"""antisocial personality disorder"" OR ASPD",1974,0
PERS_new_aspd,"""antisocial personality disorder"" OR ASPD",1975,0
PERS_new_aspd,"""antisocial personality disorder"" OR ASPD",1976,2
PERS_new_aspd,"""antisocial personality disorder"" OR ASPD",1977,1
PERS_new_aspd,"""antisocial personality disorder"" OR ASPD",1978,1
PERS_new_aspd,"""antisocial personality disorder"" OR ASPD",1979,0
PERS_new_aspd,"""antisocial personality disorder"" OR ASPD",1980,1
PERS_new_aspd,"""antisocial personality disorder"" OR ASPD",1981,4
PERS_new_aspd,"""antisocial personality disorder"" OR ASPD",1982,3
PERS_new_aspd,"""antisocial personality disorder"" OR ASPD",1983,7
PERS_new_aspd,"""antisocial personality disorder"" OR ASPD",1984,3
PERS_new_aspd,"""antisocial personality disorder"" OR ASPD",1985,10
PERS_new_aspd,"""antisocial personality disorder"" OR ASPD",1986,9
PERS_new_aspd,"""antisocial personality disorder"" OR ASPD",1987,9
PERS_new_aspd,"""antisocial personality disorder"" OR ASPD",1988,18
PERS_new_aspd,"""antisocial personality disorder"" OR ASPD",1989,15
PERS_new_aspd,"""antisocial personality disorder"" OR ASPD",1990,27
PERS_new_aspd,"""antisocial personality disorder"" OR ASPD",1991,19
PERS_new_aspd,"""antisocial personality disorder"" OR ASPD",1992,25
PERS_new_aspd,"""antisocial personality disorder"" OR ASPD",1993,27
PERS_new_aspd,"""antisocial personality disorder"" OR ASPD",1994,38
PERS_new_aspd,"""antisocial personality disorder"" OR ASPD",1995,40
PERS_new_aspd,"""antisocial personality disorder"" OR ASPD",1996,49
PERS_new_aspd,"""antisocial personality disorder"" OR ASPD",1997,58
PERS_new_aspd,"""antisocial personality disorder"" OR ASPD",1998,68
PERS_new_aspd,"""antisocial personality disorder"" OR ASPD",1999,61
PERS_new_aspd,"""antisocial personality disorder"" OR ASPD",2000,57
PERS_new_aspd,"""antisocial personality disorder"" OR ASPD",2001,57
PERS_new_aspd,"""antisocial personality disorder"" OR ASPD",2002,60
PERS_new_aspd,"""antisocial personality disorder"" OR ASPD",2003,62
PERS_new_aspd,"""antisocial personality disorder"" OR ASPD",2004,61
PERS_new_aspd,"""antisocial personality disorder"" OR ASPD",2005,69
PERS_new_aspd,"""antisocial personality disorder"" OR ASPD",2006,93
PERS_new_aspd,"""antisocial personality disorder"" OR ASPD",2007,102
PERS_new_aspd,"""antisocial personality disorder"" OR ASPD",2008,82
PERS_new_aspd,"""antisocial personality disorder"" OR ASPD",2009,91
PERS_new_aspd,"""antisocial personality disorder"" OR ASPD",2010,99
PERS_new_aspd,"""antisocial personality disorder"" OR ASPD",2011,89
PERS_new_aspd,"""antisocial personality disorder"" OR ASPD",2012,105
PERS_new_aspd,"""antisocial personality disorder"" OR ASPD",2013,117
PERS_new_aspd,"""antisocial personality disorder"" OR ASPD",2014,102
PERS_new_aspd,"""antisocial personality disorder"" OR ASPD",2015,102
PERS_new_aspd,"""antisocial personality disorder"" OR ASPD",2016,101
PERS_new_aspd,"""antisocial personality disorder"" OR ASPD",2017,91
PERS_new_aspd,"""antisocial personality disorder"" OR ASPD",2018,90
PERS_new_aspd,"""antisocial personality disorder"" OR ASPD",2019,91
PERS_new_aspd,"""antisocial personality disorder"" OR ASPD",2020,87
PERS_new_aspd,"""antisocial personality disorder"" OR ASPD",2021,95
PERS_new_aspd,"""antisocial personality disorder"" OR ASPD",2022,81
PERS_new_aspd,"""antisocial personality disorder"" OR ASPD",2023,70
PERS_new_aspd,"""antisocial personality disorder"" OR ASPD",2024,68
SUD_old_alcoholism,alcoholism OR alcoholic,1950,220
SUD_old_alcoholism,alcoholism OR alcoholic,1951,284
SUD_old_alcoholism,alcoholism OR alcoholic,1952,306
SUD_old_alcoholism,alcoholism OR alcoholic,1953,335
SUD_old_alcoholism,alcoholism OR alcoholic,1954,299
SUD_old_alcoholism,alcoholism OR alcoholic,1955,314
SUD_old_alcoholism,alcoholism OR alcoholic,1956,349
SUD_old_alcoholism,alcoholism OR alcoholic,1957,329
SUD_old_alcoholism,alcoholism OR alcoholic,1958,341
SUD_old_alcoholism,alcoholism OR alcoholic,1959,357
SUD_old_alcoholism,alcoholism OR alcoholic,1960,346
SUD_old_alcoholism,alcoholism OR alcoholic,1961,347
SUD_old_alcoholism,alcoholism OR alcoholic,1962,338
SUD_old_alcoholism,alcoholism OR alcoholic,1963,573
SUD_old_alcoholism,alcoholism OR alcoholic,1964,794
SUD_old_alcoholism,alcoholism OR alcoholic,1965,470
SUD_old_alcoholism,alcoholism OR alcoholic,1966,312
SUD_old_alcoholism,alcoholism OR alcoholic,1967,336
SUD_old_alcoholism,alcoholism OR alcoholic,1968,327
SUD_old_alcoholism,alcoholism OR alcoholic,1969,367
SUD_old_alcoholism,alcoholism OR alcoholic,1970,315
SUD_old_alcoholism,alcoholism OR alcoholic,1971,357
SUD_old_alcoholism,alcoholism OR alcoholic,1972,388
SUD_old_alcoholism,alcoholism OR alcoholic,1973,368
SUD_old_alcoholism,alcoholism OR alcoholic,1974,403
SUD_old_alcoholism,alcoholism OR alcoholic,1975,685
SUD_old_alcoholism,alcoholism OR alcoholic,1976,779
SUD_old_alcoholism,alcoholism OR alcoholic,1977,774
SUD_old_alcoholism,alcoholism OR alcoholic,1978,817
SUD_old_alcoholism,alcoholism OR alcoholic,1979,940
SUD_old_alcoholism,alcoholism OR alcoholic,1980,888
SUD_old_alcoholism,alcoholism OR alcoholic,1981,1005
SUD_old_alcoholism,alcoholism OR alcoholic,1982,936
SUD_old_alcoholism,alcoholism OR alcoholic,1983,1091
SUD_old_alcoholism,alcoholism OR alcoholic,1984,1139
SUD_old_alcoholism,alcoholism OR alcoholic,1985,1130
SUD_old_alcoholism,alcoholism OR alcoholic,1986,1190
SUD_old_alcoholism,alcoholism OR alcoholic,1987,1215
SUD_old_alcoholism,alcoholism OR alcoholic,1988,1278
SUD_old_alcoholism,alcoholism OR alcoholic,1989,1342
SUD_old_alcoholism,alcoholism OR alcoholic,1990,1353
SUD_old_alcoholism,alcoholism OR alcoholic,1991,1275
SUD_old_alcoholism,alcoholism OR alcoholic,1992,1083
SUD_old_alcoholism,alcoholism OR alcoholic,1993,1218
SUD_old_alcoholism,alcoholism OR alcoholic,1994,1238
SUD_old_alcoholism,alcoholism OR alcoholic,1995,1147
SUD_old_alcoholism,alcoholism OR alcoholic,1996,1195
SUD_old_alcoholism,alcoholism OR alcoholic,1997,1206
SUD_old_alcoholism,alcoholism OR alcoholic,1998,1140
SUD_old_alcoholism,alcoholism OR alcoholic,1999,1195
SUD_old_alcoholism,alcoholism OR alcoholic,2000,1254
SUD_old_alcoholism,alcoholism OR alcoholic,2001,1237
SUD_old_alcoholism,alcoholism OR alcoholic,2002,1238
SUD_old_alcoholism,alcoholism OR alcoholic,2003,1393
SUD_old_alcoholism,alcoholism OR alcoholic,2004,1388
SUD_old_alcoholism,alcoholism OR alcoholic,2005,1686
SUD_old_alcoholism,alcoholism OR alcoholic,2006,1716
SUD_old_alcoholism,alcoholism OR alcoholic,2007,1826
SUD_old_alcoholism,alcoholism OR alcoholic,2008,1944
SUD_old_alcoholism,alcoholism OR alcoholic,2009,1964
SUD_old_alcoholism,alcoholism OR alcoholic,2010,2035
SUD_old_alcoholism,alcoholism OR alcoholic,2011,2296
SUD_old_alcoholism,alcoholism OR alcoholic,2012,2497
SUD_old_alcoholism,alcoholism OR alcoholic,2013,2840
SUD_old_alcoholism,alcoholism OR alcoholic,2014,3144
SUD_old_alcoholism,alcoholism OR alcoholic,2015,3212
SUD_old_alcoholism,alcoholism OR alcoholic,2016,3424
SUD_old_alcoholism,alcoholism OR alcoholic,2017,3530
SUD_old_alcoholism,alcoholism OR alcoholic,2018,3748
SUD_old_alcoholism,alcoholism OR alcoholic,2019,4080
SUD_old_alcoholism,alcoholism OR alcoholic,2020,4728
SUD_old_alcoholism,alcoholism OR alcoholic,2021,5223
SUD_old_alcoholism,alcoholism OR alcoholic,2022,5560
SUD_old_alcoholism,alcoholism OR alcoholic,2023,5372
SUD_old_alcoholism,alcoholism OR alcoholic,2024,4700
SUD_new_aud,"""alcohol use disorder"" OR ""alcohol use disorders""",1990,6
SUD_new_aud,"""alcohol use disorder"" OR ""alcohol use disorders""",1991,9
SUD_new_aud,"""alcohol use disorder"" OR ""alcohol use disorders""",1992,7
SUD_new_aud,"""alcohol use disorder"" OR ""alcohol use disorders""",1993,9
SUD_new_aud,"""alcohol use disorder"" OR ""alcohol use disorders""",1994,15
SUD_new_aud,"""alcohol use disorder"" OR ""alcohol use disorders""",1995,24
SUD_new_aud,"""alcohol use disorder"" OR ""alcohol use disorders""",1996,33
SUD_new_aud,"""alcohol use disorder"" OR ""alcohol use disorders""",1997,56
SUD_new_aud,"""alcohol use disorder"" OR ""alcohol use disorders""",1998,55
SUD_new_aud,"""alcohol use disorder"" OR ""alcohol use disorders""",1999,56
SUD_new_aud,"""alcohol use disorder"" OR ""alcohol use disorders""",2000,91
SUD_new_aud,"""alcohol use disorder"" OR ""alcohol use disorders""",2001,76
SUD_new_aud,"""alcohol use disorder"" OR ""alcohol use disorders""",2002,89
SUD_new_aud,"""alcohol use disorder"" OR ""alcohol use disorders""",2003,112
SUD_new_aud,"""alcohol use disorder"" OR ""alcohol use disorders""",2004,131
SUD_new_aud,"""alcohol use disorder"" OR ""alcohol use disorders""",2005,183
SUD_new_aud,"""alcohol use disorder"" OR ""alcohol use disorders""",2006,204
SUD_new_aud,"""alcohol use disorder"" OR ""alcohol use disorders""",2007,238
SUD_new_aud,"""alcohol use disorder"" OR ""alcohol use disorders""",2008,273
SUD_new_aud,"""alcohol use disorder"" OR ""alcohol use disorders""",2009,291
SUD_new_aud,"""alcohol use disorder"" OR ""alcohol use disorders""",2010,368
SUD_new_aud,"""alcohol use disorder"" OR ""alcohol use disorders""",2011,451
SUD_new_aud,"""alcohol use disorder"" OR ""alcohol use disorders""",2012,503
SUD_new_aud,"""alcohol use disorder"" OR ""alcohol use disorders""",2013,608
SUD_new_aud,"""alcohol use disorder"" OR ""alcohol use disorders""",2014,701
SUD_new_aud,"""alcohol use disorder"" OR ""alcohol use disorders""",2015,828
SUD_new_aud,"""alcohol use disorder"" OR ""alcohol use disorders""",2016,981
SUD_new_aud,"""alcohol use disorder"" OR ""alcohol use disorders""",2017,1199
SUD_new_aud,"""alcohol use disorder"" OR ""alcohol use disorders""",2018,1299
SUD_new_aud,"""alcohol use disorder"" OR ""alcohol use disorders""",2019,1415
SUD_new_aud,"""alcohol use disorder"" OR ""alcohol use disorders""",2020,1664
SUD_new_aud,"""alcohol use disorder"" OR ""alcohol use disorders""",2021,1816
SUD_new_aud,"""alcohol use disorder"" OR ""alcohol use disorders""",2022,1804
SUD_new_aud,"""alcohol use disorder"" OR ""alcohol use disorders""",2023,1841
SUD_new_aud,"""alcohol use disorder"" OR ""alcohol use disorders""",2024,1948
SUD_old_addict,"""drug addict"" OR ""drug addicts"" OR ""drug addiction""",1950,13
SUD_old_addict,"""drug addict"" OR ""drug addicts"" OR ""drug addiction""",1951,34
SUD_old_addict,"""drug addict"" OR ""drug addicts"" OR ""drug addiction""",1952,66
SUD_old_addict,"""drug addict"" OR ""drug addicts"" OR ""drug addiction""",1953,49
SUD_old_addict,"""drug addict"" OR ""drug addicts"" OR ""drug addiction""",1954,40
SUD_old_addict,"""drug addict"" OR ""drug addicts"" OR ""drug addiction""",1955,61
SUD_old_addict,"""drug addict"" OR ""drug addicts"" OR ""drug addiction""",1956,42
SUD_old_addict,"""drug addict"" OR ""drug addicts"" OR ""drug addiction""",1957,36
SUD_old_addict,"""drug addict"" OR ""drug addicts"" OR ""drug addiction""",1958,43
SUD_old_addict,"""drug addict"" OR ""drug addicts"" OR ""drug addiction""",1959,41
SUD_old_addict,"""drug addict"" OR ""drug addicts"" OR ""drug addiction""",1960,37
SUD_old_addict,"""drug addict"" OR ""drug addicts"" OR ""drug addiction""",1961,38
SUD_old_addict,"""drug addict"" OR ""drug addicts"" OR ""drug addiction""",1962,51
SUD_old_addict,"""drug addict"" OR ""drug addicts"" OR ""drug addiction""",1963,130
SUD_old_addict,"""drug addict"" OR ""drug addicts"" OR ""drug addiction""",1964,180
SUD_old_addict,"""drug addict"" OR ""drug addicts"" OR ""drug addiction""",1965,114
SUD_old_addict,"""drug addict"" OR ""drug addicts"" OR ""drug addiction""",1966,38
SUD_old_addict,"""drug addict"" OR ""drug addicts"" OR ""drug addiction""",1967,31
SUD_old_addict,"""drug addict"" OR ""drug addicts"" OR ""drug addiction""",1968,42
SUD_old_addict,"""drug addict"" OR ""drug addicts"" OR ""drug addiction""",1969,54
SUD_old_addict,"""drug addict"" OR ""drug addicts"" OR ""drug addiction""",1970,68
SUD_old_addict,"""drug addict"" OR ""drug addicts"" OR ""drug addiction""",1971,87
SUD_old_addict,"""drug addict"" OR ""drug addicts"" OR ""drug addiction""",1972,99
SUD_old_addict,"""drug addict"" OR ""drug addicts"" OR ""drug addiction""",1973,116
SUD_old_addict,"""drug addict"" OR ""drug addicts"" OR ""drug addiction""",1974,67
SUD_old_addict,"""drug addict"" OR ""drug addicts"" OR ""drug addiction""",1975,92
SUD_old_addict,"""drug addict"" OR ""drug addicts"" OR ""drug addiction""",1976,74
SUD_old_addict,"""drug addict"" OR ""drug addicts"" OR ""drug addiction""",1977,61
SUD_old_addict,"""drug addict"" OR ""drug addicts"" OR ""drug addiction""",1978,76
SUD_old_addict,"""drug addict"" OR ""drug addicts"" OR ""drug addiction""",1979,71
SUD_old_addict,"""drug addict"" OR ""drug addicts"" OR ""drug addiction""",1980,88
SUD_old_addict,"""drug addict"" OR ""drug addicts"" OR ""drug addiction""",1981,78
SUD_old_addict,"""drug addict"" OR ""drug addicts"" OR ""drug addiction""",1982,103
SUD_old_addict,"""drug addict"" OR ""drug addicts"" OR ""drug addiction""",1983,122
SUD_old_addict,"""drug addict"" OR ""drug addicts"" OR ""drug addiction""",1984,125
SUD_old_addict,"""drug addict"" OR ""drug addicts"" OR ""drug addiction""",1985,110
SUD_old_addict,"""drug addict"" OR ""drug addicts"" OR ""drug addiction""",1986,148
SUD_old_addict,"""drug addict"" OR ""drug addicts"" OR ""drug addiction""",1987,157
SUD_old_addict,"""drug addict"" OR ""drug addicts"" OR ""drug addiction""",1988,188
SUD_old_addict,"""drug addict"" OR ""drug addicts"" OR ""drug addiction""",1989,192
SUD_old_addict,"""drug addict"" OR ""drug addicts"" OR ""drug addiction""",1990,202
SUD_old_addict,"""drug addict"" OR ""drug addicts"" OR ""drug addiction""",1991,205
SUD_old_addict,"""drug addict"" OR ""drug addicts"" OR ""drug addiction""",1992,199
SUD_old_addict,"""drug addict"" OR ""drug addicts"" OR ""drug addiction""",1993,215
SUD_old_addict,"""drug addict"" OR ""drug addicts"" OR ""drug addiction""",1994,176
SUD_old_addict,"""drug addict"" OR ""drug addicts"" OR ""drug addiction""",1995,182
SUD_old_addict,"""drug addict"" OR ""drug addicts"" OR ""drug addiction""",1996,161
SUD_old_addict,"""drug addict"" OR ""drug addicts"" OR ""drug addiction""",1997,163
SUD_old_addict,"""drug addict"" OR ""drug addicts"" OR ""drug addiction""",1998,159
SUD_old_addict,"""drug addict"" OR ""drug addicts"" OR ""drug addiction""",1999,190
SUD_old_addict,"""drug addict"" OR ""drug addicts"" OR ""drug addiction""",2000,202
SUD_old_addict,"""drug addict"" OR ""drug addicts"" OR ""drug addiction""",2001,162
SUD_old_addict,"""drug addict"" OR ""drug addicts"" OR ""drug addiction""",2002,189
SUD_old_addict,"""drug addict"" OR ""drug addicts"" OR ""drug addiction""",2003,216
SUD_old_addict,"""drug addict"" OR ""drug addicts"" OR ""drug addiction""",2004,247
SUD_old_addict,"""drug addict"" OR ""drug addicts"" OR ""drug addiction""",2005,252
SUD_old_addict,"""drug addict"" OR ""drug addicts"" OR ""drug addiction""",2006,255
SUD_old_addict,"""drug addict"" OR ""drug addicts"" OR ""drug addiction""",2007,267
SUD_old_addict,"""drug addict"" OR ""drug addicts"" OR ""drug addiction""",2008,338
SUD_old_addict,"""drug addict"" OR ""drug addicts"" OR ""drug addiction""",2009,326
SUD_old_addict,"""drug addict"" OR ""drug addicts"" OR ""drug addiction""",2010,391
SUD_old_addict,"""drug addict"" OR ""drug addicts"" OR ""drug addiction""",2011,443
SUD_old_addict,"""drug addict"" OR ""drug addicts"" OR ""drug addiction""",2012,426
SUD_old_addict,"""drug addict"" OR ""drug addicts"" OR ""drug addiction""",2013,496
SUD_old_addict,"""drug addict"" OR ""drug addicts"" OR ""drug addiction""",2014,488
SUD_old_addict,"""drug addict"" OR ""drug addicts"" OR ""drug addiction""",2015,462
SUD_old_addict,"""drug addict"" OR ""drug addicts"" OR ""drug addiction""",2016,441
SUD_old_addict,"""drug addict"" OR ""drug addicts"" OR ""drug addiction""",2017,442
SUD_old_addict,"""drug addict"" OR ""drug addicts"" OR ""drug addiction""",2018,427
SUD_old_addict,"""drug addict"" OR ""drug addicts"" OR ""drug addiction""",2019,426
SUD_old_addict,"""drug addict"" OR ""drug addicts"" OR ""drug addiction""",2020,391
SUD_old_addict,"""drug addict"" OR ""drug addicts"" OR ""drug addiction""",2021,426
SUD_old_addict,"""drug addict"" OR ""drug addicts"" OR ""drug addiction""",2022,386
SUD_old_addict,"""drug addict"" OR ""drug addicts"" OR ""drug addiction""",2023,357
SUD_old_addict,"""drug addict"" OR ""drug addicts"" OR ""drug addiction""",2024,321
SUD_new_sud,"""substance use disorder"" OR ""substance use disorders""",1990,13
SUD_new_sud,"""substance use disorder"" OR ""substance use disorders""",1991,31
SUD_new_sud,"""substance use disorder"" OR ""substance use disorders""",1992,33
SUD_new_sud,"""substance use disorder"" OR ""substance use disorders""",1993,56
SUD_new_sud,"""substance use disorder"" OR ""substance use disorders""",1994,55
SUD_new_sud,"""substance use disorder"" OR ""substance use disorders""",1995,77
SUD_new_sud,"""substance use disorder"" OR ""substance use disorders""",1996,88
SUD_new_sud,"""substance use disorder"" OR ""substance use disorders""",1997,122
SUD_new_sud,"""substance use disorder"" OR ""substance use disorders""",1998,132
SUD_new_sud,"""substance use disorder"" OR ""substance use disorders""",1999,126
SUD_new_sud,"""substance use disorder"" OR ""substance use disorders""",2000,165
SUD_new_sud,"""substance use disorder"" OR ""substance use disorders""",2001,160
SUD_new_sud,"""substance use disorder"" OR ""substance use disorders""",2002,191
SUD_new_sud,"""substance use disorder"" OR ""substance use disorders""",2003,169
SUD_new_sud,"""substance use disorder"" OR ""substance use disorders""",2004,242
SUD_new_sud,"""substance use disorder"" OR ""substance use disorders""",2005,288
SUD_new_sud,"""substance use disorder"" OR ""substance use disorders""",2006,401
SUD_new_sud,"""substance use disorder"" OR ""substance use disorders""",2007,402
SUD_new_sud,"""substance use disorder"" OR ""substance use disorders""",2008,467
SUD_new_sud,"""substance use disorder"" OR ""substance use disorders""",2009,473
SUD_new_sud,"""substance use disorder"" OR ""substance use disorders""",2010,522
SUD_new_sud,"""substance use disorder"" OR ""substance use disorders""",2011,676
SUD_new_sud,"""substance use disorder"" OR ""substance use disorders""",2012,757
SUD_new_sud,"""substance use disorder"" OR ""substance use disorders""",2013,857
SUD_new_sud,"""substance use disorder"" OR ""substance use disorders""",2014,1022
SUD_new_sud,"""substance use disorder"" OR ""substance use disorders""",2015,1121
SUD_new_sud,"""substance use disorder"" OR ""substance use disorders""",2016,1298
SUD_new_sud,"""substance use disorder"" OR ""substance use disorders""",2017,1527
SUD_new_sud,"""substance use disorder"" OR ""substance use disorders""",2018,1554
SUD_new_sud,"""substance use disorder"" OR ""substance use disorders""",2019,1823
SUD_new_sud,"""substance use disorder"" OR ""substance use disorders""",2020,2199
SUD_new_sud,"""substance use disorder"" OR ""substance use disorders""",2021,2600
SUD_new_sud,"""substance use disorder"" OR ""substance use disorders""",2022,2758
SUD_new_sud,"""substance use disorder"" OR ""substance use disorders""",2023,2708
SUD_new_sud,"""substance use disorder"" OR ""substance use disorders""",2024,2843
SUD_old_crack_baby,"""crack baby"" OR ""crack babies"" OR ""cocaine baby"" OR ""cocaine babies""",1980,0
SUD_old_crack_baby,"""crack baby"" OR ""crack babies"" OR ""cocaine baby"" OR ""cocaine babies""",1981,0
SUD_old_crack_baby,"""crack baby"" OR ""crack babies"" OR ""cocaine baby"" OR ""cocaine babies""",1982,0
SUD_old_crack_baby,"""crack baby"" OR ""crack babies"" OR ""cocaine baby"" OR ""cocaine babies""",1983,0
SUD_old_crack_baby,"""crack baby"" OR ""crack babies"" OR ""cocaine baby"" OR ""cocaine babies""",1984,0
SUD_old_crack_baby,"""crack baby"" OR ""crack babies"" OR ""cocaine baby"" OR ""cocaine babies""",1985,0
SUD_old_crack_baby,"""crack baby"" OR ""crack babies"" OR ""cocaine baby"" OR ""cocaine babies""",1986,1
SUD_old_crack_baby,"""crack baby"" OR ""crack babies"" OR ""cocaine baby"" OR ""cocaine babies""",1987,0
SUD_old_crack_baby,"""crack baby"" OR ""crack babies"" OR ""cocaine baby"" OR ""cocaine babies""",1988,0
SUD_old_crack_baby,"""crack baby"" OR ""crack babies"" OR ""cocaine baby"" OR ""cocaine babies""",1989,0
SUD_old_crack_baby,"""crack baby"" OR ""crack babies"" OR ""cocaine baby"" OR ""cocaine babies""",1990,5
SUD_old_crack_baby,"""crack baby"" OR ""crack babies"" OR ""cocaine baby"" OR ""cocaine babies""",1991,4
SUD_old_crack_baby,"""crack baby"" OR ""crack babies"" OR ""cocaine baby"" OR ""cocaine babies""",1992,1
SUD_old_crack_baby,"""crack baby"" OR ""crack babies"" OR ""cocaine baby"" OR ""cocaine babies""",1993,3
SUD_old_crack_baby,"""crack baby"" OR ""crack babies"" OR ""cocaine baby"" OR ""cocaine babies""",1994,4
SUD_old_crack_baby,"""crack baby"" OR ""crack babies"" OR ""cocaine baby"" OR ""cocaine babies""",1995,3
SUD_old_crack_baby,"""crack baby"" OR ""crack babies"" OR ""cocaine baby"" OR ""cocaine babies""",1996,2
SUD_old_crack_baby,"""crack baby"" OR ""crack babies"" OR ""cocaine baby"" OR ""cocaine babies""",1997,1
SUD_old_crack_baby,"""crack baby"" OR ""crack babies"" OR ""cocaine baby"" OR ""cocaine babies""",1998,4
SUD_old_crack_baby,"""crack baby"" OR ""crack babies"" OR ""cocaine baby"" OR ""cocaine babies""",1999,0
SUD_old_crack_baby,"""crack baby"" OR ""crack babies"" OR ""cocaine baby"" OR ""cocaine babies""",2000,1
SUD_old_crack_baby,"""crack baby"" OR ""crack babies"" OR ""cocaine baby"" OR ""cocaine babies""",2001,2
SUD_old_crack_baby,"""crack baby"" OR ""crack babies"" OR ""cocaine baby"" OR ""cocaine babies""",2002,1
SUD_old_crack_baby,"""crack baby"" OR ""crack babies"" OR ""cocaine baby"" OR ""cocaine babies""",2003,1
SUD_old_crack_baby,"""crack baby"" OR ""crack babies"" OR ""cocaine baby"" OR ""cocaine babies""",2004,0
SUD_old_crack_baby,"""crack baby"" OR ""crack babies"" OR ""cocaine baby"" OR ""cocaine babies""",2005,1
SUD_old_crack_baby,"""crack baby"" OR ""crack babies"" OR ""cocaine baby"" OR ""cocaine babies""",2006,1
SUD_old_crack_baby,"""crack baby"" OR ""crack babies"" OR ""cocaine baby"" OR ""cocaine babies""",2007,0
SUD_old_crack_baby,"""crack baby"" OR ""crack babies"" OR ""cocaine baby"" OR ""cocaine babies""",2008,0
SUD_old_crack_baby,"""crack baby"" OR ""crack babies"" OR ""cocaine baby"" OR ""cocaine babies""",2009,0
SUD_old_crack_baby,"""crack baby"" OR ""crack babies"" OR ""cocaine baby"" OR ""cocaine babies""",2010,2
SUD_old_crack_baby,"""crack baby"" OR ""crack babies"" OR ""cocaine baby"" OR ""cocaine babies""",2011,0
SUD_old_crack_baby,"""crack baby"" OR ""crack babies"" OR ""cocaine baby"" OR ""cocaine babies""",2012,0
SUD_old_crack_baby,"""crack baby"" OR ""crack babies"" OR ""cocaine baby"" OR ""cocaine babies""",2013,0
SUD_old_crack_baby,"""crack baby"" OR ""crack babies"" OR ""cocaine baby"" OR ""cocaine babies""",2014,0
SUD_old_crack_baby,"""crack baby"" OR ""crack babies"" OR ""cocaine baby"" OR ""cocaine babies""",2015,0
SUD_old_crack_baby,"""crack baby"" OR ""crack babies"" OR ""cocaine baby"" OR ""cocaine babies""",2016,0
SUD_old_crack_baby,"""crack baby"" OR ""crack babies"" OR ""cocaine baby"" OR ""cocaine babies""",2017,0
SUD_old_crack_baby,"""crack baby"" OR ""crack babies"" OR ""cocaine baby"" OR ""cocaine babies""",2018,1
SUD_old_crack_baby,"""crack baby"" OR ""crack babies"" OR ""cocaine baby"" OR ""cocaine babies""",2019,0
SUD_old_crack_baby,"""crack baby"" OR ""crack babies"" OR ""cocaine baby"" OR ""cocaine babies""",2020,0
SUD_old_crack_baby,"""crack baby"" OR ""crack babies"" OR ""cocaine baby"" OR ""cocaine babies""",2021,1
SUD_old_crack_baby,"""crack baby"" OR ""crack babies"" OR ""cocaine baby"" OR ""cocaine babies""",2022,0
SUD_old_crack_baby,"""crack baby"" OR ""crack babies"" OR ""cocaine baby"" OR ""cocaine babies""",2023,1
SUD_old_crack_baby,"""crack baby"" OR ""crack babies"" OR ""cocaine baby"" OR ""cocaine babies""",2024,1
SUD_new_nas,"""neonatal abstinence syndrome""",1950,0
SUD_new_nas,"""neonatal abstinence syndrome""",1951,0
SUD_new_nas,"""neonatal abstinence syndrome""",1952,0
SUD_new_nas,"""neonatal abstinence syndrome""",1953,0
SUD_new_nas,"""neonatal abstinence syndrome""",1954,0
SUD_new_nas,"""neonatal abstinence syndrome""",1955,0
SUD_new_nas,"""neonatal abstinence syndrome""",1956,0
SUD_new_nas,"""neonatal abstinence syndrome""",1957,0
SUD_new_nas,"""neonatal abstinence syndrome""",1958,0
SUD_new_nas,"""neonatal abstinence syndrome""",1959,0
SUD_new_nas,"""neonatal abstinence syndrome""",1960,0
SUD_new_nas,"""neonatal abstinence syndrome""",1961,0
SUD_new_nas,"""neonatal abstinence syndrome""",1962,0
SUD_new_nas,"""neonatal abstinence syndrome""",1963,0
SUD_new_nas,"""neonatal abstinence syndrome""",1964,0
SUD_new_nas,"""neonatal abstinence syndrome""",1965,0
SUD_new_nas,"""neonatal abstinence syndrome""",1966,0
SUD_new_nas,"""neonatal abstinence syndrome""",1967,0
SUD_new_nas,"""neonatal abstinence syndrome""",1968,0
SUD_new_nas,"""neonatal abstinence syndrome""",1969,0
SUD_new_nas,"""neonatal abstinence syndrome""",1970,0
SUD_new_nas,"""neonatal abstinence syndrome""",1971,0
SUD_new_nas,"""neonatal abstinence syndrome""",1972,0
SUD_new_nas,"""neonatal abstinence syndrome""",1973,0
SUD_new_nas,"""neonatal abstinence syndrome""",1974,0
SUD_new_nas,"""neonatal abstinence syndrome""",1975,2
SUD_new_nas,"""neonatal abstinence syndrome""",1976,0
SUD_new_nas,"""neonatal abstinence syndrome""",1977,0
SUD_new_nas,"""neonatal abstinence syndrome""",1978,1
SUD_new_nas,"""neonatal abstinence syndrome""",1979,1
SUD_new_nas,"""neonatal abstinence syndrome""",1980,0
SUD_new_nas,"""neonatal abstinence syndrome""",1981,1
SUD_new_nas,"""neonatal abstinence syndrome""",1982,1
SUD_new_nas,"""neonatal abstinence syndrome""",1983,2
SUD_new_nas,"""neonatal abstinence syndrome""",1984,0
SUD_new_nas,"""neonatal abstinence syndrome""",1985,1
SUD_new_nas,"""neonatal abstinence syndrome""",1986,2
SUD_new_nas,"""neonatal abstinence syndrome""",1987,1
SUD_new_nas,"""neonatal abstinence syndrome""",1988,2
SUD_new_nas,"""neonatal abstinence syndrome""",1989,3
SUD_new_nas,"""neonatal abstinence syndrome""",1990,3
SUD_new_nas,"""neonatal abstinence syndrome""",1991,3
SUD_new_nas,"""neonatal abstinence syndrome""",1992,1
SUD_new_nas,"""neonatal abstinence syndrome""",1993,5
SUD_new_nas,"""neonatal abstinence syndrome""",1994,5
SUD_new_nas,"""neonatal abstinence syndrome""",1995,2
SUD_new_nas,"""neonatal abstinence syndrome""",1996,2
SUD_new_nas,"""neonatal abstinence syndrome""",1997,4
SUD_new_nas,"""neonatal abstinence syndrome""",1998,4
SUD_new_nas,"""neonatal abstinence syndrome""",1999,7
SUD_new_nas,"""neonatal abstinence syndrome""",2000,6
SUD_new_nas,"""neonatal abstinence syndrome""",2001,8
SUD_new_nas,"""neonatal abstinence syndrome""",2002,6
SUD_new_nas,"""neonatal abstinence syndrome""",2003,6
SUD_new_nas,"""neonatal abstinence syndrome""",2004,7
SUD_new_nas,"""neonatal abstinence syndrome""",2005,15
SUD_new_nas,"""neonatal abstinence syndrome""",2006,11
SUD_new_nas,"""neonatal abstinence syndrome""",2007,17
SUD_new_nas,"""neonatal abstinence syndrome""",2008,28
SUD_new_nas,"""neonatal abstinence syndrome""",2009,21
SUD_new_nas,"""neonatal abstinence syndrome""",2010,38
SUD_new_nas,"""neonatal abstinence syndrome""",2011,34
SUD_new_nas,"""neonatal abstinence syndrome""",2012,46
SUD_new_nas,"""neonatal abstinence syndrome""",2013,52
SUD_new_nas,"""neonatal abstinence syndrome""",2014,61
SUD_new_nas,"""neonatal abstinence syndrome""",2015,85
SUD_new_nas,"""neonatal abstinence syndrome""",2016,85
SUD_new_nas,"""neonatal abstinence syndrome""",2017,120
SUD_new_nas,"""neonatal abstinence syndrome""",2018,131
SUD_new_nas,"""neonatal abstinence syndrome""",2019,181
SUD_new_nas,"""neonatal abstinence syndrome""",2020,152
SUD_new_nas,"""neonatal abstinence syndrome""",2021,154
SUD_new_nas,"""neonatal abstinence syndrome""",2022,105
SUD_new_nas,"""neonatal abstinence syndrome""",2023,92
SUD_new_nas,"""neonatal abstinence syndrome""",2024,91
GEN_old_transvestism,transvestism OR transsexualism OR transsexual,1950,0
GEN_old_transvestism,transvestism OR transsexualism OR transsexual,1951,1
GEN_old_transvestism,transvestism OR transsexualism OR transsexual,1952,0
GEN_old_transvestism,transvestism OR transsexualism OR transsexual,1953,3
GEN_old_transvestism,transvestism OR transsexualism OR transsexual,1954,7
GEN_old_transvestism,transvestism OR transsexualism OR transsexual,1955,2
GEN_old_transvestism,transvestism OR transsexualism OR transsexual,1956,7
GEN_old_transvestism,transvestism OR transsexualism OR transsexual,1957,7
GEN_old_transvestism,transvestism OR transsexualism OR transsexual,1958,4
GEN_old_transvestism,transvestism OR transsexualism OR transsexual,1959,8
GEN_old_transvestism,transvestism OR transsexualism OR transsexual,1960,10
GEN_old_transvestism,transvestism OR transsexualism OR transsexual,1961,5
GEN_old_transvestism,transvestism OR transsexualism OR transsexual,1962,3
GEN_old_transvestism,transvestism OR transsexualism OR transsexual,1963,10
GEN_old_transvestism,transvestism OR transsexualism OR transsexual,1964,21
GEN_old_transvestism,transvestism OR transsexualism OR transsexual,1965,17
GEN_old_transvestism,transvestism OR transsexualism OR transsexual,1966,4
GEN_old_transvestism,transvestism OR transsexualism OR transsexual,1967,15
GEN_old_transvestism,transvestism OR transsexualism OR transsexual,1968,16
GEN_old_transvestism,transvestism OR transsexualism OR transsexual,1969,22
GEN_old_transvestism,transvestism OR transsexualism OR transsexual,1970,20
GEN_old_transvestism,transvestism OR transsexualism OR transsexual,1971,20
GEN_old_transvestism,transvestism OR transsexualism OR transsexual,1972,14
GEN_old_transvestism,transvestism OR transsexualism OR transsexual,1973,22
GEN_old_transvestism,transvestism OR transsexualism OR transsexual,1974,26
GEN_old_transvestism,transvestism OR transsexualism OR transsexual,1975,20
GEN_old_transvestism,transvestism OR transsexualism OR transsexual,1976,31
GEN_old_transvestism,transvestism OR transsexualism OR transsexual,1977,42
GEN_old_transvestism,transvestism OR transsexualism OR transsexual,1978,43
GEN_old_transvestism,transvestism OR transsexualism OR transsexual,1979,37
GEN_old_transvestism,transvestism OR transsexualism OR transsexual,1980,36
GEN_old_transvestism,transvestism OR transsexualism OR transsexual,1981,34
GEN_old_transvestism,transvestism OR transsexualism OR transsexual,1982,31
GEN_old_transvestism,transvestism OR transsexualism OR transsexual,1983,19
GEN_old_transvestism,transvestism OR transsexualism OR transsexual,1984,29
GEN_old_transvestism,transvestism OR transsexualism OR transsexual,1985,20
GEN_old_transvestism,transvestism OR transsexualism OR transsexual,1986,30
GEN_old_transvestism,transvestism OR transsexualism OR transsexual,1987,16
GEN_old_transvestism,transvestism OR transsexualism OR transsexual,1988,21
GEN_old_transvestism,transvestism OR transsexualism OR transsexual,1989,23
GEN_old_transvestism,transvestism OR transsexualism OR transsexual,1990,33
GEN_old_transvestism,transvestism OR transsexualism OR transsexual,1991,21
GEN_old_transvestism,transvestism OR transsexualism OR transsexual,1992,29
GEN_old_transvestism,transvestism OR transsexualism OR transsexual,1993,34
GEN_old_transvestism,transvestism OR transsexualism OR transsexual,1994,27
GEN_old_transvestism,transvestism OR transsexualism OR transsexual,1995,34
GEN_old_transvestism,transvestism OR transsexualism OR transsexual,1996,38
GEN_old_transvestism,transvestism OR transsexualism OR transsexual,1997,32
GEN_old_transvestism,transvestism OR transsexualism OR transsexual,1998,31
GEN_old_transvestism,transvestism OR transsexualism OR transsexual,1999,35
GEN_old_transvestism,transvestism OR transsexualism OR transsexual,2000,38
GEN_old_transvestism,transvestism OR transsexualism OR transsexual,2001,32
GEN_old_transvestism,transvestism OR transsexualism OR transsexual,2002,22
GEN_old_transvestism,transvestism OR transsexualism OR transsexual,2003,36
GEN_old_transvestism,transvestism OR transsexualism OR transsexual,2004,29
GEN_old_transvestism,transvestism OR transsexualism OR transsexual,2005,33
GEN_old_transvestism,transvestism OR transsexualism OR transsexual,2006,40
GEN_old_transvestism,transvestism OR transsexualism OR transsexual,2007,49
GEN_old_transvestism,transvestism OR transsexualism OR transsexual,2008,61
GEN_old_transvestism,transvestism OR transsexualism OR transsexual,2009,72
GEN_old_transvestism,transvestism OR transsexualism OR transsexual,2010,53
GEN_old_transvestism,transvestism OR transsexualism OR transsexual,2011,52
GEN_old_transvestism,transvestism OR transsexualism OR transsexual,2012,62
GEN_old_transvestism,transvestism OR transsexualism OR transsexual,2013,87
GEN_old_transvestism,transvestism OR transsexualism OR transsexual,2014,117
GEN_old_transvestism,transvestism OR transsexualism OR transsexual,2015,100
GEN_old_transvestism,transvestism OR transsexualism OR transsexual,2016,105
GEN_old_transvestism,transvestism OR transsexualism OR transsexual,2017,96
GEN_old_transvestism,transvestism OR transsexualism OR transsexual,2018,77
GEN_old_transvestism,transvestism OR transsexualism OR transsexual,2019,57
GEN_old_transvestism,transvestism OR transsexualism OR transsexual,2020,72
GEN_old_transvestism,transvestism OR transsexualism OR transsexual,2021,65
GEN_old_transvestism,transvestism OR transsexualism OR transsexual,2022,40
GEN_old_transvestism,transvestism OR transsexualism OR transsexual,2023,36
GEN_old_transvestism,transvestism OR transsexualism OR transsexual,2024,42
GEN_new_dysphoria,"""gender dysphoria"" OR ""gender identity disorder""",1970,0
GEN_new_dysphoria,"""gender dysphoria"" OR ""gender identity disorder""",1971,0
GEN_new_dysphoria,"""gender dysphoria"" OR ""gender identity disorder""",1972,0
GEN_new_dysphoria,"""gender dysphoria"" OR ""gender identity disorder""",1973,0
GEN_new_dysphoria,"""gender dysphoria"" OR ""gender identity disorder""",1974,3
GEN_new_dysphoria,"""gender dysphoria"" OR ""gender identity disorder""",1975,0
GEN_new_dysphoria,"""gender dysphoria"" OR ""gender identity disorder""",1976,1
GEN_new_dysphoria,"""gender dysphoria"" OR ""gender identity disorder""",1977,4
GEN_new_dysphoria,"""gender dysphoria"" OR ""gender identity disorder""",1978,4
GEN_new_dysphoria,"""gender dysphoria"" OR ""gender identity disorder""",1979,2
GEN_new_dysphoria,"""gender dysphoria"" OR ""gender identity disorder""",1980,5
GEN_new_dysphoria,"""gender dysphoria"" OR ""gender identity disorder""",1981,4
GEN_new_dysphoria,"""gender dysphoria"" OR ""gender identity disorder""",1982,3
GEN_new_dysphoria,"""gender dysphoria"" OR ""gender identity disorder""",1983,4
GEN_new_dysphoria,"""gender dysphoria"" OR ""gender identity disorder""",1984,4
GEN_new_dysphoria,"""gender dysphoria"" OR ""gender identity disorder""",1985,4
GEN_new_dysphoria,"""gender dysphoria"" OR ""gender identity disorder""",1986,3
GEN_new_dysphoria,"""gender dysphoria"" OR ""gender identity disorder""",1987,5
GEN_new_dysphoria,"""gender dysphoria"" OR ""gender identity disorder""",1988,4
GEN_new_dysphoria,"""gender dysphoria"" OR ""gender identity disorder""",1989,6
GEN_new_dysphoria,"""gender dysphoria"" OR ""gender identity disorder""",1990,8
GEN_new_dysphoria,"""gender dysphoria"" OR ""gender identity disorder""",1991,6
GEN_new_dysphoria,"""gender dysphoria"" OR ""gender identity disorder""",1992,7
GEN_new_dysphoria,"""gender dysphoria"" OR ""gender identity disorder""",1993,9
GEN_new_dysphoria,"""gender dysphoria"" OR ""gender identity disorder""",1994,8
GEN_new_dysphoria,"""gender dysphoria"" OR ""gender identity disorder""",1995,9
GEN_new_dysphoria,"""gender dysphoria"" OR ""gender identity disorder""",1996,10
GEN_new_dysphoria,"""gender dysphoria"" OR ""gender identity disorder""",1997,9
GEN_new_dysphoria,"""gender dysphoria"" OR ""gender identity disorder""",1998,9
GEN_new_dysphoria,"""gender dysphoria"" OR ""gender identity disorder""",1999,15
GEN_new_dysphoria,"""gender dysphoria"" OR ""gender identity disorder""",2000,14
GEN_new_dysphoria,"""gender dysphoria"" OR ""gender identity disorder""",2001,8
GEN_new_dysphoria,"""gender dysphoria"" OR ""gender identity disorder""",2002,7
GEN_new_dysphoria,"""gender dysphoria"" OR ""gender identity disorder""",2003,15
GEN_new_dysphoria,"""gender dysphoria"" OR ""gender identity disorder""",2004,11
GEN_new_dysphoria,"""gender dysphoria"" OR ""gender identity disorder""",2005,19
GEN_new_dysphoria,"""gender dysphoria"" OR ""gender identity disorder""",2006,18
GEN_new_dysphoria,"""gender dysphoria"" OR ""gender identity disorder""",2007,26
GEN_new_dysphoria,"""gender dysphoria"" OR ""gender identity disorder""",2008,29
GEN_new_dysphoria,"""gender dysphoria"" OR ""gender identity disorder""",2009,34
GEN_new_dysphoria,"""gender dysphoria"" OR ""gender identity disorder""",2010,39
GEN_new_dysphoria,"""gender dysphoria"" OR ""gender identity disorder""",2011,46
GEN_new_dysphoria,"""gender dysphoria"" OR ""gender identity disorder""",2012,63
GEN_new_dysphoria,"""gender dysphoria"" OR ""gender identity disorder""",2013,72
GEN_new_dysphoria,"""gender dysphoria"" OR ""gender identity disorder""",2014,109
GEN_new_dysphoria,"""gender dysphoria"" OR ""gender identity disorder""",2015,111
GEN_new_dysphoria,"""gender dysphoria"" OR ""gender identity disorder""",2016,173
GEN_new_dysphoria,"""gender dysphoria"" OR ""gender identity disorder""",2017,164
GEN_new_dysphoria,"""gender dysphoria"" OR ""gender identity disorder""",2018,195
GEN_new_dysphoria,"""gender dysphoria"" OR ""gender identity disorder""",2019,227
GEN_new_dysphoria,"""gender dysphoria"" OR ""gender identity disorder""",2020,245
GEN_new_dysphoria,"""gender dysphoria"" OR ""gender identity disorder""",2021,343
GEN_new_dysphoria,"""gender dysphoria"" OR ""gender identity disorder""",2022,282
GEN_new_dysphoria,"""gender dysphoria"" OR ""gender identity disorder""",2023,344
GEN_new_dysphoria,"""gender dysphoria"" OR ""gender identity disorder""",2024,358
GEN_old_hermaphrodite,hermaphrodite OR hermaphroditism OR hermaphroditic,1950,34
GEN_old_hermaphrodite,hermaphrodite OR hermaphroditism OR hermaphroditic,1951,46
GEN_old_hermaphrodite,hermaphrodite OR hermaphroditism OR hermaphroditic,1952,46
GEN_old_hermaphrodite,hermaphrodite OR hermaphroditism OR hermaphroditic,1953,55
GEN_old_hermaphrodite,hermaphrodite OR hermaphroditism OR hermaphroditic,1954,56
GEN_old_hermaphrodite,hermaphrodite OR hermaphroditism OR hermaphroditic,1955,60
GEN_old_hermaphrodite,hermaphrodite OR hermaphroditism OR hermaphroditic,1956,53
GEN_old_hermaphrodite,hermaphrodite OR hermaphroditism OR hermaphroditic,1957,72
GEN_old_hermaphrodite,hermaphrodite OR hermaphroditism OR hermaphroditic,1958,88
GEN_old_hermaphrodite,hermaphrodite OR hermaphroditism OR hermaphroditic,1959,82
GEN_old_hermaphrodite,hermaphrodite OR hermaphroditism OR hermaphroditic,1960,80
GEN_old_hermaphrodite,hermaphrodite OR hermaphroditism OR hermaphroditic,1961,83
GEN_old_hermaphrodite,hermaphrodite OR hermaphroditism OR hermaphroditic,1962,97
GEN_old_hermaphrodite,hermaphrodite OR hermaphroditism OR hermaphroditic,1963,118
GEN_old_hermaphrodite,hermaphrodite OR hermaphroditism OR hermaphroditic,1964,135
GEN_old_hermaphrodite,hermaphrodite OR hermaphroditism OR hermaphroditic,1965,102
GEN_old_hermaphrodite,hermaphrodite OR hermaphroditism OR hermaphroditic,1966,21
GEN_old_hermaphrodite,hermaphrodite OR hermaphroditism OR hermaphroditic,1967,24
GEN_old_hermaphrodite,hermaphrodite OR hermaphroditism OR hermaphroditic,1968,22
GEN_old_hermaphrodite,hermaphrodite OR hermaphroditism OR hermaphroditic,1969,29
GEN_old_hermaphrodite,hermaphrodite OR hermaphroditism OR hermaphroditic,1970,35
GEN_old_hermaphrodite,hermaphrodite OR hermaphroditism OR hermaphroditic,1971,23
GEN_old_hermaphrodite,hermaphrodite OR hermaphroditism OR hermaphroditic,1972,19
GEN_old_hermaphrodite,hermaphrodite OR hermaphroditism OR hermaphroditic,1973,21
GEN_old_hermaphrodite,hermaphrodite OR hermaphroditism OR hermaphroditic,1974,22
GEN_old_hermaphrodite,hermaphrodite OR hermaphroditism OR hermaphroditic,1975,22
GEN_old_hermaphrodite,hermaphrodite OR hermaphroditism OR hermaphroditic,1976,36
GEN_old_hermaphrodite,hermaphrodite OR hermaphroditism OR hermaphroditic,1977,18
GEN_old_hermaphrodite,hermaphrodite OR hermaphroditism OR hermaphroditic,1978,24
GEN_old_hermaphrodite,hermaphrodite OR hermaphroditism OR hermaphroditic,1979,30
GEN_old_hermaphrodite,hermaphrodite OR hermaphroditism OR hermaphroditic,1980,23
GEN_old_hermaphrodite,hermaphrodite OR hermaphroditism OR hermaphroditic,1981,27
GEN_old_hermaphrodite,hermaphrodite OR hermaphroditism OR hermaphroditic,1982,29
GEN_old_hermaphrodite,hermaphrodite OR hermaphroditism OR hermaphroditic,1983,27
GEN_old_hermaphrodite,hermaphrodite OR hermaphroditism OR hermaphroditic,1984,30
GEN_old_hermaphrodite,hermaphrodite OR hermaphroditism OR hermaphroditic,1985,29
GEN_old_hermaphrodite,hermaphrodite OR hermaphroditism OR hermaphroditic,1986,35
GEN_old_hermaphrodite,hermaphrodite OR hermaphroditism OR hermaphroditic,1987,47
GEN_old_hermaphrodite,hermaphrodite OR hermaphroditism OR hermaphroditic,1988,32
GEN_old_hermaphrodite,hermaphrodite OR hermaphroditism OR hermaphroditic,1989,31
GEN_old_hermaphrodite,hermaphrodite OR hermaphroditism OR hermaphroditic,1990,48
GEN_old_hermaphrodite,hermaphrodite OR hermaphroditism OR hermaphroditic,1991,37
GEN_old_hermaphrodite,hermaphrodite OR hermaphroditism OR hermaphroditic,1992,47
GEN_old_hermaphrodite,hermaphrodite OR hermaphroditism OR hermaphroditic,1993,34
GEN_old_hermaphrodite,hermaphrodite OR hermaphroditism OR hermaphroditic,1994,50
GEN_old_hermaphrodite,hermaphrodite OR hermaphroditism OR hermaphroditic,1995,47
GEN_old_hermaphrodite,hermaphrodite OR hermaphroditism OR hermaphroditic,1996,64
GEN_old_hermaphrodite,hermaphrodite OR hermaphroditism OR hermaphroditic,1997,66
GEN_old_hermaphrodite,hermaphrodite OR hermaphroditism OR hermaphroditic,1998,67
GEN_old_hermaphrodite,hermaphrodite OR hermaphroditism OR hermaphroditic,1999,63
GEN_old_hermaphrodite,hermaphrodite OR hermaphroditism OR hermaphroditic,2000,79
GEN_old_hermaphrodite,hermaphrodite OR hermaphroditism OR hermaphroditic,2001,78
GEN_old_hermaphrodite,hermaphrodite OR hermaphroditism OR hermaphroditic,2002,70
GEN_old_hermaphrodite,hermaphrodite OR hermaphroditism OR hermaphroditic,2003,95
GEN_old_hermaphrodite,hermaphrodite OR hermaphroditism OR hermaphroditic,2004,111
GEN_old_hermaphrodite,hermaphrodite OR hermaphroditism OR hermaphroditic,2005,130
GEN_old_hermaphrodite,hermaphrodite OR hermaphroditism OR hermaphroditic,2006,138
GEN_old_hermaphrodite,hermaphrodite OR hermaphroditism OR hermaphroditic,2007,130
GEN_old_hermaphrodite,hermaphrodite OR hermaphroditism OR hermaphroditic,2008,130
GEN_old_hermaphrodite,hermaphrodite OR hermaphroditism OR hermaphroditic,2009,139
GEN_old_hermaphrodite,hermaphrodite OR hermaphroditism OR hermaphroditic,2010,130
GEN_old_hermaphrodite,hermaphrodite OR hermaphroditism OR hermaphroditic,2011,144
GEN_old_hermaphrodite,hermaphrodite OR hermaphroditism OR hermaphroditic,2012,155
GEN_old_hermaphrodite,hermaphrodite OR hermaphroditism OR hermaphroditic,2013,157
GEN_old_hermaphrodite,hermaphrodite OR hermaphroditism OR hermaphroditic,2014,177
GEN_old_hermaphrodite,hermaphrodite OR hermaphroditism OR hermaphroditic,2015,144
GEN_old_hermaphrodite,hermaphrodite OR hermaphroditism OR hermaphroditic,2016,157
GEN_old_hermaphrodite,hermaphrodite OR hermaphroditism OR hermaphroditic,2017,189
GEN_old_hermaphrodite,hermaphrodite OR hermaphroditism OR hermaphroditic,2018,172
GEN_old_hermaphrodite,hermaphrodite OR hermaphroditism OR hermaphroditic,2019,142
GEN_old_hermaphrodite,hermaphrodite OR hermaphroditism OR hermaphroditic,2020,160
GEN_old_hermaphrodite,hermaphrodite OR hermaphroditism OR hermaphroditic,2021,155
GEN_old_hermaphrodite,hermaphrodite OR hermaphroditism OR hermaphroditic,2022,160
GEN_old_hermaphrodite,hermaphrodite OR hermaphroditism OR hermaphroditic,2023,156
GEN_old_hermaphrodite,hermaphrodite OR hermaphroditism OR hermaphroditic,2024,155
GEN_new_dsd_intersex,"""disorder of sex development"" OR ""disorders of sex development"" OR intersex",1990,10
GEN_new_dsd_intersex,"""disorder of sex development"" OR ""disorders of sex development"" OR intersex",1991,18
GEN_new_dsd_intersex,"""disorder of sex development"" OR ""disorders of sex development"" OR intersex",1992,22
GEN_new_dsd_intersex,"""disorder of sex development"" OR ""disorders of sex development"" OR intersex",1993,26
GEN_new_dsd_intersex,"""disorder of sex development"" OR ""disorders of sex development"" OR intersex",1994,16
GEN_new_dsd_intersex,"""disorder of sex development"" OR ""disorders of sex development"" OR intersex",1995,13
GEN_new_dsd_intersex,"""disorder of sex development"" OR ""disorders of sex development"" OR intersex",1996,24
GEN_new_dsd_intersex,"""disorder of sex development"" OR ""disorders of sex development"" OR intersex",1997,21
GEN_new_dsd_intersex,"""disorder of sex development"" OR ""disorders of sex development"" OR intersex",1998,33
GEN_new_dsd_intersex,"""disorder of sex development"" OR ""disorders of sex development"" OR intersex",1999,26
GEN_new_dsd_intersex,"""disorder of sex development"" OR ""disorders of sex development"" OR intersex",2000,37
GEN_new_dsd_intersex,"""disorder of sex development"" OR ""disorders of sex development"" OR intersex",2001,41
GEN_new_dsd_intersex,"""disorder of sex development"" OR ""disorders of sex development"" OR intersex",2002,53
GEN_new_dsd_intersex,"""disorder of sex development"" OR ""disorders of sex development"" OR intersex",2003,47
GEN_new_dsd_intersex,"""disorder of sex development"" OR ""disorders of sex development"" OR intersex",2004,76
GEN_new_dsd_intersex,"""disorder of sex development"" OR ""disorders of sex development"" OR intersex",2005,76
GEN_new_dsd_intersex,"""disorder of sex development"" OR ""disorders of sex development"" OR intersex",2006,77
GEN_new_dsd_intersex,"""disorder of sex development"" OR ""disorders of sex development"" OR intersex",2007,90
GEN_new_dsd_intersex,"""disorder of sex development"" OR ""disorders of sex development"" OR intersex",2008,99
GEN_new_dsd_intersex,"""disorder of sex development"" OR ""disorders of sex development"" OR intersex",2009,82
GEN_new_dsd_intersex,"""disorder of sex development"" OR ""disorders of sex development"" OR intersex",2010,135
GEN_new_dsd_intersex,"""disorder of sex development"" OR ""disorders of sex development"" OR intersex",2011,144
GEN_new_dsd_intersex,"""disorder of sex development"" OR ""disorders of sex development"" OR intersex",2012,183
GEN_new_dsd_intersex,"""disorder of sex development"" OR ""disorders of sex development"" OR intersex",2013,156
GEN_new_dsd_intersex,"""disorder of sex development"" OR ""disorders of sex development"" OR intersex",2014,195
GEN_new_dsd_intersex,"""disorder of sex development"" OR ""disorders of sex development"" OR intersex",2015,197
GEN_new_dsd_intersex,"""disorder of sex development"" OR ""disorders of sex development"" OR intersex",2016,221
GEN_new_dsd_intersex,"""disorder of sex development"" OR ""disorders of sex development"" OR intersex",2017,251
GEN_new_dsd_intersex,"""disorder of sex development"" OR ""disorders of sex development"" OR intersex",2018,262
GEN_new_dsd_intersex,"""disorder of sex development"" OR ""disorders of sex development"" OR intersex",2019,292
GEN_new_dsd_intersex,"""disorder of sex development"" OR ""disorders of sex development"" OR intersex",2020,293
GEN_new_dsd_intersex,"""disorder of sex development"" OR ""disorders of sex development"" OR intersex",2021,321
GEN_new_dsd_intersex,"""disorder of sex development"" OR ""disorders of sex development"" OR intersex",2022,345
GEN_new_dsd_intersex,"""disorder of sex development"" OR ""disorders of sex development"" OR intersex",2023,347
GEN_new_dsd_intersex,"""disorder of sex development"" OR ""disorders of sex development"" OR intersex",2024,332
SEX_old_frigidity,frigidity OR frigid,1950,8
SEX_old_frigidity,frigidity OR frigid,1951,7
SEX_old_frigidity,frigidity OR frigid,1952,7
SEX_old_frigidity,frigidity OR frigid,1953,10
SEX_old_frigidity,frigidity OR frigid,1954,6
SEX_old_frigidity,frigidity OR frigid,1955,7
SEX_old_frigidity,frigidity OR frigid,1956,6
SEX_old_frigidity,frigidity OR frigid,1957,8
SEX_old_frigidity,frigidity OR frigid,1958,6
SEX_old_frigidity,frigidity OR frigid,1959,10
SEX_old_frigidity,frigidity OR frigid,1960,3
SEX_old_frigidity,frigidity OR frigid,1961,5
SEX_old_frigidity,frigidity OR frigid,1962,3
SEX_old_frigidity,frigidity OR frigid,1963,8
SEX_old_frigidity,frigidity OR frigid,1964,15
SEX_old_frigidity,frigidity OR frigid,1965,2
SEX_old_frigidity,frigidity OR frigid,1966,7
SEX_old_frigidity,frigidity OR frigid,1967,8
SEX_old_frigidity,frigidity OR frigid,1968,7
SEX_old_frigidity,frigidity OR frigid,1969,6
SEX_old_frigidity,frigidity OR frigid,1970,13
SEX_old_frigidity,frigidity OR frigid,1971,5
SEX_old_frigidity,frigidity OR frigid,1972,6
SEX_old_frigidity,frigidity OR frigid,1973,6
SEX_old_frigidity,frigidity OR frigid,1974,10
SEX_old_frigidity,frigidity OR frigid,1975,6
SEX_old_frigidity,frigidity OR frigid,1976,18
SEX_old_frigidity,frigidity OR frigid,1977,9
SEX_old_frigidity,frigidity OR frigid,1978,4
SEX_old_frigidity,frigidity OR frigid,1979,4
SEX_old_frigidity,frigidity OR frigid,1980,4
SEX_old_frigidity,frigidity OR frigid,1981,3
SEX_old_frigidity,frigidity OR frigid,1982,9
SEX_old_frigidity,frigidity OR frigid,1983,4
SEX_old_frigidity,frigidity OR frigid,1984,3
SEX_old_frigidity,frigidity OR frigid,1985,4
SEX_old_frigidity,frigidity OR frigid,1986,5
SEX_old_frigidity,frigidity OR frigid,1987,6
SEX_old_frigidity,frigidity OR frigid,1988,6
SEX_old_frigidity,frigidity OR frigid,1989,5
SEX_old_frigidity,frigidity OR frigid,1990,2
SEX_old_frigidity,frigidity OR frigid,1991,4
SEX_old_frigidity,frigidity OR frigid,1992,2
SEX_old_frigidity,frigidity OR frigid,1993,1
SEX_old_frigidity,frigidity OR frigid,1994,6
SEX_old_frigidity,frigidity OR frigid,1995,1
SEX_old_frigidity,frigidity OR frigid,1996,5
SEX_old_frigidity,frigidity OR frigid,1997,3
SEX_old_frigidity,frigidity OR frigid,1998,4
SEX_old_frigidity,frigidity OR frigid,1999,2
SEX_old_frigidity,frigidity OR frigid,2000,4
SEX_old_frigidity,frigidity OR frigid,2001,4
SEX_old_frigidity,frigidity OR frigid,2002,4
SEX_old_frigidity,frigidity OR frigid,2003,5
SEX_old_frigidity,frigidity OR frigid,2004,4
SEX_old_frigidity,frigidity OR frigid,2005,8
SEX_old_frigidity,frigidity OR frigid,2006,6
SEX_old_frigidity,frigidity OR frigid,2007,9
SEX_old_frigidity,frigidity OR frigid,2008,9
SEX_old_frigidity,frigidity OR frigid,2009,6
SEX_old_frigidity,frigidity OR frigid,2010,7
SEX_old_frigidity,frigidity OR frigid,2011,7
SEX_old_frigidity,frigidity OR frigid,2012,5
SEX_old_frigidity,frigidity OR frigid,2013,4
SEX_old_frigidity,frigidity OR frigid,2014,2
SEX_old_frigidity,frigidity OR frigid,2015,3
SEX_old_frigidity,frigidity OR frigid,2016,8
SEX_old_frigidity,frigidity OR frigid,2017,10
SEX_old_frigidity,frigidity OR frigid,2018,9
SEX_old_frigidity,frigidity OR frigid,2019,9
SEX_old_frigidity,frigidity OR frigid,2020,15
SEX_old_frigidity,frigidity OR frigid,2021,17
SEX_old_frigidity,frigidity OR frigid,2022,26
SEX_old_frigidity,frigidity OR frigid,2023,24
SEX_old_frigidity,frigidity OR frigid,2024,27
SEX_old_impotence,impotence OR impotent,1950,7
SEX_old_impotence,impotence OR impotent,1951,11
SEX_old_impotence,impotence OR impotent,1952,15
SEX_old_impotence,impotence OR impotent,1953,18
SEX_old_impotence,impotence OR impotent,1954,15
SEX_old_impotence,impotence OR impotent,1955,12
SEX_old_impotence,impotence OR impotent,1956,15
SEX_old_impotence,impotence OR impotent,1957,11
SEX_old_impotence,impotence OR impotent,1958,10
SEX_old_impotence,impotence OR impotent,1959,14
SEX_old_impotence,impotence OR impotent,1960,13
SEX_old_impotence,impotence OR impotent,1961,11
SEX_old_impotence,impotence OR impotent,1962,14
SEX_old_impotence,impotence OR impotent,1963,40
SEX_old_impotence,impotence OR impotent,1964,50
SEX_old_impotence,impotence OR impotent,1965,25
SEX_old_impotence,impotence OR impotent,1966,11
SEX_old_impotence,impotence OR impotent,1967,9
SEX_old_impotence,impotence OR impotent,1968,14
SEX_old_impotence,impotence OR impotent,1969,8
SEX_old_impotence,impotence OR impotent,1970,29
SEX_old_impotence,impotence OR impotent,1971,28
SEX_old_impotence,impotence OR impotent,1972,31
SEX_old_impotence,impotence OR impotent,1973,33
SEX_old_impotence,impotence OR impotent,1974,30
SEX_old_impotence,impotence OR impotent,1975,76
SEX_old_impotence,impotence OR impotent,1976,93
SEX_old_impotence,impotence OR impotent,1977,75
SEX_old_impotence,impotence OR impotent,1978,89
SEX_old_impotence,impotence OR impotent,1979,91
SEX_old_impotence,impotence OR impotent,1980,142
SEX_old_impotence,impotence OR impotent,1981,112
SEX_old_impotence,impotence OR impotent,1982,118
SEX_old_impotence,impotence OR impotent,1983,162
SEX_old_impotence,impotence OR impotent,1984,138
SEX_old_impotence,impotence OR impotent,1985,139
SEX_old_impotence,impotence OR impotent,1986,164
SEX_old_impotence,impotence OR impotent,1987,178
SEX_old_impotence,impotence OR impotent,1988,252
SEX_old_impotence,impotence OR impotent,1989,239
SEX_old_impotence,impotence OR impotent,1990,216
SEX_old_impotence,impotence OR impotent,1991,206
SEX_old_impotence,impotence OR impotent,1992,210
SEX_old_impotence,impotence OR impotent,1993,236
SEX_old_impotence,impotence OR impotent,1994,199
SEX_old_impotence,impotence OR impotent,1995,186
SEX_old_impotence,impotence OR impotent,1996,214
SEX_old_impotence,impotence OR impotent,1997,205
SEX_old_impotence,impotence OR impotent,1998,195
SEX_old_impotence,impotence OR impotent,1999,182
SEX_old_impotence,impotence OR impotent,2000,166
SEX_old_impotence,impotence OR impotent,2001,156
SEX_old_impotence,impotence OR impotent,2002,125
SEX_old_impotence,impotence OR impotent,2003,118
SEX_old_impotence,impotence OR impotent,2004,135
SEX_old_impotence,impotence OR impotent,2005,111
SEX_old_impotence,impotence OR impotent,2006,114
SEX_old_impotence,impotence OR impotent,2007,112
SEX_old_impotence,impotence OR impotent,2008,78
SEX_old_impotence,impotence OR impotent,2009,83
SEX_old_impotence,impotence OR impotent,2010,97
SEX_old_impotence,impotence OR impotent,2011,82
SEX_old_impotence,impotence OR impotent,2012,83
SEX_old_impotence,impotence OR impotent,2013,92
SEX_old_impotence,impotence OR impotent,2014,69
SEX_old_impotence,impotence OR impotent,2015,95
SEX_old_impotence,impotence OR impotent,2016,80
SEX_old_impotence,impotence OR impotent,2017,85
SEX_old_impotence,impotence OR impotent,2018,82
SEX_old_impotence,impotence OR impotent,2019,87
SEX_old_impotence,impotence OR impotent,2020,101
SEX_old_impotence,impotence OR impotent,2021,101
SEX_old_impotence,impotence OR impotent,2022,81
SEX_old_impotence,impotence OR impotent,2023,98
SEX_old_impotence,impotence OR impotent,2024,91
SEX_new_ed,"""erectile dysfunction""",1970,0
SEX_new_ed,"""erectile dysfunction""",1971,0
SEX_new_ed,"""erectile dysfunction""",1972,0
SEX_new_ed,"""erectile dysfunction""",1973,0
SEX_new_ed,"""erectile dysfunction""",1974,0
SEX_new_ed,"""erectile dysfunction""",1975,0
SEX_new_ed,"""erectile dysfunction""",1976,1
SEX_new_ed,"""erectile dysfunction""",1977,1
SEX_new_ed,"""erectile dysfunction""",1978,2
SEX_new_ed,"""erectile dysfunction""",1979,4
SEX_new_ed,"""erectile dysfunction""",1980,9
SEX_new_ed,"""erectile dysfunction""",1981,16
SEX_new_ed,"""erectile dysfunction""",1982,10
SEX_new_ed,"""erectile dysfunction""",1983,14
SEX_new_ed,"""erectile dysfunction""",1984,15
SEX_new_ed,"""erectile dysfunction""",1985,16
SEX_new_ed,"""erectile dysfunction""",1986,27
SEX_new_ed,"""erectile dysfunction""",1987,31
SEX_new_ed,"""erectile dysfunction""",1988,72
SEX_new_ed,"""erectile dysfunction""",1989,69
SEX_new_ed,"""erectile dysfunction""",1990,77
SEX_new_ed,"""erectile dysfunction""",1991,70
SEX_new_ed,"""erectile dysfunction""",1992,81
SEX_new_ed,"""erectile dysfunction""",1993,101
SEX_new_ed,"""erectile dysfunction""",1994,122
SEX_new_ed,"""erectile dysfunction""",1995,153
SEX_new_ed,"""erectile dysfunction""",1996,147
SEX_new_ed,"""erectile dysfunction""",1997,175
SEX_new_ed,"""erectile dysfunction""",1998,249
SEX_new_ed,"""erectile dysfunction""",1999,318
SEX_new_ed,"""erectile dysfunction""",2000,405
SEX_new_ed,"""erectile dysfunction""",2001,445
SEX_new_ed,"""erectile dysfunction""",2002,497
SEX_new_ed,"""erectile dysfunction""",2003,561
SEX_new_ed,"""erectile dysfunction""",2004,613
SEX_new_ed,"""erectile dysfunction""",2005,737
SEX_new_ed,"""erectile dysfunction""",2006,784
SEX_new_ed,"""erectile dysfunction""",2007,738
SEX_new_ed,"""erectile dysfunction""",2008,782
SEX_new_ed,"""erectile dysfunction""",2009,789
SEX_new_ed,"""erectile dysfunction""",2010,772
SEX_new_ed,"""erectile dysfunction""",2011,821
SEX_new_ed,"""erectile dysfunction""",2012,868
SEX_new_ed,"""erectile dysfunction""",2013,991
SEX_new_ed,"""erectile dysfunction""",2014,901
SEX_new_ed,"""erectile dysfunction""",2015,949
SEX_new_ed,"""erectile dysfunction""",2016,956
SEX_new_ed,"""erectile dysfunction""",2017,925
SEX_new_ed,"""erectile dysfunction""",2018,905
SEX_new_ed,"""erectile dysfunction""",2019,1037
SEX_new_ed,"""erectile dysfunction""",2020,1110
SEX_new_ed,"""erectile dysfunction""",2021,1145
SEX_new_ed,"""erectile dysfunction""",2022,1126
SEX_new_ed,"""erectile dysfunction""",2023,1105
SEX_new_ed,"""erectile dysfunction""",2024,1198
SEX_old_nymphomania,nymphomania OR nymphomaniac,1950,1
SEX_old_nymphomania,nymphomania OR nymphomaniac,1951,1
SEX_old_nymphomania,nymphomania OR nymphomaniac,1952,2
SEX_old_nymphomania,nymphomania OR nymphomaniac,1953,0
SEX_old_nymphomania,nymphomania OR nymphomaniac,1954,1
SEX_old_nymphomania,nymphomania OR nymphomaniac,1955,0
SEX_old_nymphomania,nymphomania OR nymphomaniac,1956,0
SEX_old_nymphomania,nymphomania OR nymphomaniac,1957,0
SEX_old_nymphomania,nymphomania OR nymphomaniac,1958,1
SEX_old_nymphomania,nymphomania OR nymphomaniac,1959,1
SEX_old_nymphomania,nymphomania OR nymphomaniac,1960,1
SEX_old_nymphomania,nymphomania OR nymphomaniac,1961,0
SEX_old_nymphomania,nymphomania OR nymphomaniac,1962,0
SEX_old_nymphomania,nymphomania OR nymphomaniac,1963,1
SEX_old_nymphomania,nymphomania OR nymphomaniac,1964,1
SEX_old_nymphomania,nymphomania OR nymphomaniac,1965,0
SEX_old_nymphomania,nymphomania OR nymphomaniac,1966,0
SEX_old_nymphomania,nymphomania OR nymphomaniac,1967,0
SEX_old_nymphomania,nymphomania OR nymphomaniac,1968,1
SEX_old_nymphomania,nymphomania OR nymphomaniac,1969,0
SEX_old_nymphomania,nymphomania OR nymphomaniac,1970,0
SEX_old_nymphomania,nymphomania OR nymphomaniac,1971,0
SEX_old_nymphomania,nymphomania OR nymphomaniac,1972,4
SEX_old_nymphomania,nymphomania OR nymphomaniac,1973,3
SEX_old_nymphomania,nymphomania OR nymphomaniac,1974,0
SEX_old_nymphomania,nymphomania OR nymphomaniac,1975,0
SEX_old_nymphomania,nymphomania OR nymphomaniac,1976,0
SEX_old_nymphomania,nymphomania OR nymphomaniac,1977,2
SEX_old_nymphomania,nymphomania OR nymphomaniac,1978,0
SEX_old_nymphomania,nymphomania OR nymphomaniac,1979,1
SEX_old_nymphomania,nymphomania OR nymphomaniac,1980,0
SEX_old_nymphomania,nymphomania OR nymphomaniac,1981,1
SEX_old_nymphomania,nymphomania OR nymphomaniac,1982,2
SEX_old_nymphomania,nymphomania OR nymphomaniac,1983,0
SEX_old_nymphomania,nymphomania OR nymphomaniac,1984,0
SEX_old_nymphomania,nymphomania OR nymphomaniac,1985,0
SEX_old_nymphomania,nymphomania OR nymphomaniac,1986,0
SEX_old_nymphomania,nymphomania OR nymphomaniac,1987,0
SEX_old_nymphomania,nymphomania OR nymphomaniac,1988,0
SEX_old_nymphomania,nymphomania OR nymphomaniac,1989,1
SEX_old_nymphomania,nymphomania OR nymphomaniac,1990,0
SEX_old_nymphomania,nymphomania OR nymphomaniac,1991,2
SEX_old_nymphomania,nymphomania OR nymphomaniac,1992,0
SEX_old_nymphomania,nymphomania OR nymphomaniac,1993,0
SEX_old_nymphomania,nymphomania OR nymphomaniac,1994,0
SEX_old_nymphomania,nymphomania OR nymphomaniac,1995,1
SEX_old_nymphomania,nymphomania OR nymphomaniac,1996,0
SEX_old_nymphomania,nymphomania OR nymphomaniac,1997,0
SEX_old_nymphomania,nymphomania OR nymphomaniac,1998,0
SEX_old_nymphomania,nymphomania OR nymphomaniac,1999,0
SEX_old_nymphomania,nymphomania OR nymphomaniac,2000,0
SEX_old_nymphomania,nymphomania OR nymphomaniac,2001,1
SEX_old_nymphomania,nymphomania OR nymphomaniac,2002,3
SEX_old_nymphomania,nymphomania OR nymphomaniac,2003,0
SEX_old_nymphomania,nymphomania OR nymphomaniac,2004,1
SEX_old_nymphomania,nymphomania OR nymphomaniac,2005,1
SEX_old_nymphomania,nymphomania OR nymphomaniac,2006,3
SEX_old_nymphomania,nymphomania OR nymphomaniac,2007,1
SEX_old_nymphomania,nymphomania OR nymphomaniac,2008,0
SEX_old_nymphomania,nymphomania OR nymphomaniac,2009,1
SEX_old_nymphomania,nymphomania OR nymphomaniac,2010,1
SEX_old_nymphomania,nymphomania OR nymphomaniac,2011,0
SEX_old_nymphomania,nymphomania OR nymphomaniac,2012,0
SEX_old_nymphomania,nymphomania OR nymphomaniac,2013,1
SEX_old_nymphomania,nymphomania OR nymphomaniac,2014,0
SEX_old_nymphomania,nymphomania OR nymphomaniac,2015,0
SEX_old_nymphomania,nymphomania OR nymphomaniac,2016,0
SEX_old_nymphomania,nymphomania OR nymphomaniac,2017,0
SEX_old_nymphomania,nymphomania OR nymphomaniac,2018,0
SEX_old_nymphomania,nymphomania OR nymphomaniac,2019,1
SEX_old_nymphomania,nymphomania OR nymphomaniac,2020,0
SEX_old_nymphomania,nymphomania OR nymphomaniac,2021,3
SEX_old_nymphomania,nymphomania OR nymphomaniac,2022,2
SEX_old_nymphomania,nymphomania OR nymphomaniac,2023,1
SEX_old_nymphomania,nymphomania OR nymphomaniac,2024,0
DEM_old_senility,"senility OR ""senile dementia"" OR senile",1950,53
DEM_old_senility,"senility OR ""senile dementia"" OR senile",1951,46
DEM_old_senility,"senility OR ""senile dementia"" OR senile",1952,75
DEM_old_senility,"senility OR ""senile dementia"" OR senile",1953,75
DEM_old_senility,"senility OR ""senile dementia"" OR senile",1954,72
DEM_old_senility,"senility OR ""senile dementia"" OR senile",1955,81
DEM_old_senility,"senility OR ""senile dementia"" OR senile",1956,99
DEM_old_senility,"senility OR ""senile dementia"" OR senile",1957,108
DEM_old_senility,"senility OR ""senile dementia"" OR senile",1958,114
DEM_old_senility,"senility OR ""senile dementia"" OR senile",1959,158
DEM_old_senility,"senility OR ""senile dementia"" OR senile",1960,132
DEM_old_senility,"senility OR ""senile dementia"" OR senile",1961,141
DEM_old_senility,"senility OR ""senile dementia"" OR senile",1962,144
DEM_old_senility,"senility OR ""senile dementia"" OR senile",1963,151
DEM_old_senility,"senility OR ""senile dementia"" OR senile",1964,211
DEM_old_senility,"senility OR ""senile dementia"" OR senile",1965,154
DEM_old_senility,"senility OR ""senile dementia"" OR senile",1966,114
DEM_old_senility,"senility OR ""senile dementia"" OR senile",1967,111
DEM_old_senility,"senility OR ""senile dementia"" OR senile",1968,130
DEM_old_senility,"senility OR ""senile dementia"" OR senile",1969,139
DEM_old_senility,"senility OR ""senile dementia"" OR senile",1970,126
DEM_old_senility,"senility OR ""senile dementia"" OR senile",1971,104
DEM_old_senility,"senility OR ""senile dementia"" OR senile",1972,92
DEM_old_senility,"senility OR ""senile dementia"" OR senile",1973,106
DEM_old_senility,"senility OR ""senile dementia"" OR senile",1974,82
DEM_old_senility,"senility OR ""senile dementia"" OR senile",1975,156
DEM_old_senility,"senility OR ""senile dementia"" OR senile",1976,180
DEM_old_senility,"senility OR ""senile dementia"" OR senile",1977,179
DEM_old_senility,"senility OR ""senile dementia"" OR senile",1978,200
DEM_old_senility,"senility OR ""senile dementia"" OR senile",1979,171
DEM_old_senility,"senility OR ""senile dementia"" OR senile",1980,194
DEM_old_senility,"senility OR ""senile dementia"" OR senile",1981,215
DEM_old_senility,"senility OR ""senile dementia"" OR senile",1982,259
DEM_old_senility,"senility OR ""senile dementia"" OR senile",1983,329
DEM_old_senility,"senility OR ""senile dementia"" OR senile",1984,293
DEM_old_senility,"senility OR ""senile dementia"" OR senile",1985,353
DEM_old_senility,"senility OR ""senile dementia"" OR senile",1986,339
DEM_old_senility,"senility OR ""senile dementia"" OR senile",1987,317
DEM_old_senility,"senility OR ""senile dementia"" OR senile",1988,338
DEM_old_senility,"senility OR ""senile dementia"" OR senile",1989,447
DEM_old_senility,"senility OR ""senile dementia"" OR senile",1990,409
DEM_old_senility,"senility OR ""senile dementia"" OR senile",1991,344
DEM_old_senility,"senility OR ""senile dementia"" OR senile",1992,395
DEM_old_senility,"senility OR ""senile dementia"" OR senile",1993,354
DEM_old_senility,"senility OR ""senile dementia"" OR senile",1994,413
DEM_old_senility,"senility OR ""senile dementia"" OR senile",1995,364
DEM_old_senility,"senility OR ""senile dementia"" OR senile",1996,372
DEM_old_senility,"senility OR ""senile dementia"" OR senile",1997,369
DEM_old_senility,"senility OR ""senile dementia"" OR senile",1998,346
DEM_old_senility,"senility OR ""senile dementia"" OR senile",1999,351
DEM_old_senility,"senility OR ""senile dementia"" OR senile",2000,350
DEM_old_senility,"senility OR ""senile dementia"" OR senile",2001,344
DEM_old_senility,"senility OR ""senile dementia"" OR senile",2002,338
DEM_old_senility,"senility OR ""senile dementia"" OR senile",2003,325
DEM_old_senility,"senility OR ""senile dementia"" OR senile",2004,344
DEM_old_senility,"senility OR ""senile dementia"" OR senile",2005,328
DEM_old_senility,"senility OR ""senile dementia"" OR senile",2006,383
DEM_old_senility,"senility OR ""senile dementia"" OR senile",2007,316
DEM_old_senility,"senility OR ""senile dementia"" OR senile",2008,313
DEM_old_senility,"senility OR ""senile dementia"" OR senile",2009,363
DEM_old_senility,"senility OR ""senile dementia"" OR senile",2010,362
DEM_old_senility,"senility OR ""senile dementia"" OR senile",2011,413
DEM_old_senility,"senility OR ""senile dementia"" OR senile",2012,434
DEM_old_senility,"senility OR ""senile dementia"" OR senile",2013,420
DEM_old_senility,"senility OR ""senile dementia"" OR senile",2014,404
DEM_old_senility,"senility OR ""senile dementia"" OR senile",2015,429
DEM_old_senility,"senility OR ""senile dementia"" OR senile",2016,375
DEM_old_senility,"senility OR ""senile dementia"" OR senile",2017,379
DEM_old_senility,"senility OR ""senile dementia"" OR senile",2018,412
DEM_old_senility,"senility OR ""senile dementia"" OR senile",2019,416
DEM_old_senility,"senility OR ""senile dementia"" OR senile",2020,474
DEM_old_senility,"senility OR ""senile dementia"" OR senile",2021,505
DEM_old_senility,"senility OR ""senile dementia"" OR senile",2022,534
DEM_old_senility,"senility OR ""senile dementia"" OR senile",2023,496
DEM_old_senility,"senility OR ""senile dementia"" OR senile",2024,447
DEM_new_alzheimer,"Alzheimer OR ""Alzheimer's disease"" OR ""Alzheimer disease""",1950,3
DEM_new_alzheimer,"Alzheimer OR ""Alzheimer's disease"" OR ""Alzheimer disease""",1951,3
DEM_new_alzheimer,"Alzheimer OR ""Alzheimer's disease"" OR ""Alzheimer disease""",1952,3
DEM_new_alzheimer,"Alzheimer OR ""Alzheimer's disease"" OR ""Alzheimer disease""",1953,5
DEM_new_alzheimer,"Alzheimer OR ""Alzheimer's disease"" OR ""Alzheimer disease""",1954,8
DEM_new_alzheimer,"Alzheimer OR ""Alzheimer's disease"" OR ""Alzheimer disease""",1955,6
DEM_new_alzheimer,"Alzheimer OR ""Alzheimer's disease"" OR ""Alzheimer disease""",1956,4
DEM_new_alzheimer,"Alzheimer OR ""Alzheimer's disease"" OR ""Alzheimer disease""",1957,2
DEM_new_alzheimer,"Alzheimer OR ""Alzheimer's disease"" OR ""Alzheimer disease""",1958,7
DEM_new_alzheimer,"Alzheimer OR ""Alzheimer's disease"" OR ""Alzheimer disease""",1959,4
DEM_new_alzheimer,"Alzheimer OR ""Alzheimer's disease"" OR ""Alzheimer disease""",1960,7
DEM_new_alzheimer,"Alzheimer OR ""Alzheimer's disease"" OR ""Alzheimer disease""",1961,2
DEM_new_alzheimer,"Alzheimer OR ""Alzheimer's disease"" OR ""Alzheimer disease""",1962,4
DEM_new_alzheimer,"Alzheimer OR ""Alzheimer's disease"" OR ""Alzheimer disease""",1963,11
DEM_new_alzheimer,"Alzheimer OR ""Alzheimer's disease"" OR ""Alzheimer disease""",1964,8
DEM_new_alzheimer,"Alzheimer OR ""Alzheimer's disease"" OR ""Alzheimer disease""",1965,13
DEM_new_alzheimer,"Alzheimer OR ""Alzheimer's disease"" OR ""Alzheimer disease""",1966,9
DEM_new_alzheimer,"Alzheimer OR ""Alzheimer's disease"" OR ""Alzheimer disease""",1967,6
DEM_new_alzheimer,"Alzheimer OR ""Alzheimer's disease"" OR ""Alzheimer disease""",1968,13
DEM_new_alzheimer,"Alzheimer OR ""Alzheimer's disease"" OR ""Alzheimer disease""",1969,6
DEM_new_alzheimer,"Alzheimer OR ""Alzheimer's disease"" OR ""Alzheimer disease""",1970,14
DEM_new_alzheimer,"Alzheimer OR ""Alzheimer's disease"" OR ""Alzheimer disease""",1971,19
DEM_new_alzheimer,"Alzheimer OR ""Alzheimer's disease"" OR ""Alzheimer disease""",1972,13
DEM_new_alzheimer,"Alzheimer OR ""Alzheimer's disease"" OR ""Alzheimer disease""",1973,16
DEM_new_alzheimer,"Alzheimer OR ""Alzheimer's disease"" OR ""Alzheimer disease""",1974,9
DEM_new_alzheimer,"Alzheimer OR ""Alzheimer's disease"" OR ""Alzheimer disease""",1975,30
DEM_new_alzheimer,"Alzheimer OR ""Alzheimer's disease"" OR ""Alzheimer disease""",1976,43
DEM_new_alzheimer,"Alzheimer OR ""Alzheimer's disease"" OR ""Alzheimer disease""",1977,37
DEM_new_alzheimer,"Alzheimer OR ""Alzheimer's disease"" OR ""Alzheimer disease""",1978,40
DEM_new_alzheimer,"Alzheimer OR ""Alzheimer's disease"" OR ""Alzheimer disease""",1979,69
DEM_new_alzheimer,"Alzheimer OR ""Alzheimer's disease"" OR ""Alzheimer disease""",1980,76
DEM_new_alzheimer,"Alzheimer OR ""Alzheimer's disease"" OR ""Alzheimer disease""",1981,114
DEM_new_alzheimer,"Alzheimer OR ""Alzheimer's disease"" OR ""Alzheimer disease""",1982,191
DEM_new_alzheimer,"Alzheimer OR ""Alzheimer's disease"" OR ""Alzheimer disease""",1983,261
DEM_new_alzheimer,"Alzheimer OR ""Alzheimer's disease"" OR ""Alzheimer disease""",1984,321
DEM_new_alzheimer,"Alzheimer OR ""Alzheimer's disease"" OR ""Alzheimer disease""",1985,473
DEM_new_alzheimer,"Alzheimer OR ""Alzheimer's disease"" OR ""Alzheimer disease""",1986,668
DEM_new_alzheimer,"Alzheimer OR ""Alzheimer's disease"" OR ""Alzheimer disease""",1987,724
DEM_new_alzheimer,"Alzheimer OR ""Alzheimer's disease"" OR ""Alzheimer disease""",1988,867
DEM_new_alzheimer,"Alzheimer OR ""Alzheimer's disease"" OR ""Alzheimer disease""",1989,1189
DEM_new_alzheimer,"Alzheimer OR ""Alzheimer's disease"" OR ""Alzheimer disease""",1990,1189
DEM_new_alzheimer,"Alzheimer OR ""Alzheimer's disease"" OR ""Alzheimer disease""",1991,1302
DEM_new_alzheimer,"Alzheimer OR ""Alzheimer's disease"" OR ""Alzheimer disease""",1992,1393
DEM_new_alzheimer,"Alzheimer OR ""Alzheimer's disease"" OR ""Alzheimer disease""",1993,1510
DEM_new_alzheimer,"Alzheimer OR ""Alzheimer's disease"" OR ""Alzheimer disease""",1994,1841
DEM_new_alzheimer,"Alzheimer OR ""Alzheimer's disease"" OR ""Alzheimer disease""",1995,1923
DEM_new_alzheimer,"Alzheimer OR ""Alzheimer's disease"" OR ""Alzheimer disease""",1996,2204
DEM_new_alzheimer,"Alzheimer OR ""Alzheimer's disease"" OR ""Alzheimer disease""",1997,2409
DEM_new_alzheimer,"Alzheimer OR ""Alzheimer's disease"" OR ""Alzheimer disease""",1998,2587
DEM_new_alzheimer,"Alzheimer OR ""Alzheimer's disease"" OR ""Alzheimer disease""",1999,2546
DEM_new_alzheimer,"Alzheimer OR ""Alzheimer's disease"" OR ""Alzheimer disease""",2000,2883
DEM_new_alzheimer,"Alzheimer OR ""Alzheimer's disease"" OR ""Alzheimer disease""",2001,2898
DEM_new_alzheimer,"Alzheimer OR ""Alzheimer's disease"" OR ""Alzheimer disease""",2002,3180
DEM_new_alzheimer,"Alzheimer OR ""Alzheimer's disease"" OR ""Alzheimer disease""",2003,3282
DEM_new_alzheimer,"Alzheimer OR ""Alzheimer's disease"" OR ""Alzheimer disease""",2004,3951
DEM_new_alzheimer,"Alzheimer OR ""Alzheimer's disease"" OR ""Alzheimer disease""",2005,4241
DEM_new_alzheimer,"Alzheimer OR ""Alzheimer's disease"" OR ""Alzheimer disease""",2006,4704
DEM_new_alzheimer,"Alzheimer OR ""Alzheimer's disease"" OR ""Alzheimer disease""",2007,4817
DEM_new_alzheimer,"Alzheimer OR ""Alzheimer's disease"" OR ""Alzheimer disease""",2008,5204
DEM_new_alzheimer,"Alzheimer OR ""Alzheimer's disease"" OR ""Alzheimer disease""",2009,5667
DEM_new_alzheimer,"Alzheimer OR ""Alzheimer's disease"" OR ""Alzheimer disease""",2010,6585
DEM_new_alzheimer,"Alzheimer OR ""Alzheimer's disease"" OR ""Alzheimer disease""",2011,6942
DEM_new_alzheimer,"Alzheimer OR ""Alzheimer's disease"" OR ""Alzheimer disease""",2012,7843
DEM_new_alzheimer,"Alzheimer OR ""Alzheimer's disease"" OR ""Alzheimer disease""",2013,8405
DEM_new_alzheimer,"Alzheimer OR ""Alzheimer's disease"" OR ""Alzheimer disease""",2014,8977
DEM_new_alzheimer,"Alzheimer OR ""Alzheimer's disease"" OR ""Alzheimer disease""",2015,9414
DEM_new_alzheimer,"Alzheimer OR ""Alzheimer's disease"" OR ""Alzheimer disease""",2016,9857
DEM_new_alzheimer,"Alzheimer OR ""Alzheimer's disease"" OR ""Alzheimer disease""",2017,10553
DEM_new_alzheimer,"Alzheimer OR ""Alzheimer's disease"" OR ""Alzheimer disease""",2018,11018
DEM_new_alzheimer,"Alzheimer OR ""Alzheimer's disease"" OR ""Alzheimer disease""",2019,11806
DEM_new_alzheimer,"Alzheimer OR ""Alzheimer's disease"" OR ""Alzheimer disease""",2020,13597
DEM_new_alzheimer,"Alzheimer OR ""Alzheimer's disease"" OR ""Alzheimer disease""",2021,15014
DEM_new_alzheimer,"Alzheimer OR ""Alzheimer's disease"" OR ""Alzheimer disease""",2022,15381
DEM_new_alzheimer,"Alzheimer OR ""Alzheimer's disease"" OR ""Alzheimer disease""",2023,16028
DEM_new_alzheimer,"Alzheimer OR ""Alzheimer's disease"" OR ""Alzheimer disease""",2024,17499
DEM_old_obs,"""chronic brain syndrome"" OR ""organic brain syndrome""",1950,0
DEM_old_obs,"""chronic brain syndrome"" OR ""organic brain syndrome""",1951,0
DEM_old_obs,"""chronic brain syndrome"" OR ""organic brain syndrome""",1952,0
DEM_old_obs,"""chronic brain syndrome"" OR ""organic brain syndrome""",1953,0
DEM_old_obs,"""chronic brain syndrome"" OR ""organic brain syndrome""",1954,0
DEM_old_obs,"""chronic brain syndrome"" OR ""organic brain syndrome""",1955,1
DEM_old_obs,"""chronic brain syndrome"" OR ""organic brain syndrome""",1956,1
DEM_old_obs,"""chronic brain syndrome"" OR ""organic brain syndrome""",1957,0
DEM_old_obs,"""chronic brain syndrome"" OR ""organic brain syndrome""",1958,2
DEM_old_obs,"""chronic brain syndrome"" OR ""organic brain syndrome""",1959,1
DEM_old_obs,"""chronic brain syndrome"" OR ""organic brain syndrome""",1960,2
DEM_old_obs,"""chronic brain syndrome"" OR ""organic brain syndrome""",1961,1
DEM_old_obs,"""chronic brain syndrome"" OR ""organic brain syndrome""",1962,1
DEM_old_obs,"""chronic brain syndrome"" OR ""organic brain syndrome""",1963,0
DEM_old_obs,"""chronic brain syndrome"" OR ""organic brain syndrome""",1964,2
DEM_old_obs,"""chronic brain syndrome"" OR ""organic brain syndrome""",1965,7
DEM_old_obs,"""chronic brain syndrome"" OR ""organic brain syndrome""",1966,6
DEM_old_obs,"""chronic brain syndrome"" OR ""organic brain syndrome""",1967,4
DEM_old_obs,"""chronic brain syndrome"" OR ""organic brain syndrome""",1968,2
DEM_old_obs,"""chronic brain syndrome"" OR ""organic brain syndrome""",1969,4
DEM_old_obs,"""chronic brain syndrome"" OR ""organic brain syndrome""",1970,5
DEM_old_obs,"""chronic brain syndrome"" OR ""organic brain syndrome""",1971,5
DEM_old_obs,"""chronic brain syndrome"" OR ""organic brain syndrome""",1972,4
DEM_old_obs,"""chronic brain syndrome"" OR ""organic brain syndrome""",1973,12
DEM_old_obs,"""chronic brain syndrome"" OR ""organic brain syndrome""",1974,11
DEM_old_obs,"""chronic brain syndrome"" OR ""organic brain syndrome""",1975,17
DEM_old_obs,"""chronic brain syndrome"" OR ""organic brain syndrome""",1976,23
DEM_old_obs,"""chronic brain syndrome"" OR ""organic brain syndrome""",1977,22
DEM_old_obs,"""chronic brain syndrome"" OR ""organic brain syndrome""",1978,29
DEM_old_obs,"""chronic brain syndrome"" OR ""organic brain syndrome""",1979,43
DEM_old_obs,"""chronic brain syndrome"" OR ""organic brain syndrome""",1980,26
DEM_old_obs,"""chronic brain syndrome"" OR ""organic brain syndrome""",1981,27
DEM_old_obs,"""chronic brain syndrome"" OR ""organic brain syndrome""",1982,22
DEM_old_obs,"""chronic brain syndrome"" OR ""organic brain syndrome""",1983,22
DEM_old_obs,"""chronic brain syndrome"" OR ""organic brain syndrome""",1984,22
DEM_old_obs,"""chronic brain syndrome"" OR ""organic brain syndrome""",1985,16
DEM_old_obs,"""chronic brain syndrome"" OR ""organic brain syndrome""",1986,23
DEM_old_obs,"""chronic brain syndrome"" OR ""organic brain syndrome""",1987,14
DEM_old_obs,"""chronic brain syndrome"" OR ""organic brain syndrome""",1988,19
DEM_old_obs,"""chronic brain syndrome"" OR ""organic brain syndrome""",1989,24
DEM_old_obs,"""chronic brain syndrome"" OR ""organic brain syndrome""",1990,24
DEM_old_obs,"""chronic brain syndrome"" OR ""organic brain syndrome""",1991,12
DEM_old_obs,"""chronic brain syndrome"" OR ""organic brain syndrome""",1992,22
DEM_old_obs,"""chronic brain syndrome"" OR ""organic brain syndrome""",1993,13
DEM_old_obs,"""chronic brain syndrome"" OR ""organic brain syndrome""",1994,14
DEM_old_obs,"""chronic brain syndrome"" OR ""organic brain syndrome""",1995,16
DEM_old_obs,"""chronic brain syndrome"" OR ""organic brain syndrome""",1996,14
DEM_old_obs,"""chronic brain syndrome"" OR ""organic brain syndrome""",1997,10
DEM_old_obs,"""chronic brain syndrome"" OR ""organic brain syndrome""",1998,6
DEM_old_obs,"""chronic brain syndrome"" OR ""organic brain syndrome""",1999,7
DEM_old_obs,"""chronic brain syndrome"" OR ""organic brain syndrome""",2000,5
DEM_old_obs,"""chronic brain syndrome"" OR ""organic brain syndrome""",2001,6
DEM_old_obs,"""chronic brain syndrome"" OR ""organic brain syndrome""",2002,5
DEM_old_obs,"""chronic brain syndrome"" OR ""organic brain syndrome""",2003,6
DEM_old_obs,"""chronic brain syndrome"" OR ""organic brain syndrome""",2004,2
DEM_old_obs,"""chronic brain syndrome"" OR ""organic brain syndrome""",2005,5
DEM_old_obs,"""chronic brain syndrome"" OR ""organic brain syndrome""",2006,8
DEM_old_obs,"""chronic brain syndrome"" OR ""organic brain syndrome""",2007,5
DEM_old_obs,"""chronic brain syndrome"" OR ""organic brain syndrome""",2008,4
DEM_old_obs,"""chronic brain syndrome"" OR ""organic brain syndrome""",2009,3
DEM_old_obs,"""chronic brain syndrome"" OR ""organic brain syndrome""",2010,9
DEM_old_obs,"""chronic brain syndrome"" OR ""organic brain syndrome""",2011,5
DEM_old_obs,"""chronic brain syndrome"" OR ""organic brain syndrome""",2012,9
DEM_old_obs,"""chronic brain syndrome"" OR ""organic brain syndrome""",2013,6
DEM_old_obs,"""chronic brain syndrome"" OR ""organic brain syndrome""",2014,6
DEM_old_obs,"""chronic brain syndrome"" OR ""organic brain syndrome""",2015,9
DEM_old_obs,"""chronic brain syndrome"" OR ""organic brain syndrome""",2016,4
DEM_old_obs,"""chronic brain syndrome"" OR ""organic brain syndrome""",2017,6
DEM_old_obs,"""chronic brain syndrome"" OR ""organic brain syndrome""",2018,2
DEM_old_obs,"""chronic brain syndrome"" OR ""organic brain syndrome""",2019,6
DEM_old_obs,"""chronic brain syndrome"" OR ""organic brain syndrome""",2020,1
DEM_old_obs,"""chronic brain syndrome"" OR ""organic brain syndrome""",2021,2
DEM_old_obs,"""chronic brain syndrome"" OR ""organic brain syndrome""",2022,8
DEM_old_obs,"""chronic brain syndrome"" OR ""organic brain syndrome""",2023,4
DEM_old_obs,"""chronic brain syndrome"" OR ""organic brain syndrome""",2024,1
DIS_old_handicapped,"handicapped OR ""physically handicapped"" OR ""mentally handicapped""",1950,35
DIS_old_handicapped,"handicapped OR ""physically handicapped"" OR ""mentally handicapped""",1951,70
DIS_old_handicapped,"handicapped OR ""physically handicapped"" OR ""mentally handicapped""",1952,101
DIS_old_handicapped,"handicapped OR ""physically handicapped"" OR ""mentally handicapped""",1953,121
DIS_old_handicapped,"handicapped OR ""physically handicapped"" OR ""mentally handicapped""",1954,98
DIS_old_handicapped,"handicapped OR ""physically handicapped"" OR ""mentally handicapped""",1955,71
DIS_old_handicapped,"handicapped OR ""physically handicapped"" OR ""mentally handicapped""",1956,80
DIS_old_handicapped,"handicapped OR ""physically handicapped"" OR ""mentally handicapped""",1957,91
DIS_old_handicapped,"handicapped OR ""physically handicapped"" OR ""mentally handicapped""",1958,70
DIS_old_handicapped,"handicapped OR ""physically handicapped"" OR ""mentally handicapped""",1959,70
DIS_old_handicapped,"handicapped OR ""physically handicapped"" OR ""mentally handicapped""",1960,37
DIS_old_handicapped,"handicapped OR ""physically handicapped"" OR ""mentally handicapped""",1961,67
DIS_old_handicapped,"handicapped OR ""physically handicapped"" OR ""mentally handicapped""",1962,60
DIS_old_handicapped,"handicapped OR ""physically handicapped"" OR ""mentally handicapped""",1963,123
DIS_old_handicapped,"handicapped OR ""physically handicapped"" OR ""mentally handicapped""",1964,208
DIS_old_handicapped,"handicapped OR ""physically handicapped"" OR ""mentally handicapped""",1965,138
DIS_old_handicapped,"handicapped OR ""physically handicapped"" OR ""mentally handicapped""",1966,97
DIS_old_handicapped,"handicapped OR ""physically handicapped"" OR ""mentally handicapped""",1967,105
DIS_old_handicapped,"handicapped OR ""physically handicapped"" OR ""mentally handicapped""",1968,128
DIS_old_handicapped,"handicapped OR ""physically handicapped"" OR ""mentally handicapped""",1969,135
DIS_old_handicapped,"handicapped OR ""physically handicapped"" OR ""mentally handicapped""",1970,113
DIS_old_handicapped,"handicapped OR ""physically handicapped"" OR ""mentally handicapped""",1971,187
DIS_old_handicapped,"handicapped OR ""physically handicapped"" OR ""mentally handicapped""",1972,172
DIS_old_handicapped,"handicapped OR ""physically handicapped"" OR ""mentally handicapped""",1973,168
DIS_old_handicapped,"handicapped OR ""physically handicapped"" OR ""mentally handicapped""",1974,174
DIS_old_handicapped,"handicapped OR ""physically handicapped"" OR ""mentally handicapped""",1975,263
DIS_old_handicapped,"handicapped OR ""physically handicapped"" OR ""mentally handicapped""",1976,256
DIS_old_handicapped,"handicapped OR ""physically handicapped"" OR ""mentally handicapped""",1977,238
DIS_old_handicapped,"handicapped OR ""physically handicapped"" OR ""mentally handicapped""",1978,332
DIS_old_handicapped,"handicapped OR ""physically handicapped"" OR ""mentally handicapped""",1979,350
DIS_old_handicapped,"handicapped OR ""physically handicapped"" OR ""mentally handicapped""",1980,335
DIS_old_handicapped,"handicapped OR ""physically handicapped"" OR ""mentally handicapped""",1981,436
DIS_old_handicapped,"handicapped OR ""physically handicapped"" OR ""mentally handicapped""",1982,326
DIS_old_handicapped,"handicapped OR ""physically handicapped"" OR ""mentally handicapped""",1983,328
DIS_old_handicapped,"handicapped OR ""physically handicapped"" OR ""mentally handicapped""",1984,350
DIS_old_handicapped,"handicapped OR ""physically handicapped"" OR ""mentally handicapped""",1985,353
DIS_old_handicapped,"handicapped OR ""physically handicapped"" OR ""mentally handicapped""",1986,332
DIS_old_handicapped,"handicapped OR ""physically handicapped"" OR ""mentally handicapped""",1987,314
DIS_old_handicapped,"handicapped OR ""physically handicapped"" OR ""mentally handicapped""",1988,357
DIS_old_handicapped,"handicapped OR ""physically handicapped"" OR ""mentally handicapped""",1989,349
DIS_old_handicapped,"handicapped OR ""physically handicapped"" OR ""mentally handicapped""",1990,320
DIS_old_handicapped,"handicapped OR ""physically handicapped"" OR ""mentally handicapped""",1991,282
DIS_old_handicapped,"handicapped OR ""physically handicapped"" OR ""mentally handicapped""",1992,230
DIS_old_handicapped,"handicapped OR ""physically handicapped"" OR ""mentally handicapped""",1993,211
DIS_old_handicapped,"handicapped OR ""physically handicapped"" OR ""mentally handicapped""",1994,175
DIS_old_handicapped,"handicapped OR ""physically handicapped"" OR ""mentally handicapped""",1995,182
DIS_old_handicapped,"handicapped OR ""physically handicapped"" OR ""mentally handicapped""",1996,142
DIS_old_handicapped,"handicapped OR ""physically handicapped"" OR ""mentally handicapped""",1997,136
DIS_old_handicapped,"handicapped OR ""physically handicapped"" OR ""mentally handicapped""",1998,138
DIS_old_handicapped,"handicapped OR ""physically handicapped"" OR ""mentally handicapped""",1999,139
DIS_old_handicapped,"handicapped OR ""physically handicapped"" OR ""mentally handicapped""",2000,145
DIS_old_handicapped,"handicapped OR ""physically handicapped"" OR ""mentally handicapped""",2001,107
DIS_old_handicapped,"handicapped OR ""physically handicapped"" OR ""mentally handicapped""",2002,106
DIS_old_handicapped,"handicapped OR ""physically handicapped"" OR ""mentally handicapped""",2003,117
DIS_old_handicapped,"handicapped OR ""physically handicapped"" OR ""mentally handicapped""",2004,90
DIS_old_handicapped,"handicapped OR ""physically handicapped"" OR ""mentally handicapped""",2005,111
DIS_old_handicapped,"handicapped OR ""physically handicapped"" OR ""mentally handicapped""",2006,113
DIS_old_handicapped,"handicapped OR ""physically handicapped"" OR ""mentally handicapped""",2007,102
DIS_old_handicapped,"handicapped OR ""physically handicapped"" OR ""mentally handicapped""",2008,81
DIS_old_handicapped,"handicapped OR ""physically handicapped"" OR ""mentally handicapped""",2009,88
DIS_old_handicapped,"handicapped OR ""physically handicapped"" OR ""mentally handicapped""",2010,113
DIS_old_handicapped,"handicapped OR ""physically handicapped"" OR ""mentally handicapped""",2011,81
DIS_old_handicapped,"handicapped OR ""physically handicapped"" OR ""mentally handicapped""",2012,71
DIS_old_handicapped,"handicapped OR ""physically handicapped"" OR ""mentally handicapped""",2013,77
DIS_old_handicapped,"handicapped OR ""physically handicapped"" OR ""mentally handicapped""",2014,54
DIS_old_handicapped,"handicapped OR ""physically handicapped"" OR ""mentally handicapped""",2015,59
DIS_old_handicapped,"handicapped OR ""physically handicapped"" OR ""mentally handicapped""",2016,50
DIS_old_handicapped,"handicapped OR ""physically handicapped"" OR ""mentally handicapped""",2017,47
DIS_old_handicapped,"handicapped OR ""physically handicapped"" OR ""mentally handicapped""",2018,45
DIS_old_handicapped,"handicapped OR ""physically handicapped"" OR ""mentally handicapped""",2019,42
DIS_old_handicapped,"handicapped OR ""physically handicapped"" OR ""mentally handicapped""",2020,61
DIS_old_handicapped,"handicapped OR ""physically handicapped"" OR ""mentally handicapped""",2021,55
DIS_old_handicapped,"handicapped OR ""physically handicapped"" OR ""mentally handicapped""",2022,53
DIS_old_handicapped,"handicapped OR ""physically handicapped"" OR ""mentally handicapped""",2023,38
DIS_old_handicapped,"handicapped OR ""physically handicapped"" OR ""mentally handicapped""",2024,42
DIS_old_crippled,crippled OR cripple,1950,12
DIS_old_crippled,crippled OR cripple,1951,18
DIS_old_crippled,crippled OR cripple,1952,16
DIS_old_crippled,crippled OR cripple,1953,6
DIS_old_crippled,crippled OR cripple,1954,11
DIS_old_crippled,crippled OR cripple,1955,8
DIS_old_crippled,crippled OR cripple,1956,6
DIS_old_crippled,crippled OR cripple,1957,6
DIS_old_crippled,crippled OR cripple,1958,15
DIS_old_crippled,crippled OR cripple,1959,7
DIS_old_crippled,crippled OR cripple,1960,4
DIS_old_crippled,crippled OR cripple,1961,2
DIS_old_crippled,crippled OR cripple,1962,2
DIS_old_crippled,crippled OR cripple,1963,5
DIS_old_crippled,crippled OR cripple,1964,10
DIS_old_crippled,crippled OR cripple,1965,10
DIS_old_crippled,crippled OR cripple,1966,14
DIS_old_crippled,crippled OR cripple,1967,9
DIS_old_crippled,crippled OR cripple,1968,5
DIS_old_crippled,crippled OR cripple,1969,10
DIS_old_crippled,crippled OR cripple,1970,5
DIS_old_crippled,crippled OR cripple,1971,9
DIS_old_crippled,crippled OR cripple,1972,3
DIS_old_crippled,crippled OR cripple,1973,8
DIS_old_crippled,crippled OR cripple,1974,4
DIS_old_crippled,crippled OR cripple,1975,9
DIS_old_crippled,crippled OR cripple,1976,15
DIS_old_crippled,crippled OR cripple,1977,8
DIS_old_crippled,crippled OR cripple,1978,12
DIS_old_crippled,crippled OR cripple,1979,14
DIS_old_crippled,crippled OR cripple,1980,11
DIS_old_crippled,crippled OR cripple,1981,12
DIS_old_crippled,crippled OR cripple,1982,10
DIS_old_crippled,crippled OR cripple,1983,11
DIS_old_crippled,crippled OR cripple,1984,8
DIS_old_crippled,crippled OR cripple,1985,22
DIS_old_crippled,crippled OR cripple,1986,17
DIS_old_crippled,crippled OR cripple,1987,12
DIS_old_crippled,crippled OR cripple,1988,9
DIS_old_crippled,crippled OR cripple,1989,15
DIS_old_crippled,crippled OR cripple,1990,23
DIS_old_crippled,crippled OR cripple,1991,7
DIS_old_crippled,crippled OR cripple,1992,17
DIS_old_crippled,crippled OR cripple,1993,13
DIS_old_crippled,crippled OR cripple,1994,16
DIS_old_crippled,crippled OR cripple,1995,20
DIS_old_crippled,crippled OR cripple,1996,16
DIS_old_crippled,crippled OR cripple,1997,24
DIS_old_crippled,crippled OR cripple,1998,16
DIS_old_crippled,crippled OR cripple,1999,21
DIS_old_crippled,crippled OR cripple,2000,25
DIS_old_crippled,crippled OR cripple,2001,19
DIS_old_crippled,crippled OR cripple,2002,22
DIS_old_crippled,crippled OR cripple,2003,18
DIS_old_crippled,crippled OR cripple,2004,17
DIS_old_crippled,crippled OR cripple,2005,31
DIS_old_crippled,crippled OR cripple,2006,27
DIS_old_crippled,crippled OR cripple,2007,34
DIS_old_crippled,crippled OR cripple,2008,39
DIS_old_crippled,crippled OR cripple,2009,28
DIS_old_crippled,crippled OR cripple,2010,32
DIS_old_crippled,crippled OR cripple,2011,38
DIS_old_crippled,crippled OR cripple,2012,29
DIS_old_crippled,crippled OR cripple,2013,32
DIS_old_crippled,crippled OR cripple,2014,28
DIS_old_crippled,crippled OR cripple,2015,34
DIS_old_crippled,crippled OR cripple,2016,34
DIS_old_crippled,crippled OR cripple,2017,28
DIS_old_crippled,crippled OR cripple,2018,47
DIS_old_crippled,crippled OR cripple,2019,46
DIS_old_crippled,crippled OR cripple,2020,62
DIS_old_crippled,crippled OR cripple,2021,80
DIS_old_crippled,crippled OR cripple,2022,79
DIS_old_crippled,crippled OR cripple,2023,52
DIS_old_crippled,crippled OR cripple,2024,38
DIS_old_deaf_mute,"""deaf-mute"" OR ""deaf mute"" OR ""deaf and dumb""",1950,4
DIS_old_deaf_mute,"""deaf-mute"" OR ""deaf mute"" OR ""deaf and dumb""",1951,2
DIS_old_deaf_mute,"""deaf-mute"" OR ""deaf mute"" OR ""deaf and dumb""",1952,3
DIS_old_deaf_mute,"""deaf-mute"" OR ""deaf mute"" OR ""deaf and dumb""",1953,9
DIS_old_deaf_mute,"""deaf-mute"" OR ""deaf mute"" OR ""deaf and dumb""",1954,5
DIS_old_deaf_mute,"""deaf-mute"" OR ""deaf mute"" OR ""deaf and dumb""",1955,2
DIS_old_deaf_mute,"""deaf-mute"" OR ""deaf mute"" OR ""deaf and dumb""",1956,7
DIS_old_deaf_mute,"""deaf-mute"" OR ""deaf mute"" OR ""deaf and dumb""",1957,2
DIS_old_deaf_mute,"""deaf-mute"" OR ""deaf mute"" OR ""deaf and dumb""",1958,2
DIS_old_deaf_mute,"""deaf-mute"" OR ""deaf mute"" OR ""deaf and dumb""",1959,3
DIS_old_deaf_mute,"""deaf-mute"" OR ""deaf mute"" OR ""deaf and dumb""",1960,3
DIS_old_deaf_mute,"""deaf-mute"" OR ""deaf mute"" OR ""deaf and dumb""",1961,2
DIS_old_deaf_mute,"""deaf-mute"" OR ""deaf mute"" OR ""deaf and dumb""",1962,1
DIS_old_deaf_mute,"""deaf-mute"" OR ""deaf mute"" OR ""deaf and dumb""",1963,1
DIS_old_deaf_mute,"""deaf-mute"" OR ""deaf mute"" OR ""deaf and dumb""",1964,3
DIS_old_deaf_mute,"""deaf-mute"" OR ""deaf mute"" OR ""deaf and dumb""",1965,1
DIS_old_deaf_mute,"""deaf-mute"" OR ""deaf mute"" OR ""deaf and dumb""",1966,4
DIS_old_deaf_mute,"""deaf-mute"" OR ""deaf mute"" OR ""deaf and dumb""",1967,4
DIS_old_deaf_mute,"""deaf-mute"" OR ""deaf mute"" OR ""deaf and dumb""",1968,2
DIS_old_deaf_mute,"""deaf-mute"" OR ""deaf mute"" OR ""deaf and dumb""",1969,3
DIS_old_deaf_mute,"""deaf-mute"" OR ""deaf mute"" OR ""deaf and dumb""",1970,0
DIS_old_deaf_mute,"""deaf-mute"" OR ""deaf mute"" OR ""deaf and dumb""",1971,1
DIS_old_deaf_mute,"""deaf-mute"" OR ""deaf mute"" OR ""deaf and dumb""",1972,3
DIS_old_deaf_mute,"""deaf-mute"" OR ""deaf mute"" OR ""deaf and dumb""",1973,2
DIS_old_deaf_mute,"""deaf-mute"" OR ""deaf mute"" OR ""deaf and dumb""",1974,1
DIS_old_deaf_mute,"""deaf-mute"" OR ""deaf mute"" OR ""deaf and dumb""",1975,5
DIS_old_deaf_mute,"""deaf-mute"" OR ""deaf mute"" OR ""deaf and dumb""",1976,3
DIS_old_deaf_mute,"""deaf-mute"" OR ""deaf mute"" OR ""deaf and dumb""",1977,4
DIS_old_deaf_mute,"""deaf-mute"" OR ""deaf mute"" OR ""deaf and dumb""",1978,1
DIS_old_deaf_mute,"""deaf-mute"" OR ""deaf mute"" OR ""deaf and dumb""",1979,4
DIS_old_deaf_mute,"""deaf-mute"" OR ""deaf mute"" OR ""deaf and dumb""",1980,4
DIS_old_deaf_mute,"""deaf-mute"" OR ""deaf mute"" OR ""deaf and dumb""",1981,2
DIS_old_deaf_mute,"""deaf-mute"" OR ""deaf mute"" OR ""deaf and dumb""",1982,4
DIS_old_deaf_mute,"""deaf-mute"" OR ""deaf mute"" OR ""deaf and dumb""",1983,2
DIS_old_deaf_mute,"""deaf-mute"" OR ""deaf mute"" OR ""deaf and dumb""",1984,3
DIS_old_deaf_mute,"""deaf-mute"" OR ""deaf mute"" OR ""deaf and dumb""",1985,2
DIS_old_deaf_mute,"""deaf-mute"" OR ""deaf mute"" OR ""deaf and dumb""",1986,1
DIS_old_deaf_mute,"""deaf-mute"" OR ""deaf mute"" OR ""deaf and dumb""",1987,2
DIS_old_deaf_mute,"""deaf-mute"" OR ""deaf mute"" OR ""deaf and dumb""",1988,1
DIS_old_deaf_mute,"""deaf-mute"" OR ""deaf mute"" OR ""deaf and dumb""",1989,4
DIS_old_deaf_mute,"""deaf-mute"" OR ""deaf mute"" OR ""deaf and dumb""",1990,2
DIS_old_deaf_mute,"""deaf-mute"" OR ""deaf mute"" OR ""deaf and dumb""",1991,1
DIS_old_deaf_mute,"""deaf-mute"" OR ""deaf mute"" OR ""deaf and dumb""",1992,2
DIS_old_deaf_mute,"""deaf-mute"" OR ""deaf mute"" OR ""deaf and dumb""",1993,6
DIS_old_deaf_mute,"""deaf-mute"" OR ""deaf mute"" OR ""deaf and dumb""",1994,2
DIS_old_deaf_mute,"""deaf-mute"" OR ""deaf mute"" OR ""deaf and dumb""",1995,6
DIS_old_deaf_mute,"""deaf-mute"" OR ""deaf mute"" OR ""deaf and dumb""",1996,3
DIS_old_deaf_mute,"""deaf-mute"" OR ""deaf mute"" OR ""deaf and dumb""",1997,4
DIS_old_deaf_mute,"""deaf-mute"" OR ""deaf mute"" OR ""deaf and dumb""",1998,2
DIS_old_deaf_mute,"""deaf-mute"" OR ""deaf mute"" OR ""deaf and dumb""",1999,2
DIS_old_deaf_mute,"""deaf-mute"" OR ""deaf mute"" OR ""deaf and dumb""",2000,3
DIS_old_deaf_mute,"""deaf-mute"" OR ""deaf mute"" OR ""deaf and dumb""",2001,2
DIS_old_deaf_mute,"""deaf-mute"" OR ""deaf mute"" OR ""deaf and dumb""",2002,3
DIS_old_deaf_mute,"""deaf-mute"" OR ""deaf mute"" OR ""deaf and dumb""",2003,0
DIS_old_deaf_mute,"""deaf-mute"" OR ""deaf mute"" OR ""deaf and dumb""",2004,5
DIS_old_deaf_mute,"""deaf-mute"" OR ""deaf mute"" OR ""deaf and dumb""",2005,2
DIS_old_deaf_mute,"""deaf-mute"" OR ""deaf mute"" OR ""deaf and dumb""",2006,5
DIS_old_deaf_mute,"""deaf-mute"" OR ""deaf mute"" OR ""deaf and dumb""",2007,8
DIS_old_deaf_mute,"""deaf-mute"" OR ""deaf mute"" OR ""deaf and dumb""",2008,2
DIS_old_deaf_mute,"""deaf-mute"" OR ""deaf mute"" OR ""deaf and dumb""",2009,4
DIS_old_deaf_mute,"""deaf-mute"" OR ""deaf mute"" OR ""deaf and dumb""",2010,4
DIS_old_deaf_mute,"""deaf-mute"" OR ""deaf mute"" OR ""deaf and dumb""",2011,4
DIS_old_deaf_mute,"""deaf-mute"" OR ""deaf mute"" OR ""deaf and dumb""",2012,4
DIS_old_deaf_mute,"""deaf-mute"" OR ""deaf mute"" OR ""deaf and dumb""",2013,3
DIS_old_deaf_mute,"""deaf-mute"" OR ""deaf mute"" OR ""deaf and dumb""",2014,2
DIS_old_deaf_mute,"""deaf-mute"" OR ""deaf mute"" OR ""deaf and dumb""",2015,2
DIS_old_deaf_mute,"""deaf-mute"" OR ""deaf mute"" OR ""deaf and dumb""",2016,6
DIS_old_deaf_mute,"""deaf-mute"" OR ""deaf mute"" OR ""deaf and dumb""",2017,6
DIS_old_deaf_mute,"""deaf-mute"" OR ""deaf mute"" OR ""deaf and dumb""",2018,7
DIS_old_deaf_mute,"""deaf-mute"" OR ""deaf mute"" OR ""deaf and dumb""",2019,2
DIS_old_deaf_mute,"""deaf-mute"" OR ""deaf mute"" OR ""deaf and dumb""",2020,6
DIS_old_deaf_mute,"""deaf-mute"" OR ""deaf mute"" OR ""deaf and dumb""",2021,7
DIS_old_deaf_mute,"""deaf-mute"" OR ""deaf mute"" OR ""deaf and dumb""",2022,9
DIS_old_deaf_mute,"""deaf-mute"" OR ""deaf mute"" OR ""deaf and dumb""",2023,9
DIS_old_deaf_mute,"""deaf-mute"" OR ""deaf mute"" OR ""deaf and dumb""",2024,4
RACE_old_negro,Negro OR Negroid,1950,44
RACE_old_negro,Negro OR Negroid,1951,62
RACE_old_negro,Negro OR Negroid,1952,56
RACE_old_negro,Negro OR Negroid,1953,42
RACE_old_negro,Negro OR Negroid,1954,32
RACE_old_negro,Negro OR Negroid,1955,47
RACE_old_negro,Negro OR Negroid,1956,27
RACE_old_negro,Negro OR Negroid,1957,27
RACE_old_negro,Negro OR Negroid,1958,23
RACE_old_negro,Negro OR Negroid,1959,37
RACE_old_negro,Negro OR Negroid,1960,50
RACE_old_negro,Negro OR Negroid,1961,35
RACE_old_negro,Negro OR Negroid,1962,40
RACE_old_negro,Negro OR Negroid,1963,59
RACE_old_negro,Negro OR Negroid,1964,60
RACE_old_negro,Negro OR Negroid,1965,59
RACE_old_negro,Negro OR Negroid,1966,66
RACE_old_negro,Negro OR Negroid,1967,81
RACE_old_negro,Negro OR Negroid,1968,86
RACE_old_negro,Negro OR Negroid,1969,72
RACE_old_negro,Negro OR Negroid,1970,80
RACE_old_negro,Negro OR Negroid,1971,51
RACE_old_negro,Negro OR Negroid,1972,41
RACE_old_negro,Negro OR Negroid,1973,41
RACE_old_negro,Negro OR Negroid,1974,31
RACE_old_negro,Negro OR Negroid,1975,77
RACE_old_negro,Negro OR Negroid,1976,69
RACE_old_negro,Negro OR Negroid,1977,49
RACE_old_negro,Negro OR Negroid,1978,50
RACE_old_negro,Negro OR Negroid,1979,34
RACE_old_negro,Negro OR Negroid,1980,35
RACE_old_negro,Negro OR Negroid,1981,32
RACE_old_negro,Negro OR Negroid,1982,24
RACE_old_negro,Negro OR Negroid,1983,16
RACE_old_negro,Negro OR Negroid,1984,25
RACE_old_negro,Negro OR Negroid,1985,21
RACE_old_negro,Negro OR Negroid,1986,25
RACE_old_negro,Negro OR Negroid,1987,23
RACE_old_negro,Negro OR Negroid,1988,44
RACE_old_negro,Negro OR Negroid,1989,35
RACE_old_negro,Negro OR Negroid,1990,25
RACE_old_negro,Negro OR Negroid,1991,32
RACE_old_negro,Negro OR Negroid,1992,36
RACE_old_negro,Negro OR Negroid,1993,23
RACE_old_negro,Negro OR Negroid,1994,28
RACE_old_negro,Negro OR Negroid,1995,16
RACE_old_negro,Negro OR Negroid,1996,32
RACE_old_negro,Negro OR Negroid,1997,15
RACE_old_negro,Negro OR Negroid,1998,19
RACE_old_negro,Negro OR Negroid,1999,22
RACE_old_negro,Negro OR Negroid,2000,21
RACE_old_negro,Negro OR Negroid,2001,27
RACE_old_negro,Negro OR Negroid,2002,33
RACE_old_negro,Negro OR Negroid,2003,26
RACE_old_negro,Negro OR Negroid,2004,28
RACE_old_negro,Negro OR Negroid,2005,35
RACE_old_negro,Negro OR Negroid,2006,43
RACE_old_negro,Negro OR Negroid,2007,38
RACE_old_negro,Negro OR Negroid,2008,33
RACE_old_negro,Negro OR Negroid,2009,25
RACE_old_negro,Negro OR Negroid,2010,34
RACE_old_negro,Negro OR Negroid,2011,39
RACE_old_negro,Negro OR Negroid,2012,53
RACE_old_negro,Negro OR Negroid,2013,51
RACE_old_negro,Negro OR Negroid,2014,51
RACE_old_negro,Negro OR Negroid,2015,49
RACE_old_negro,Negro OR Negroid,2016,70
RACE_old_negro,Negro OR Negroid,2017,41
RACE_old_negro,Negro OR Negroid,2018,50
RACE_old_negro,Negro OR Negroid,2019,58
RACE_old_negro,Negro OR Negroid,2020,54
RACE_old_negro,Negro OR Negroid,2021,60
RACE_old_negro,Negro OR Negroid,2022,50
RACE_old_negro,Negro OR Negroid,2023,49
RACE_old_negro,Negro OR Negroid,2024,46
RACE_new_african_amer,"""African American"" OR ""African-American"" OR ""African Americans""",1950,0
RACE_new_african_amer,"""African American"" OR ""African-American"" OR ""African Americans""",1951,0
RACE_new_african_amer,"""African American"" OR ""African-American"" OR ""African Americans""",1952,0
RACE_new_african_amer,"""African American"" OR ""African-American"" OR ""African Americans""",1953,0
RACE_new_african_amer,"""African American"" OR ""African-American"" OR ""African Americans""",1954,0
RACE_new_african_amer,"""African American"" OR ""African-American"" OR ""African Americans""",1955,0
RACE_new_african_amer,"""African American"" OR ""African-American"" OR ""African Americans""",1956,0
RACE_new_african_amer,"""African American"" OR ""African-American"" OR ""African Americans""",1957,1
RACE_new_african_amer,"""African American"" OR ""African-American"" OR ""African Americans""",1958,0
RACE_new_african_amer,"""African American"" OR ""African-American"" OR ""African Americans""",1959,0
RACE_new_african_amer,"""African American"" OR ""African-American"" OR ""African Americans""",1960,0
RACE_new_african_amer,"""African American"" OR ""African-American"" OR ""African Americans""",1961,0
RACE_new_african_amer,"""African American"" OR ""African-American"" OR ""African Americans""",1962,0
RACE_new_african_amer,"""African American"" OR ""African-American"" OR ""African Americans""",1963,0
RACE_new_african_amer,"""African American"" OR ""African-American"" OR ""African Americans""",1964,0
RACE_new_african_amer,"""African American"" OR ""African-American"" OR ""African Americans""",1965,0
RACE_new_african_amer,"""African American"" OR ""African-American"" OR ""African Americans""",1966,0
RACE_new_african_amer,"""African American"" OR ""African-American"" OR ""African Americans""",1967,0
RACE_new_african_amer,"""African American"" OR ""African-American"" OR ""African Americans""",1968,0
RACE_new_african_amer,"""African American"" OR ""African-American"" OR ""African Americans""",1969,0
RACE_new_african_amer,"""African American"" OR ""African-American"" OR ""African Americans""",1970,0
RACE_new_african_amer,"""African American"" OR ""African-American"" OR ""African Americans""",1971,0
RACE_new_african_amer,"""African American"" OR ""African-American"" OR ""African Americans""",1972,0
RACE_new_african_amer,"""African American"" OR ""African-American"" OR ""African Americans""",1973,0
RACE_new_african_amer,"""African American"" OR ""African-American"" OR ""African Americans""",1974,0
RACE_new_african_amer,"""African American"" OR ""African-American"" OR ""African Americans""",1975,0
RACE_new_african_amer,"""African American"" OR ""African-American"" OR ""African Americans""",1976,1
RACE_new_african_amer,"""African American"" OR ""African-American"" OR ""African Americans""",1977,0
RACE_new_african_amer,"""African American"" OR ""African-American"" OR ""African Americans""",1978,0
RACE_new_african_amer,"""African American"" OR ""African-American"" OR ""African Americans""",1979,1
RACE_new_african_amer,"""African American"" OR ""African-American"" OR ""African Americans""",1980,2
RACE_new_african_amer,"""African American"" OR ""African-American"" OR ""African Americans""",1981,1
RACE_new_african_amer,"""African American"" OR ""African-American"" OR ""African Americans""",1982,0
RACE_new_african_amer,"""African American"" OR ""African-American"" OR ""African Americans""",1983,0
RACE_new_african_amer,"""African American"" OR ""African-American"" OR ""African Americans""",1984,1
RACE_new_african_amer,"""African American"" OR ""African-American"" OR ""African Americans""",1985,1
RACE_new_african_amer,"""African American"" OR ""African-American"" OR ""African Americans""",1986,1
RACE_new_african_amer,"""African American"" OR ""African-American"" OR ""African Americans""",1987,0
RACE_new_african_amer,"""African American"" OR ""African-American"" OR ""African Americans""",1988,4
RACE_new_african_amer,"""African American"" OR ""African-American"" OR ""African Americans""",1989,5
RACE_new_african_amer,"""African American"" OR ""African-American"" OR ""African Americans""",1990,35
RACE_new_african_amer,"""African American"" OR ""African-American"" OR ""African Americans""",1991,101
RACE_new_african_amer,"""African American"" OR ""African-American"" OR ""African Americans""",1992,166
RACE_new_african_amer,"""African American"" OR ""African-American"" OR ""African Americans""",1993,333
RACE_new_african_amer,"""African American"" OR ""African-American"" OR ""African Americans""",1994,430
RACE_new_african_amer,"""African American"" OR ""African-American"" OR ""African Americans""",1995,591
RACE_new_african_amer,"""African American"" OR ""African-American"" OR ""African Americans""",1996,776
RACE_new_african_amer,"""African American"" OR ""African-American"" OR ""African Americans""",1997,900
RACE_new_african_amer,"""African American"" OR ""African-American"" OR ""African Americans""",1998,994
RACE_new_african_amer,"""African American"" OR ""African-American"" OR ""African Americans""",1999,1063
RACE_new_african_amer,"""African American"" OR ""African-American"" OR ""African Americans""",2000,1185
RACE_new_african_amer,"""African American"" OR ""African-American"" OR ""African Americans""",2001,1357
RACE_new_african_amer,"""African American"" OR ""African-American"" OR ""African Americans""",2002,1526
RACE_new_african_amer,"""African American"" OR ""African-American"" OR ""African Americans""",2003,1700
RACE_new_african_amer,"""African American"" OR ""African-American"" OR ""African Americans""",2004,1817
RACE_new_african_amer,"""African American"" OR ""African-American"" OR ""African Americans""",2005,2042
RACE_new_african_amer,"""African American"" OR ""African-American"" OR ""African Americans""",2006,2244
RACE_new_african_amer,"""African American"" OR ""African-American"" OR ""African Americans""",2007,2261
RACE_new_african_amer,"""African American"" OR ""African-American"" OR ""African Americans""",2008,2523
RACE_new_african_amer,"""African American"" OR ""African-American"" OR ""African Americans""",2009,2758
RACE_new_african_amer,"""African American"" OR ""African-American"" OR ""African Americans""",2010,2853
RACE_new_african_amer,"""African American"" OR ""African-American"" OR ""African Americans""",2011,3222
RACE_new_african_amer,"""African American"" OR ""African-American"" OR ""African Americans""",2012,3225
RACE_new_african_amer,"""African American"" OR ""African-American"" OR ""African Americans""",2013,3455
RACE_new_african_amer,"""African American"" OR ""African-American"" OR ""African Americans""",2014,3387
RACE_new_african_amer,"""African American"" OR ""African-American"" OR ""African Americans""",2015,3496
RACE_new_african_amer,"""African American"" OR ""African-American"" OR ""African Americans""",2016,3603
RACE_new_african_amer,"""African American"" OR ""African-American"" OR ""African Americans""",2017,3670
RACE_new_african_amer,"""African American"" OR ""African-American"" OR ""African Americans""",2018,3434
RACE_new_african_amer,"""African American"" OR ""African-American"" OR ""African Americans""",2019,3578
RACE_new_african_amer,"""African American"" OR ""African-American"" OR ""African Americans""",2020,4092
RACE_new_african_amer,"""African American"" OR ""African-American"" OR ""African Americans""",2021,4080
RACE_new_african_amer,"""African American"" OR ""African-American"" OR ""African Americans""",2022,3834
RACE_new_african_amer,"""African American"" OR ""African-American"" OR ""African Americans""",2023,3297
RACE_new_african_amer,"""African American"" OR ""African-American"" OR ""African Americans""",2024,3117
RACE_old_oriental,Oriental,1950,3
RACE_old_oriental,Oriental,1951,4
RACE_old_oriental,Oriental,1952,5
RACE_old_oriental,Oriental,1953,4
RACE_old_oriental,Oriental,1954,3
RACE_old_oriental,Oriental,1955,5
RACE_old_oriental,Oriental,1956,9
RACE_old_oriental,Oriental,1957,4
RACE_old_oriental,Oriental,1958,9
RACE_old_oriental,Oriental,1959,7
RACE_old_oriental,Oriental,1960,6
RACE_old_oriental,Oriental,1961,6
RACE_old_oriental,Oriental,1962,17
RACE_old_oriental,Oriental,1963,30
RACE_old_oriental,Oriental,1964,29
RACE_old_oriental,Oriental,1965,15
RACE_old_oriental,Oriental,1966,14
RACE_old_oriental,Oriental,1967,24
RACE_old_oriental,Oriental,1968,20
RACE_old_oriental,Oriental,1969,14
RACE_old_oriental,Oriental,1970,9
RACE_old_oriental,Oriental,1971,11
RACE_old_oriental,Oriental,1972,11
RACE_old_oriental,Oriental,1973,15
RACE_old_oriental,Oriental,1974,20
RACE_old_oriental,Oriental,1975,32
RACE_old_oriental,Oriental,1976,29
RACE_old_oriental,Oriental,1977,29
RACE_old_oriental,Oriental,1978,41
RACE_old_oriental,Oriental,1979,34
RACE_old_oriental,Oriental,1980,37
RACE_old_oriental,Oriental,1981,49
RACE_old_oriental,Oriental,1982,41
RACE_old_oriental,Oriental,1983,56
RACE_old_oriental,Oriental,1984,60
RACE_old_oriental,Oriental,1985,49
RACE_old_oriental,Oriental,1986,72
RACE_old_oriental,Oriental,1987,71
RACE_old_oriental,Oriental,1988,66
RACE_old_oriental,Oriental,1989,87
RACE_old_oriental,Oriental,1990,69
RACE_old_oriental,Oriental,1991,76
RACE_old_oriental,Oriental,1992,79
RACE_old_oriental,Oriental,1993,74
RACE_old_oriental,Oriental,1994,103
RACE_old_oriental,Oriental,1995,104
RACE_old_oriental,Oriental,1996,84
RACE_old_oriental,Oriental,1997,87
RACE_old_oriental,Oriental,1998,96
RACE_old_oriental,Oriental,1999,98
RACE_old_oriental,Oriental,2000,139
RACE_old_oriental,Oriental,2001,127
RACE_old_oriental,Oriental,2002,116
RACE_old_oriental,Oriental,2003,125
RACE_old_oriental,Oriental,2004,173
RACE_old_oriental,Oriental,2005,182
RACE_old_oriental,Oriental,2006,186
RACE_old_oriental,Oriental,2007,202
RACE_old_oriental,Oriental,2008,196
RACE_old_oriental,Oriental,2009,219
RACE_old_oriental,Oriental,2010,230
RACE_old_oriental,Oriental,2011,297
RACE_old_oriental,Oriental,2012,278
RACE_old_oriental,Oriental,2013,329
RACE_old_oriental,Oriental,2014,387
RACE_old_oriental,Oriental,2015,439
RACE_old_oriental,Oriental,2016,429
RACE_old_oriental,Oriental,2017,445
RACE_old_oriental,Oriental,2018,444
RACE_old_oriental,Oriental,2019,453
RACE_old_oriental,Oriental,2020,488
RACE_old_oriental,Oriental,2021,476
RACE_old_oriental,Oriental,2022,406
RACE_old_oriental,Oriental,2023,382
RACE_old_oriental,Oriental,2024,405
RACE_old_eskimo,Eskimo,1950,0
RACE_old_eskimo,Eskimo,1951,2
RACE_old_eskimo,Eskimo,1952,4
RACE_old_eskimo,Eskimo,1953,4
RACE_old_eskimo,Eskimo,1954,5
RACE_old_eskimo,Eskimo,1955,4
RACE_old_eskimo,Eskimo,1956,1
RACE_old_eskimo,Eskimo,1957,1
RACE_old_eskimo,Eskimo,1958,5
RACE_old_eskimo,Eskimo,1959,4
RACE_old_eskimo,Eskimo,1960,2
RACE_old_eskimo,Eskimo,1961,3
RACE_old_eskimo,Eskimo,1962,3
RACE_old_eskimo,Eskimo,1963,4
RACE_old_eskimo,Eskimo,1964,5
RACE_old_eskimo,Eskimo,1965,8
RACE_old_eskimo,Eskimo,1966,9
RACE_old_eskimo,Eskimo,1967,10
RACE_old_eskimo,Eskimo,1968,4
RACE_old_eskimo,Eskimo,1969,13
RACE_old_eskimo,Eskimo,1970,16
RACE_old_eskimo,Eskimo,1971,7
RACE_old_eskimo,Eskimo,1972,20
RACE_old_eskimo,Eskimo,1973,9
RACE_old_eskimo,Eskimo,1974,12
RACE_old_eskimo,Eskimo,1975,12
RACE_old_eskimo,Eskimo,1976,20
RACE_old_eskimo,Eskimo,1977,17
RACE_old_eskimo,Eskimo,1978,10
RACE_old_eskimo,Eskimo,1979,13
RACE_old_eskimo,Eskimo,1980,17
RACE_old_eskimo,Eskimo,1981,17
RACE_old_eskimo,Eskimo,1982,18
RACE_old_eskimo,Eskimo,1983,17
RACE_old_eskimo,Eskimo,1984,10
RACE_old_eskimo,Eskimo,1985,14
RACE_old_eskimo,Eskimo,1986,19
RACE_old_eskimo,Eskimo,1987,12
RACE_old_eskimo,Eskimo,1988,15
RACE_old_eskimo,Eskimo,1989,16
RACE_old_eskimo,Eskimo,1990,19
RACE_old_eskimo,Eskimo,1991,14
RACE_old_eskimo,Eskimo,1992,14
RACE_old_eskimo,Eskimo,1993,12
RACE_old_eskimo,Eskimo,1994,17
RACE_old_eskimo,Eskimo,1995,13
RACE_old_eskimo,Eskimo,1996,11
RACE_old_eskimo,Eskimo,1997,12
RACE_old_eskimo,Eskimo,1998,15
RACE_old_eskimo,Eskimo,1999,12
RACE_old_eskimo,Eskimo,2000,9
RACE_old_eskimo,Eskimo,2001,10
RACE_old_eskimo,Eskimo,2002,11
RACE_old_eskimo,Eskimo,2003,14
RACE_old_eskimo,Eskimo,2004,5
RACE_old_eskimo,Eskimo,2005,8
RACE_old_eskimo,Eskimo,2006,10
RACE_old_eskimo,Eskimo,2007,11
RACE_old_eskimo,Eskimo,2008,12
RACE_old_eskimo,Eskimo,2009,9
RACE_old_eskimo,Eskimo,2010,11
RACE_old_eskimo,Eskimo,2011,12
RACE_old_eskimo,Eskimo,2012,9
RACE_old_eskimo,Eskimo,2013,9
RACE_old_eskimo,Eskimo,2014,9
RACE_old_eskimo,Eskimo,2015,6
RACE_old_eskimo,Eskimo,2016,4
RACE_old_eskimo,Eskimo,2017,7
RACE_old_eskimo,Eskimo,2018,4
RACE_old_eskimo,Eskimo,2019,9
RACE_old_eskimo,Eskimo,2020,5
RACE_old_eskimo,Eskimo,2021,4
RACE_old_eskimo,Eskimo,2022,3
RACE_old_eskimo,Eskimo,2023,3
RACE_old_eskimo,Eskimo,2024,5
RACE_new_inuit,Inuit,1950,0
RACE_new_inuit,Inuit,1951,0
RACE_new_inuit,Inuit,1952,0
RACE_new_inuit,Inuit,1953,0
RACE_new_inuit,Inuit,1954,0
RACE_new_inuit,Inuit,1955,0
RACE_new_inuit,Inuit,1956,0
RACE_new_inuit,Inuit,1957,0
RACE_new_inuit,Inuit,1958,0
RACE_new_inuit,Inuit,1959,0
RACE_new_inuit,Inuit,1960,0
RACE_new_inuit,Inuit,1961,0
RACE_new_inuit,Inuit,1962,0
RACE_new_inuit,Inuit,1963,0
RACE_new_inuit,Inuit,1964,0
RACE_new_inuit,Inuit,1965,0
RACE_new_inuit,Inuit,1966,0
RACE_new_inuit,Inuit,1967,0
RACE_new_inuit,Inuit,1968,0
RACE_new_inuit,Inuit,1969,0
RACE_new_inuit,Inuit,1970,0
RACE_new_inuit,Inuit,1971,0
RACE_new_inuit,Inuit,1972,0
RACE_new_inuit,Inuit,1973,0
RACE_new_inuit,Inuit,1974,2
RACE_new_inuit,Inuit,1975,5
RACE_new_inuit,Inuit,1976,1
RACE_new_inuit,Inuit,1977,5
RACE_new_inuit,Inuit,1978,4
RACE_new_inuit,Inuit,1979,5
RACE_new_inuit,Inuit,1980,7
RACE_new_inuit,Inuit,1981,6
RACE_new_inuit,Inuit,1982,11
RACE_new_inuit,Inuit,1983,6
RACE_new_inuit,Inuit,1984,11
RACE_new_inuit,Inuit,1985,12
RACE_new_inuit,Inuit,1986,11
RACE_new_inuit,Inuit,1987,12
RACE_new_inuit,Inuit,1988,29
RACE_new_inuit,Inuit,1989,19
RACE_new_inuit,Inuit,1990,20
RACE_new_inuit,Inuit,1991,32
RACE_new_inuit,Inuit,1992,19
RACE_new_inuit,Inuit,1993,20
RACE_new_inuit,Inuit,1994,23
RACE_new_inuit,Inuit,1995,24
RACE_new_inuit,Inuit,1996,41
RACE_new_inuit,Inuit,1997,23
RACE_new_inuit,Inuit,1998,40
RACE_new_inuit,Inuit,1999,29
RACE_new_inuit,Inuit,2000,29
RACE_new_inuit,Inuit,2001,36
RACE_new_inuit,Inuit,2002,30
RACE_new_inuit,Inuit,2003,46
RACE_new_inuit,Inuit,2004,56
RACE_new_inuit,Inuit,2005,43
RACE_new_inuit,Inuit,2006,52
RACE_new_inuit,Inuit,2007,47
RACE_new_inuit,Inuit,2008,58
RACE_new_inuit,Inuit,2009,57
RACE_new_inuit,Inuit,2010,94
RACE_new_inuit,Inuit,2011,77
RACE_new_inuit,Inuit,2012,118
RACE_new_inuit,Inuit,2013,131
RACE_new_inuit,Inuit,2014,107
RACE_new_inuit,Inuit,2015,111
RACE_new_inuit,Inuit,2016,88
RACE_new_inuit,Inuit,2017,88
RACE_new_inuit,Inuit,2018,99
RACE_new_inuit,Inuit,2019,99
RACE_new_inuit,Inuit,2020,99
RACE_new_inuit,Inuit,2021,117
RACE_new_inuit,Inuit,2022,94
RACE_new_inuit,Inuit,2023,116
RACE_new_inuit,Inuit,2024,130
RACE_old_caucasian,Caucasian OR Caucasians,1950,2
RACE_old_caucasian,Caucasian OR Caucasians,1951,0
RACE_old_caucasian,Caucasian OR Caucasians,1952,2
RACE_old_caucasian,Caucasian OR Caucasians,1953,4
RACE_old_caucasian,Caucasian OR Caucasians,1954,0
RACE_old_caucasian,Caucasian OR Caucasians,1955,2
RACE_old_caucasian,Caucasian OR Caucasians,1956,2
RACE_old_caucasian,Caucasian OR Caucasians,1957,2
RACE_old_caucasian,Caucasian OR Caucasians,1958,4
RACE_old_caucasian,Caucasian OR Caucasians,1959,4
RACE_old_caucasian,Caucasian OR Caucasians,1960,6
RACE_old_caucasian,Caucasian OR Caucasians,1961,6
RACE_old_caucasian,Caucasian OR Caucasians,1962,12
RACE_old_caucasian,Caucasian OR Caucasians,1963,94
RACE_old_caucasian,Caucasian OR Caucasians,1964,195
RACE_old_caucasian,Caucasian OR Caucasians,1965,92
RACE_old_caucasian,Caucasian OR Caucasians,1966,13
RACE_old_caucasian,Caucasian OR Caucasians,1967,17
RACE_old_caucasian,Caucasian OR Caucasians,1968,27
RACE_old_caucasian,Caucasian OR Caucasians,1969,29
RACE_old_caucasian,Caucasian OR Caucasians,1970,34
RACE_old_caucasian,Caucasian OR Caucasians,1971,37
RACE_old_caucasian,Caucasian OR Caucasians,1972,39
RACE_old_caucasian,Caucasian OR Caucasians,1973,30
RACE_old_caucasian,Caucasian OR Caucasians,1974,27
RACE_old_caucasian,Caucasian OR Caucasians,1975,142
RACE_old_caucasian,Caucasian OR Caucasians,1976,136
RACE_old_caucasian,Caucasian OR Caucasians,1977,150
RACE_old_caucasian,Caucasian OR Caucasians,1978,160
RACE_old_caucasian,Caucasian OR Caucasians,1979,151
RACE_old_caucasian,Caucasian OR Caucasians,1980,180
RACE_old_caucasian,Caucasian OR Caucasians,1981,167
RACE_old_caucasian,Caucasian OR Caucasians,1982,186
RACE_old_caucasian,Caucasian OR Caucasians,1983,233
RACE_old_caucasian,Caucasian OR Caucasians,1984,234
RACE_old_caucasian,Caucasian OR Caucasians,1985,246
RACE_old_caucasian,Caucasian OR Caucasians,1986,268
RACE_old_caucasian,Caucasian OR Caucasians,1987,265
RACE_old_caucasian,Caucasian OR Caucasians,1988,277
RACE_old_caucasian,Caucasian OR Caucasians,1989,386
RACE_old_caucasian,Caucasian OR Caucasians,1990,395
RACE_old_caucasian,Caucasian OR Caucasians,1991,483
RACE_old_caucasian,Caucasian OR Caucasians,1992,500
RACE_old_caucasian,Caucasian OR Caucasians,1993,547
RACE_old_caucasian,Caucasian OR Caucasians,1994,672
RACE_old_caucasian,Caucasian OR Caucasians,1995,771
RACE_old_caucasian,Caucasian OR Caucasians,1996,861
RACE_old_caucasian,Caucasian OR Caucasians,1997,949
RACE_old_caucasian,Caucasian OR Caucasians,1998,1062
RACE_old_caucasian,Caucasian OR Caucasians,1999,1189
RACE_old_caucasian,Caucasian OR Caucasians,2000,1306
RACE_old_caucasian,Caucasian OR Caucasians,2001,1372
RACE_old_caucasian,Caucasian OR Caucasians,2002,1357
RACE_old_caucasian,Caucasian OR Caucasians,2003,1531
RACE_old_caucasian,Caucasian OR Caucasians,2004,1800
RACE_old_caucasian,Caucasian OR Caucasians,2005,2098
RACE_old_caucasian,Caucasian OR Caucasians,2006,2341
RACE_old_caucasian,Caucasian OR Caucasians,2007,2369
RACE_old_caucasian,Caucasian OR Caucasians,2008,2678
RACE_old_caucasian,Caucasian OR Caucasians,2009,2930
RACE_old_caucasian,Caucasian OR Caucasians,2010,3203
RACE_old_caucasian,Caucasian OR Caucasians,2011,3594
RACE_old_caucasian,Caucasian OR Caucasians,2012,3729
RACE_old_caucasian,Caucasian OR Caucasians,2013,3923
RACE_old_caucasian,Caucasian OR Caucasians,2014,4062
RACE_old_caucasian,Caucasian OR Caucasians,2015,3873
RACE_old_caucasian,Caucasian OR Caucasians,2016,3461
RACE_old_caucasian,Caucasian OR Caucasians,2017,3444
RACE_old_caucasian,Caucasian OR Caucasians,2018,3396
RACE_old_caucasian,Caucasian OR Caucasians,2019,3382
RACE_old_caucasian,Caucasian OR Caucasians,2020,3482
RACE_old_caucasian,Caucasian OR Caucasians,2021,3460
RACE_old_caucasian,Caucasian OR Caucasians,2022,3013
RACE_old_caucasian,Caucasian OR Caucasians,2023,2385
RACE_old_caucasian,Caucasian OR Caucasians,2024,2188
RACE_new_white_european,"""European descent"" OR ""non-Hispanic white""",1950,0
RACE_new_white_european,"""European descent"" OR ""non-Hispanic white""",1951,0
RACE_new_white_european,"""European descent"" OR ""non-Hispanic white""",1952,0
RACE_new_white_european,"""European descent"" OR ""non-Hispanic white""",1953,0
RACE_new_white_european,"""European descent"" OR ""non-Hispanic white""",1954,0
RACE_new_white_european,"""European descent"" OR ""non-Hispanic white""",1955,0
RACE_new_white_european,"""European descent"" OR ""non-Hispanic white""",1956,0
RACE_new_white_european,"""European descent"" OR ""non-Hispanic white""",1957,0
RACE_new_white_european,"""European descent"" OR ""non-Hispanic white""",1958,1
RACE_new_white_european,"""European descent"" OR ""non-Hispanic white""",1959,0
RACE_new_white_european,"""European descent"" OR ""non-Hispanic white""",1960,0
RACE_new_white_european,"""European descent"" OR ""non-Hispanic white""",1961,0
RACE_new_white_european,"""European descent"" OR ""non-Hispanic white""",1962,0
RACE_new_white_european,"""European descent"" OR ""non-Hispanic white""",1963,0
RACE_new_white_european,"""European descent"" OR ""non-Hispanic white""",1964,0
RACE_new_white_european,"""European descent"" OR ""non-Hispanic white""",1965,0
RACE_new_white_european,"""European descent"" OR ""non-Hispanic white""",1966,2
RACE_new_white_european,"""European descent"" OR ""non-Hispanic white""",1967,0
RACE_new_white_european,"""European descent"" OR ""non-Hispanic white""",1968,0
RACE_new_white_european,"""European descent"" OR ""non-Hispanic white""",1969,0
RACE_new_white_european,"""European descent"" OR ""non-Hispanic white""",1970,1
RACE_new_white_european,"""European descent"" OR ""non-Hispanic white""",1971,0
RACE_new_white_european,"""European descent"" OR ""non-Hispanic white""",1972,0
RACE_new_white_european,"""European descent"" OR ""non-Hispanic white""",1973,0
RACE_new_white_european,"""European descent"" OR ""non-Hispanic white""",1974,0
RACE_new_white_european,"""European descent"" OR ""non-Hispanic white""",1975,1
RACE_new_white_european,"""European descent"" OR ""non-Hispanic white""",1976,0
RACE_new_white_european,"""European descent"" OR ""non-Hispanic white""",1977,2
RACE_new_white_european,"""European descent"" OR ""non-Hispanic white""",1978,2
RACE_new_white_european,"""European descent"" OR ""non-Hispanic white""",1979,0
RACE_new_white_european,"""European descent"" OR ""non-Hispanic white""",1980,0
RACE_new_white_european,"""European descent"" OR ""non-Hispanic white""",1981,2
RACE_new_white_european,"""European descent"" OR ""non-Hispanic white""",1982,2
RACE_new_white_european,"""European descent"" OR ""non-Hispanic white""",1983,4
RACE_new_white_european,"""European descent"" OR ""non-Hispanic white""",1984,4
RACE_new_white_european,"""European descent"" OR ""non-Hispanic white""",1985,2
RACE_new_white_european,"""European descent"" OR ""non-Hispanic white""",1986,12
RACE_new_white_european,"""European descent"" OR ""non-Hispanic white""",1987,12
RACE_new_white_european,"""European descent"" OR ""non-Hispanic white""",1988,10
RACE_new_white_european,"""European descent"" OR ""non-Hispanic white""",1989,23
RACE_new_white_european,"""European descent"" OR ""non-Hispanic white""",1990,30
RACE_new_white_european,"""European descent"" OR ""non-Hispanic white""",1991,29
RACE_new_white_european,"""European descent"" OR ""non-Hispanic white""",1992,40
RACE_new_white_european,"""European descent"" OR ""non-Hispanic white""",1993,47
RACE_new_white_european,"""European descent"" OR ""non-Hispanic white""",1994,50
RACE_new_white_european,"""European descent"" OR ""non-Hispanic white""",1995,56
RACE_new_white_european,"""European descent"" OR ""non-Hispanic white""",1996,66
RACE_new_white_european,"""European descent"" OR ""non-Hispanic white""",1997,73
RACE_new_white_european,"""European descent"" OR ""non-Hispanic white""",1998,93
RACE_new_white_european,"""European descent"" OR ""non-Hispanic white""",1999,105
RACE_new_white_european,"""European descent"" OR ""non-Hispanic white""",2000,105
RACE_new_white_european,"""European descent"" OR ""non-Hispanic white""",2001,111
RACE_new_white_european,"""European descent"" OR ""non-Hispanic white""",2002,152
RACE_new_white_european,"""European descent"" OR ""non-Hispanic white""",2003,138
RACE_new_white_european,"""European descent"" OR ""non-Hispanic white""",2004,158
RACE_new_white_european,"""European descent"" OR ""non-Hispanic white""",2005,210
RACE_new_white_european,"""European descent"" OR ""non-Hispanic white""",2006,247
RACE_new_white_european,"""European descent"" OR ""non-Hispanic white""",2007,330
RACE_new_white_european,"""European descent"" OR ""non-Hispanic white""",2008,378
RACE_new_white_european,"""European descent"" OR ""non-Hispanic white""",2009,381
RACE_new_white_european,"""European descent"" OR ""non-Hispanic white""",2010,450
RACE_new_white_european,"""European descent"" OR ""non-Hispanic white""",2011,501
RACE_new_white_european,"""European descent"" OR ""non-Hispanic white""",2012,550
RACE_new_white_european,"""European descent"" OR ""non-Hispanic white""",2013,576
RACE_new_white_european,"""European descent"" OR ""non-Hispanic white""",2014,634
RACE_new_white_european,"""European descent"" OR ""non-Hispanic white""",2015,699
RACE_new_white_european,"""European descent"" OR ""non-Hispanic white""",2016,734
RACE_new_white_european,"""European descent"" OR ""non-Hispanic white""",2017,744
RACE_new_white_european,"""European descent"" OR ""non-Hispanic white""",2018,837
RACE_new_white_european,"""European descent"" OR ""non-Hispanic white""",2019,966
RACE_new_white_european,"""European descent"" OR ""non-Hispanic white""",2020,1147
RACE_new_white_european,"""European descent"" OR ""non-Hispanic white""",2021,1644
RACE_new_white_european,"""European descent"" OR ""non-Hispanic white""",2022,2033
RACE_new_white_european,"""European descent"" OR ""non-Hispanic white""",2023,2260
RACE_new_white_european,"""European descent"" OR ""non-Hispanic white""",2024,2365
SUI_old_committed,"""committed suicide"" OR ""commits suicide""",1970,1
SUI_old_committed,"""committed suicide"" OR ""commits suicide""",1971,1
SUI_old_committed,"""committed suicide"" OR ""commits suicide""",1972,1
SUI_old_committed,"""committed suicide"" OR ""commits suicide""",1973,2
SUI_old_committed,"""committed suicide"" OR ""commits suicide""",1974,0
SUI_old_committed,"""committed suicide"" OR ""commits suicide""",1975,12
SUI_old_committed,"""committed suicide"" OR ""commits suicide""",1976,9
SUI_old_committed,"""committed suicide"" OR ""commits suicide""",1977,9
SUI_old_committed,"""committed suicide"" OR ""commits suicide""",1978,5
SUI_old_committed,"""committed suicide"" OR ""commits suicide""",1979,18
SUI_old_committed,"""committed suicide"" OR ""commits suicide""",1980,12
SUI_old_committed,"""committed suicide"" OR ""commits suicide""",1981,24
SUI_old_committed,"""committed suicide"" OR ""commits suicide""",1982,10
SUI_old_committed,"""committed suicide"" OR ""commits suicide""",1983,18
SUI_old_committed,"""committed suicide"" OR ""commits suicide""",1984,17
SUI_old_committed,"""committed suicide"" OR ""commits suicide""",1985,23
SUI_old_committed,"""committed suicide"" OR ""commits suicide""",1986,20
SUI_old_committed,"""committed suicide"" OR ""commits suicide""",1987,22
SUI_old_committed,"""committed suicide"" OR ""commits suicide""",1988,29
SUI_old_committed,"""committed suicide"" OR ""commits suicide""",1989,23
SUI_old_committed,"""committed suicide"" OR ""commits suicide""",1990,38
SUI_old_committed,"""committed suicide"" OR ""commits suicide""",1991,41
SUI_old_committed,"""committed suicide"" OR ""commits suicide""",1992,34
SUI_old_committed,"""committed suicide"" OR ""commits suicide""",1993,35
SUI_old_committed,"""committed suicide"" OR ""commits suicide""",1994,44
SUI_old_committed,"""committed suicide"" OR ""commits suicide""",1995,43
SUI_old_committed,"""committed suicide"" OR ""commits suicide""",1996,35
SUI_old_committed,"""committed suicide"" OR ""commits suicide""",1997,51
SUI_old_committed,"""committed suicide"" OR ""commits suicide""",1998,38
SUI_old_committed,"""committed suicide"" OR ""commits suicide""",1999,41
SUI_old_committed,"""committed suicide"" OR ""commits suicide""",2000,42
SUI_old_committed,"""committed suicide"" OR ""commits suicide""",2001,52
SUI_old_committed,"""committed suicide"" OR ""commits suicide""",2002,36
SUI_old_committed,"""committed suicide"" OR ""commits suicide""",2003,36
SUI_old_committed,"""committed suicide"" OR ""commits suicide""",2004,39
SUI_old_committed,"""committed suicide"" OR ""commits suicide""",2005,57
SUI_old_committed,"""committed suicide"" OR ""commits suicide""",2006,53
SUI_old_committed,"""committed suicide"" OR ""commits suicide""",2007,53
SUI_old_committed,"""committed suicide"" OR ""commits suicide""",2008,62
SUI_old_committed,"""committed suicide"" OR ""commits suicide""",2009,65
SUI_old_committed,"""committed suicide"" OR ""commits suicide""",2010,56
SUI_old_committed,"""committed suicide"" OR ""commits suicide""",2011,56
SUI_old_committed,"""committed suicide"" OR ""commits suicide""",2012,61
SUI_old_committed,"""committed suicide"" OR ""commits suicide""",2013,50
SUI_old_committed,"""committed suicide"" OR ""commits suicide""",2014,56
SUI_old_committed,"""committed suicide"" OR ""commits suicide""",2015,62
SUI_old_committed,"""committed suicide"" OR ""commits suicide""",2016,52
SUI_old_committed,"""committed suicide"" OR ""commits suicide""",2017,56
SUI_old_committed,"""committed suicide"" OR ""commits suicide""",2018,56
SUI_old_committed,"""committed suicide"" OR ""commits suicide""",2019,62
SUI_old_committed,"""committed suicide"" OR ""commits suicide""",2020,55
SUI_old_committed,"""committed suicide"" OR ""commits suicide""",2021,59
SUI_old_committed,"""committed suicide"" OR ""commits suicide""",2022,34
SUI_old_committed,"""committed suicide"" OR ""commits suicide""",2023,42
SUI_old_committed,"""committed suicide"" OR ""commits suicide""",2024,33
SUI_new_died_by,"""died by suicide""",1990,0
SUI_new_died_by,"""died by suicide""",1991,0
SUI_new_died_by,"""died by suicide""",1992,0
SUI_new_died_by,"""died by suicide""",1993,0
SUI_new_died_by,"""died by suicide""",1994,0
SUI_new_died_by,"""died by suicide""",1995,0
SUI_new_died_by,"""died by suicide""",1996,0
SUI_new_died_by,"""died by suicide""",1997,0
SUI_new_died_by,"""died by suicide""",1998,0
SUI_new_died_by,"""died by suicide""",1999,0
SUI_new_died_by,"""died by suicide""",2000,0
SUI_new_died_by,"""died by suicide""",2001,0
SUI_new_died_by,"""died by suicide""",2002,0
SUI_new_died_by,"""died by suicide""",2003,0
SUI_new_died_by,"""died by suicide""",2004,0
SUI_new_died_by,"""died by suicide""",2005,0
SUI_new_died_by,"""died by suicide""",2006,0
SUI_new_died_by,"""died by suicide""",2007,0
SUI_new_died_by,"""died by suicide""",2008,0
SUI_new_died_by,"""died by suicide""",2009,0
SUI_new_died_by,"""died by suicide""",2010,0
SUI_new_died_by,"""died by suicide""",2011,0
SUI_new_died_by,"""died by suicide""",2012,0
SUI_new_died_by,"""died by suicide""",2013,0
SUI_new_died_by,"""died by suicide""",2014,0
SUI_new_died_by,"""died by suicide""",2015,0
SUI_new_died_by,"""died by suicide""",2016,0
SUI_new_died_by,"""died by suicide""",2017,0
SUI_new_died_by,"""died by suicide""",2018,0
SUI_new_died_by,"""died by suicide""",2019,0
SUI_new_died_by,"""died by suicide""",2020,0
SUI_new_died_by,"""died by suicide""",2021,0
SUI_new_died_by,"""died by suicide""",2022,0
SUI_new_died_by,"""died by suicide""",2023,0
SUI_new_died_by,"""died by suicide""",2024,0
DEFUNCT_drapetomania,drapetomania,1950,0
DEFUNCT_drapetomania,drapetomania,1951,0
DEFUNCT_drapetomania,drapetomania,1952,0
DEFUNCT_drapetomania,drapetomania,1953,0
DEFUNCT_drapetomania,drapetomania,1954,0
DEFUNCT_drapetomania,drapetomania,1955,0
DEFUNCT_drapetomania,drapetomania,1956,0
DEFUNCT_drapetomania,drapetomania,1957,0
DEFUNCT_drapetomania,drapetomania,1958,0
DEFUNCT_drapetomania,drapetomania,1959,0
DEFUNCT_drapetomania,drapetomania,1960,0
DEFUNCT_drapetomania,drapetomania,1961,0
DEFUNCT_drapetomania,drapetomania,1962,0
DEFUNCT_drapetomania,drapetomania,1963,0
DEFUNCT_drapetomania,drapetomania,1964,0
DEFUNCT_drapetomania,drapetomania,1965,0
DEFUNCT_drapetomania,drapetomania,1966,0
DEFUNCT_drapetomania,drapetomania,1967,0
DEFUNCT_drapetomania,drapetomania,1968,0
DEFUNCT_drapetomania,drapetomania,1969,0
DEFUNCT_drapetomania,drapetomania,1970,0
DEFUNCT_drapetomania,drapetomania,1971,0
DEFUNCT_drapetomania,drapetomania,1972,0
DEFUNCT_drapetomania,drapetomania,1973,0
DEFUNCT_drapetomania,drapetomania,1974,0
DEFUNCT_drapetomania,drapetomania,1975,0
DEFUNCT_drapetomania,drapetomania,1976,0
DEFUNCT_drapetomania,drapetomania,1977,0
DEFUNCT_drapetomania,drapetomania,1978,0
DEFUNCT_drapetomania,drapetomania,1979,0
DEFUNCT_drapetomania,drapetomania,1980,0
DEFUNCT_drapetomania,drapetomania,1981,0
DEFUNCT_drapetomania,drapetomania,1982,0
DEFUNCT_drapetomania,drapetomania,1983,0
DEFUNCT_drapetomania,drapetomania,1984,0
DEFUNCT_drapetomania,drapetomania,1985,0
DEFUNCT_drapetomania,drapetomania,1986,0
DEFUNCT_drapetomania,drapetomania,1987,0
DEFUNCT_drapetomania,drapetomania,1988,0
DEFUNCT_drapetomania,drapetomania,1989,0
DEFUNCT_drapetomania,drapetomania,1990,0
DEFUNCT_drapetomania,drapetomania,1991,0
DEFUNCT_drapetomania,drapetomania,1992,0
DEFUNCT_drapetomania,drapetomania,1993,0
DEFUNCT_drapetomania,drapetomania,1994,0
DEFUNCT_drapetomania,drapetomania,1995,0
DEFUNCT_drapetomania,drapetomania,1996,0
DEFUNCT_drapetomania,drapetomania,1997,0
DEFUNCT_drapetomania,drapetomania,1998,0
DEFUNCT_drapetomania,drapetomania,1999,0
DEFUNCT_drapetomania,drapetomania,2000,1
DEFUNCT_drapetomania,drapetomania,2001,0
DEFUNCT_drapetomania,drapetomania,2002,0
DEFUNCT_drapetomania,drapetomania,2003,0
DEFUNCT_drapetomania,drapetomania,2004,0
DEFUNCT_drapetomania,drapetomania,2005,0
DEFUNCT_drapetomania,drapetomania,2006,0
DEFUNCT_drapetomania,drapetomania,2007,0
DEFUNCT_drapetomania,drapetomania,2008,0
DEFUNCT_drapetomania,drapetomania,2009,0
DEFUNCT_drapetomania,drapetomania,2010,0
DEFUNCT_drapetomania,drapetomania,2011,0
DEFUNCT_drapetomania,drapetomania,2012,0
DEFUNCT_drapetomania,drapetomania,2013,0
DEFUNCT_drapetomania,drapetomania,2014,0
DEFUNCT_drapetomania,drapetomania,2015,0
DEFUNCT_drapetomania,drapetomania,2016,0
DEFUNCT_drapetomania,drapetomania,2017,1
DEFUNCT_drapetomania,drapetomania,2018,0
DEFUNCT_drapetomania,drapetomania,2019,1
DEFUNCT_drapetomania,drapetomania,2020,0
DEFUNCT_drapetomania,drapetomania,2021,1
DEFUNCT_drapetomania,drapetomania,2022,1
DEFUNCT_drapetomania,drapetomania,2023,0
DEFUNCT_drapetomania,drapetomania,2024,0
DEFUNCT_neurasthenia,neurasthenia OR neurasthenic,1950,15
DEFUNCT_neurasthenia,neurasthenia OR neurasthenic,1951,9
DEFUNCT_neurasthenia,neurasthenia OR neurasthenic,1952,9
DEFUNCT_neurasthenia,neurasthenia OR neurasthenic,1953,8
DEFUNCT_neurasthenia,neurasthenia OR neurasthenic,1954,10
DEFUNCT_neurasthenia,neurasthenia OR neurasthenic,1955,15
DEFUNCT_neurasthenia,neurasthenia OR neurasthenic,1956,7
DEFUNCT_neurasthenia,neurasthenia OR neurasthenic,1957,10
DEFUNCT_neurasthenia,neurasthenia OR neurasthenic,1958,6
DEFUNCT_neurasthenia,neurasthenia OR neurasthenic,1959,5
DEFUNCT_neurasthenia,neurasthenia OR neurasthenic,1960,9
DEFUNCT_neurasthenia,neurasthenia OR neurasthenic,1961,10
DEFUNCT_neurasthenia,neurasthenia OR neurasthenic,1962,15
DEFUNCT_neurasthenia,neurasthenia OR neurasthenic,1963,44
DEFUNCT_neurasthenia,neurasthenia OR neurasthenic,1964,38
DEFUNCT_neurasthenia,neurasthenia OR neurasthenic,1965,9
DEFUNCT_neurasthenia,neurasthenia OR neurasthenic,1966,6
DEFUNCT_neurasthenia,neurasthenia OR neurasthenic,1967,6
DEFUNCT_neurasthenia,neurasthenia OR neurasthenic,1968,6
DEFUNCT_neurasthenia,neurasthenia OR neurasthenic,1969,8
DEFUNCT_neurasthenia,neurasthenia OR neurasthenic,1970,6
DEFUNCT_neurasthenia,neurasthenia OR neurasthenic,1971,6
DEFUNCT_neurasthenia,neurasthenia OR neurasthenic,1972,8
DEFUNCT_neurasthenia,neurasthenia OR neurasthenic,1973,4
DEFUNCT_neurasthenia,neurasthenia OR neurasthenic,1974,7
DEFUNCT_neurasthenia,neurasthenia OR neurasthenic,1975,11
DEFUNCT_neurasthenia,neurasthenia OR neurasthenic,1976,15
DEFUNCT_neurasthenia,neurasthenia OR neurasthenic,1977,8
DEFUNCT_neurasthenia,neurasthenia OR neurasthenic,1978,9
DEFUNCT_neurasthenia,neurasthenia OR neurasthenic,1979,10
DEFUNCT_neurasthenia,neurasthenia OR neurasthenic,1980,9
DEFUNCT_neurasthenia,neurasthenia OR neurasthenic,1981,7
DEFUNCT_neurasthenia,neurasthenia OR neurasthenic,1982,11
DEFUNCT_neurasthenia,neurasthenia OR neurasthenic,1983,9
DEFUNCT_neurasthenia,neurasthenia OR neurasthenic,1984,8
DEFUNCT_neurasthenia,neurasthenia OR neurasthenic,1985,9
DEFUNCT_neurasthenia,neurasthenia OR neurasthenic,1986,12
DEFUNCT_neurasthenia,neurasthenia OR neurasthenic,1987,7
DEFUNCT_neurasthenia,neurasthenia OR neurasthenic,1988,12
DEFUNCT_neurasthenia,neurasthenia OR neurasthenic,1989,31
DEFUNCT_neurasthenia,neurasthenia OR neurasthenic,1990,15
DEFUNCT_neurasthenia,neurasthenia OR neurasthenic,1991,12
DEFUNCT_neurasthenia,neurasthenia OR neurasthenic,1992,12
DEFUNCT_neurasthenia,neurasthenia OR neurasthenic,1993,14
DEFUNCT_neurasthenia,neurasthenia OR neurasthenic,1994,19
DEFUNCT_neurasthenia,neurasthenia OR neurasthenic,1995,9
DEFUNCT_neurasthenia,neurasthenia OR neurasthenic,1996,18
DEFUNCT_neurasthenia,neurasthenia OR neurasthenic,1997,22
DEFUNCT_neurasthenia,neurasthenia OR neurasthenic,1998,13
DEFUNCT_neurasthenia,neurasthenia OR neurasthenic,1999,14
DEFUNCT_neurasthenia,neurasthenia OR neurasthenic,2000,12
DEFUNCT_neurasthenia,neurasthenia OR neurasthenic,2001,29
DEFUNCT_neurasthenia,neurasthenia OR neurasthenic,2002,17
DEFUNCT_neurasthenia,neurasthenia OR neurasthenic,2003,19
DEFUNCT_neurasthenia,neurasthenia OR neurasthenic,2004,11
DEFUNCT_neurasthenia,neurasthenia OR neurasthenic,2005,20
DEFUNCT_neurasthenia,neurasthenia OR neurasthenic,2006,12
DEFUNCT_neurasthenia,neurasthenia OR neurasthenic,2007,16
DEFUNCT_neurasthenia,neurasthenia OR neurasthenic,2008,16
DEFUNCT_neurasthenia,neurasthenia OR neurasthenic,2009,12
DEFUNCT_neurasthenia,neurasthenia OR neurasthenic,2010,12
DEFUNCT_neurasthenia,neurasthenia OR neurasthenic,2011,16
DEFUNCT_neurasthenia,neurasthenia OR neurasthenic,2012,22
DEFUNCT_neurasthenia,neurasthenia OR neurasthenic,2013,20
DEFUNCT_neurasthenia,neurasthenia OR neurasthenic,2014,13
DEFUNCT_neurasthenia,neurasthenia OR neurasthenic,2015,14
DEFUNCT_neurasthenia,neurasthenia OR neurasthenic,2016,17
DEFUNCT_neurasthenia,neurasthenia OR neurasthenic,2017,15
DEFUNCT_neurasthenia,neurasthenia OR neurasthenic,2018,12
DEFUNCT_neurasthenia,neurasthenia OR neurasthenic,2019,18
DEFUNCT_neurasthenia,neurasthenia OR neurasthenic,2020,24
DEFUNCT_neurasthenia,neurasthenia OR neurasthenic,2021,23
DEFUNCT_neurasthenia,neurasthenia OR neurasthenic,2022,18
DEFUNCT_neurasthenia,neurasthenia OR neurasthenic,2023,8
DEFUNCT_neurasthenia,neurasthenia OR neurasthenic,2024,24
CHILD_old_battered,"""battered child syndrome"" OR ""battered child""",1960,0
CHILD_old_battered,"""battered child syndrome"" OR ""battered child""",1961,0
CHILD_old_battered,"""battered child syndrome"" OR ""battered child""",1962,2
CHILD_old_battered,"""battered child syndrome"" OR ""battered child""",1963,7
CHILD_old_battered,"""battered child syndrome"" OR ""battered child""",1964,19
CHILD_old_battered,"""battered child syndrome"" OR ""battered child""",1965,14
CHILD_old_battered,"""battered child syndrome"" OR ""battered child""",1966,7
CHILD_old_battered,"""battered child syndrome"" OR ""battered child""",1967,10
CHILD_old_battered,"""battered child syndrome"" OR ""battered child""",1968,15
CHILD_old_battered,"""battered child syndrome"" OR ""battered child""",1969,8
CHILD_old_battered,"""battered child syndrome"" OR ""battered child""",1970,11
CHILD_old_battered,"""battered child syndrome"" OR ""battered child""",1971,12
CHILD_old_battered,"""battered child syndrome"" OR ""battered child""",1972,7
CHILD_old_battered,"""battered child syndrome"" OR ""battered child""",1973,16
CHILD_old_battered,"""battered child syndrome"" OR ""battered child""",1974,21
CHILD_old_battered,"""battered child syndrome"" OR ""battered child""",1975,23
CHILD_old_battered,"""battered child syndrome"" OR ""battered child""",1976,12
CHILD_old_battered,"""battered child syndrome"" OR ""battered child""",1977,14
CHILD_old_battered,"""battered child syndrome"" OR ""battered child""",1978,10
CHILD_old_battered,"""battered child syndrome"" OR ""battered child""",1979,12
CHILD_old_battered,"""battered child syndrome"" OR ""battered child""",1980,9
CHILD_old_battered,"""battered child syndrome"" OR ""battered child""",1981,5
CHILD_old_battered,"""battered child syndrome"" OR ""battered child""",1982,8
CHILD_old_battered,"""battered child syndrome"" OR ""battered child""",1983,9
CHILD_old_battered,"""battered child syndrome"" OR ""battered child""",1984,9
CHILD_old_battered,"""battered child syndrome"" OR ""battered child""",1985,9
CHILD_old_battered,"""battered child syndrome"" OR ""battered child""",1986,7
CHILD_old_battered,"""battered child syndrome"" OR ""battered child""",1987,6
CHILD_old_battered,"""battered child syndrome"" OR ""battered child""",1988,6
CHILD_old_battered,"""battered child syndrome"" OR ""battered child""",1989,4
CHILD_old_battered,"""battered child syndrome"" OR ""battered child""",1990,9
CHILD_old_battered,"""battered child syndrome"" OR ""battered child""",1991,7
CHILD_old_battered,"""battered child syndrome"" OR ""battered child""",1992,7
CHILD_old_battered,"""battered child syndrome"" OR ""battered child""",1993,3
CHILD_old_battered,"""battered child syndrome"" OR ""battered child""",1994,4
CHILD_old_battered,"""battered child syndrome"" OR ""battered child""",1995,8
CHILD_old_battered,"""battered child syndrome"" OR ""battered child""",1996,0
CHILD_old_battered,"""battered child syndrome"" OR ""battered child""",1997,8
CHILD_old_battered,"""battered child syndrome"" OR ""battered child""",1998,3
CHILD_old_battered,"""battered child syndrome"" OR ""battered child""",1999,11
CHILD_old_battered,"""battered child syndrome"" OR ""battered child""",2000,3
CHILD_old_battered,"""battered child syndrome"" OR ""battered child""",2001,4
CHILD_old_battered,"""battered child syndrome"" OR ""battered child""",2002,6
CHILD_old_battered,"""battered child syndrome"" OR ""battered child""",2003,5
CHILD_old_battered,"""battered child syndrome"" OR ""battered child""",2004,2
CHILD_old_battered,"""battered child syndrome"" OR ""battered child""",2005,3
CHILD_old_battered,"""battered child syndrome"" OR ""battered child""",2006,1
CHILD_old_battered,"""battered child syndrome"" OR ""battered child""",2007,2
CHILD_old_battered,"""battered child syndrome"" OR ""battered child""",2008,6
CHILD_old_battered,"""battered child syndrome"" OR ""battered child""",2009,2
CHILD_old_battered,"""battered child syndrome"" OR ""battered child""",2010,6
CHILD_old_battered,"""battered child syndrome"" OR ""battered child""",2011,4
CHILD_old_battered,"""battered child syndrome"" OR ""battered child""",2012,2
CHILD_old_battered,"""battered child syndrome"" OR ""battered child""",2013,2
CHILD_old_battered,"""battered child syndrome"" OR ""battered child""",2014,6
CHILD_old_battered,"""battered child syndrome"" OR ""battered child""",2015,4
CHILD_old_battered,"""battered child syndrome"" OR ""battered child""",2016,4
CHILD_old_battered,"""battered child syndrome"" OR ""battered child""",2017,2
CHILD_old_battered,"""battered child syndrome"" OR ""battered child""",2018,1
CHILD_old_battered,"""battered child syndrome"" OR ""battered child""",2019,0
CHILD_old_battered,"""battered child syndrome"" OR ""battered child""",2020,3
CHILD_old_battered,"""battered child syndrome"" OR ""battered child""",2021,1
CHILD_old_battered,"""battered child syndrome"" OR ""battered child""",2022,0
CHILD_old_battered,"""battered child syndrome"" OR ""battered child""",2023,0
CHILD_old_battered,"""battered child syndrome"" OR ""battered child""",2024,0
CHILD_old_shaken,"""shaken baby syndrome"" OR ""shaken infant syndrome""",1970,0
CHILD_old_shaken,"""shaken baby syndrome"" OR ""shaken infant syndrome""",1971,0
CHILD_old_shaken,"""shaken baby syndrome"" OR ""shaken infant syndrome""",1972,0
CHILD_old_shaken,"""shaken baby syndrome"" OR ""shaken infant syndrome""",1973,0
CHILD_old_shaken,"""shaken baby syndrome"" OR ""shaken infant syndrome""",1974,1
CHILD_old_shaken,"""shaken baby syndrome"" OR ""shaken infant syndrome""",1975,0
CHILD_old_shaken,"""shaken baby syndrome"" OR ""shaken infant syndrome""",1976,1
CHILD_old_shaken,"""shaken baby syndrome"" OR ""shaken infant syndrome""",1977,0
CHILD_old_shaken,"""shaken baby syndrome"" OR ""shaken infant syndrome""",1978,0
CHILD_old_shaken,"""shaken baby syndrome"" OR ""shaken infant syndrome""",1979,0
CHILD_old_shaken,"""shaken baby syndrome"" OR ""shaken infant syndrome""",1980,1
CHILD_old_shaken,"""shaken baby syndrome"" OR ""shaken infant syndrome""",1981,0
CHILD_old_shaken,"""shaken baby syndrome"" OR ""shaken infant syndrome""",1982,0
CHILD_old_shaken,"""shaken baby syndrome"" OR ""shaken infant syndrome""",1983,0
CHILD_old_shaken,"""shaken baby syndrome"" OR ""shaken infant syndrome""",1984,1
CHILD_old_shaken,"""shaken baby syndrome"" OR ""shaken infant syndrome""",1985,2
CHILD_old_shaken,"""shaken baby syndrome"" OR ""shaken infant syndrome""",1986,3
CHILD_old_shaken,"""shaken baby syndrome"" OR ""shaken infant syndrome""",1987,5
CHILD_old_shaken,"""shaken baby syndrome"" OR ""shaken infant syndrome""",1988,3
CHILD_old_shaken,"""shaken baby syndrome"" OR ""shaken infant syndrome""",1989,4
CHILD_old_shaken,"""shaken baby syndrome"" OR ""shaken infant syndrome""",1990,6
CHILD_old_shaken,"""shaken baby syndrome"" OR ""shaken infant syndrome""",1991,1
CHILD_old_shaken,"""shaken baby syndrome"" OR ""shaken infant syndrome""",1992,4
CHILD_old_shaken,"""shaken baby syndrome"" OR ""shaken infant syndrome""",1993,5
CHILD_old_shaken,"""shaken baby syndrome"" OR ""shaken infant syndrome""",1994,8
CHILD_old_shaken,"""shaken baby syndrome"" OR ""shaken infant syndrome""",1995,16
CHILD_old_shaken,"""shaken baby syndrome"" OR ""shaken infant syndrome""",1996,7
CHILD_old_shaken,"""shaken baby syndrome"" OR ""shaken infant syndrome""",1997,9
CHILD_old_shaken,"""shaken baby syndrome"" OR ""shaken infant syndrome""",1998,24
CHILD_old_shaken,"""shaken baby syndrome"" OR ""shaken infant syndrome""",1999,13
CHILD_old_shaken,"""shaken baby syndrome"" OR ""shaken infant syndrome""",2000,14
CHILD_old_shaken,"""shaken baby syndrome"" OR ""shaken infant syndrome""",2001,19
CHILD_old_shaken,"""shaken baby syndrome"" OR ""shaken infant syndrome""",2002,26
CHILD_old_shaken,"""shaken baby syndrome"" OR ""shaken infant syndrome""",2003,37
CHILD_old_shaken,"""shaken baby syndrome"" OR ""shaken infant syndrome""",2004,41
CHILD_old_shaken,"""shaken baby syndrome"" OR ""shaken infant syndrome""",2005,23
CHILD_old_shaken,"""shaken baby syndrome"" OR ""shaken infant syndrome""",2006,28
CHILD_old_shaken,"""shaken baby syndrome"" OR ""shaken infant syndrome""",2007,20
CHILD_old_shaken,"""shaken baby syndrome"" OR ""shaken infant syndrome""",2008,59
CHILD_old_shaken,"""shaken baby syndrome"" OR ""shaken infant syndrome""",2009,36
CHILD_old_shaken,"""shaken baby syndrome"" OR ""shaken infant syndrome""",2010,28
CHILD_old_shaken,"""shaken baby syndrome"" OR ""shaken infant syndrome""",2011,23
CHILD_old_shaken,"""shaken baby syndrome"" OR ""shaken infant syndrome""",2012,21
CHILD_old_shaken,"""shaken baby syndrome"" OR ""shaken infant syndrome""",2013,24
CHILD_old_shaken,"""shaken baby syndrome"" OR ""shaken infant syndrome""",2014,39
CHILD_old_shaken,"""shaken baby syndrome"" OR ""shaken infant syndrome""",2015,22
CHILD_old_shaken,"""shaken baby syndrome"" OR ""shaken infant syndrome""",2016,32
CHILD_old_shaken,"""shaken baby syndrome"" OR ""shaken infant syndrome""",2017,25
CHILD_old_shaken,"""shaken baby syndrome"" OR ""shaken infant syndrome""",2018,28
CHILD_old_shaken,"""shaken baby syndrome"" OR ""shaken infant syndrome""",2019,27
CHILD_old_shaken,"""shaken baby syndrome"" OR ""shaken infant syndrome""",2020,30
CHILD_old_shaken,"""shaken baby syndrome"" OR ""shaken infant syndrome""",2021,53
CHILD_old_shaken,"""shaken baby syndrome"" OR ""shaken infant syndrome""",2022,59
CHILD_old_shaken,"""shaken baby syndrome"" OR ""shaken infant syndrome""",2023,28
CHILD_old_shaken,"""shaken baby syndrome"" OR ""shaken infant syndrome""",2024,34
CHILD_new_aht,"""abusive head trauma""",1990,0
CHILD_new_aht,"""abusive head trauma""",1991,0
CHILD_new_aht,"""abusive head trauma""",1992,0
CHILD_new_aht,"""abusive head trauma""",1993,0
CHILD_new_aht,"""abusive head trauma""",1994,0
CHILD_new_aht,"""abusive head trauma""",1995,1
CHILD_new_aht,"""abusive head trauma""",1996,0
CHILD_new_aht,"""abusive head trauma""",1997,1
CHILD_new_aht,"""abusive head trauma""",1998,0
CHILD_new_aht,"""abusive head trauma""",1999,4
CHILD_new_aht,"""abusive head trauma""",2000,1
CHILD_new_aht,"""abusive head trauma""",2001,1
CHILD_new_aht,"""abusive head trauma""",2002,5
CHILD_new_aht,"""abusive head trauma""",2003,4
CHILD_new_aht,"""abusive head trauma""",2004,3
CHILD_new_aht,"""abusive head trauma""",2005,3
CHILD_new_aht,"""abusive head trauma""",2006,1
CHILD_new_aht,"""abusive head trauma""",2007,3
CHILD_new_aht,"""abusive head trauma""",2008,10
CHILD_new_aht,"""abusive head trauma""",2009,13
CHILD_new_aht,"""abusive head trauma""",2010,20
CHILD_new_aht,"""abusive head trauma""",2011,29
CHILD_new_aht,"""abusive head trauma""",2012,36
CHILD_new_aht,"""abusive head trauma""",2013,54
CHILD_new_aht,"""abusive head trauma""",2014,60
CHILD_new_aht,"""abusive head trauma""",2015,63
CHILD_new_aht,"""abusive head trauma""",2016,58
CHILD_new_aht,"""abusive head trauma""",2017,50
CHILD_new_aht,"""abusive head trauma""",2018,72
CHILD_new_aht,"""abusive head trauma""",2019,69
CHILD_new_aht,"""abusive head trauma""",2020,86
CHILD_new_aht,"""abusive head trauma""",2021,97
CHILD_new_aht,"""abusive head trauma""",2022,111
CHILD_new_aht,"""abusive head trauma""",2023,77
CHILD_new_aht,"""abusive head trauma""",2024,79
