label,term,year,n_records
T2_moron,moron OR morons OR moronic,1950,0
T2_moron,moron OR morons OR moronic,1951,3
T2_moron,moron OR morons OR moronic,1952,0
T2_moron,moron OR morons OR moronic,1953,2
T2_moron,moron OR morons OR moronic,1954,0
T2_moron,moron OR morons OR moronic,1955,0
T2_moron,moron OR morons OR moronic,1956,1
T2_moron,moron OR morons OR moronic,1957,1
T2_moron,moron OR morons OR moronic,1958,0
T2_moron,moron OR morons OR moronic,1959,1
T2_moron,moron OR morons OR moronic,1960,0
T2_moron,moron OR morons OR moronic,1961,0
T2_moron,moron OR morons OR moronic,1962,0
T2_moron,moron OR morons OR moronic,1963,0
T2_moron,moron OR morons OR moronic,1964,0
T2_moron,moron OR morons OR moronic,1965,0
T2_moron,moron OR morons OR moronic,1966,1
T2_moron,moron OR morons OR moronic,1967,0
T2_moron,moron OR morons OR moronic,1968,0
T2_moron,moron OR morons OR moronic,1969,0
T2_moron,moron OR morons OR moronic,1970,0
T2_moron,moron OR morons OR moronic,1971,0
T2_moron,moron OR morons OR moronic,1972,0
T2_moron,moron OR morons OR moronic,1973,0
T2_moron,moron OR morons OR moronic,1974,1
T2_moron,moron OR morons OR moronic,1975,0
T2_moron,moron OR morons OR moronic,1976,0
T2_moron,moron OR morons OR moronic,1977,1
T2_moron,moron OR morons OR moronic,1978,0
T2_moron,moron OR morons OR moronic,1979,2
T2_moron,moron OR morons OR moronic,1980,0
T2_moron,moron OR morons OR moronic,1981,1
T2_moron,moron OR morons OR moronic,1982,0
T2_moron,moron OR morons OR moronic,1983,0
T2_moron,moron OR morons OR moronic,1984,0
T2_moron,moron OR morons OR moronic,1985,0
T2_moron,moron OR morons OR moronic,1986,0
T2_moron,moron OR morons OR moronic,1987,0
T2_moron,moron OR morons OR moronic,1988,1
T2_moron,moron OR morons OR moronic,1989,0
T2_moron,moron OR morons OR moronic,1990,1
T2_moron,moron OR morons OR moronic,1991,2
T2_moron,moron OR morons OR moronic,1992,1
T2_moron,moron OR morons OR moronic,1993,0
T2_moron,moron OR morons OR moronic,1994,0
T2_moron,moron OR morons OR moronic,1995,0
T2_moron,moron OR morons OR moronic,1996,3
T2_moron,moron OR morons OR moronic,1997,1
T2_moron,moron OR morons OR moronic,1998,2
T2_moron,moron OR morons OR moronic,1999,4
T2_moron,moron OR morons OR moronic,2000,3
T2_moron,moron OR morons OR moronic,2001,2
T2_moron,moron OR morons OR moronic,2002,0
T2_moron,moron OR morons OR moronic,2003,3
T2_moron,moron OR morons OR moronic,2004,1
T2_moron,moron OR morons OR moronic,2005,3
T2_moron,moron OR morons OR moronic,2006,3
T2_moron,moron OR morons OR moronic,2007,3
T2_moron,moron OR morons OR moronic,2008,5
T2_moron,moron OR morons OR moronic,2009,4
T2_moron,moron OR morons OR moronic,2010,6
T2_moron,moron OR morons OR moronic,2011,2
T2_moron,moron OR morons OR moronic,2012,5
T2_moron,moron OR morons OR moronic,2013,6
T2_moron,moron OR morons OR moronic,2014,4
T2_moron,moron OR morons OR moronic,2015,3
T2_moron,moron OR morons OR moronic,2016,2
T2_moron,moron OR morons OR moronic,2017,6
T2_moron,moron OR morons OR moronic,2018,9
T2_moron,moron OR morons OR moronic,2019,10
T2_moron,moron OR morons OR moronic,2020,4
T2_moron,moron OR morons OR moronic,2021,4
T2_moron,moron OR morons OR moronic,2022,10
T2_moron,moron OR morons OR moronic,2023,8
T2_moron,moron OR morons OR moronic,2024,9
T2_imbecile,imbecile OR imbeciles OR imbecility,1950,0
T2_imbecile,imbecile OR imbeciles OR imbecility,1951,2
T2_imbecile,imbecile OR imbeciles OR imbecility,1952,4
T2_imbecile,imbecile OR imbeciles OR imbecility,1953,0
T2_imbecile,imbecile OR imbeciles OR imbecility,1954,8
T2_imbecile,imbecile OR imbeciles OR imbecility,1955,4
T2_imbecile,imbecile OR imbeciles OR imbecility,1956,3
T2_imbecile,imbecile OR imbeciles OR imbecility,1957,4
T2_imbecile,imbecile OR imbeciles OR imbecility,1958,6
T2_imbecile,imbecile OR imbeciles OR imbecility,1959,5
T2_imbecile,imbecile OR imbeciles OR imbecility,1960,2
T2_imbecile,imbecile OR imbeciles OR imbecility,1961,9
T2_imbecile,imbecile OR imbeciles OR imbecility,1962,2
T2_imbecile,imbecile OR imbeciles OR imbecility,1963,1
T2_imbecile,imbecile OR imbeciles OR imbecility,1964,2
T2_imbecile,imbecile OR imbeciles OR imbecility,1965,2
T2_imbecile,imbecile OR imbeciles OR imbecility,1966,4
T2_imbecile,imbecile OR imbeciles OR imbecility,1967,3
T2_imbecile,imbecile OR imbeciles OR imbecility,1968,8
T2_imbecile,imbecile OR imbeciles OR imbecility,1969,1
T2_imbecile,imbecile OR imbeciles OR imbecility,1970,0
T2_imbecile,imbecile OR imbeciles OR imbecility,1971,2
T2_imbecile,imbecile OR imbeciles OR imbecility,1972,1
T2_imbecile,imbecile OR imbeciles OR imbecility,1973,2
T2_imbecile,imbecile OR imbeciles OR imbecility,1974,1
T2_imbecile,imbecile OR imbeciles OR imbecility,1975,2
T2_imbecile,imbecile OR imbeciles OR imbecility,1976,3
T2_imbecile,imbecile OR imbeciles OR imbecility,1977,2
T2_imbecile,imbecile OR imbeciles OR imbecility,1978,5
T2_imbecile,imbecile OR imbeciles OR imbecility,1979,4
T2_imbecile,imbecile OR imbeciles OR imbecility,1980,3
T2_imbecile,imbecile OR imbeciles OR imbecility,1981,3
T2_imbecile,imbecile OR imbeciles OR imbecility,1982,0
T2_imbecile,imbecile OR imbeciles OR imbecility,1983,2
T2_imbecile,imbecile OR imbeciles OR imbecility,1984,1
T2_imbecile,imbecile OR imbeciles OR imbecility,1985,3
T2_imbecile,imbecile OR imbeciles OR imbecility,1986,2
T2_imbecile,imbecile OR imbeciles OR imbecility,1987,4
T2_imbecile,imbecile OR imbeciles OR imbecility,1988,5
T2_imbecile,imbecile OR imbeciles OR imbecility,1989,4
T2_imbecile,imbecile OR imbeciles OR imbecility,1990,2
T2_imbecile,imbecile OR imbeciles OR imbecility,1991,1
T2_imbecile,imbecile OR imbeciles OR imbecility,1992,1
T2_imbecile,imbecile OR imbeciles OR imbecility,1993,1
T2_imbecile,imbecile OR imbeciles OR imbecility,1994,3
T2_imbecile,imbecile OR imbeciles OR imbecility,1995,2
T2_imbecile,imbecile OR imbeciles OR imbecility,1996,1
T2_imbecile,imbecile OR imbeciles OR imbecility,1997,2
T2_imbecile,imbecile OR imbeciles OR imbecility,1998,1
T2_imbecile,imbecile OR imbeciles OR imbecility,1999,2
T2_imbecile,imbecile OR imbeciles OR imbecility,2000,1
T2_imbecile,imbecile OR imbeciles OR imbecility,2001,1
T2_imbecile,imbecile OR imbeciles OR imbecility,2002,1
T2_imbecile,imbecile OR imbeciles OR imbecility,2003,1
T2_imbecile,imbecile OR imbeciles OR imbecility,2004,3
T2_imbecile,imbecile OR imbeciles OR imbecility,2005,1
T2_imbecile,imbecile OR imbeciles OR imbecility,2006,1
T2_imbecile,imbecile OR imbeciles OR imbecility,2007,1
T2_imbecile,imbecile OR imbeciles OR imbecility,2008,0
T2_imbecile,imbecile OR imbeciles OR imbecility,2009,0
T2_imbecile,imbecile OR imbeciles OR imbecility,2010,0
T2_imbecile,imbecile OR imbeciles OR imbecility,2011,1
T2_imbecile,imbecile OR imbeciles OR imbecility,2012,0
T2_imbecile,imbecile OR imbeciles OR imbecility,2013,1
T2_imbecile,imbecile OR imbeciles OR imbecility,2014,2
T2_imbecile,imbecile OR imbeciles OR imbecility,2015,1
T2_imbecile,imbecile OR imbeciles OR imbecility,2016,0
T2_imbecile,imbecile OR imbeciles OR imbecility,2017,0
T2_imbecile,imbecile OR imbeciles OR imbecility,2018,0
T2_imbecile,imbecile OR imbeciles OR imbecility,2019,0
T2_imbecile,imbecile OR imbeciles OR imbecility,2020,2
T2_imbecile,imbecile OR imbeciles OR imbecility,2021,1
T2_imbecile,imbecile OR imbeciles OR imbecility,2022,0
T2_imbecile,imbecile OR imbeciles OR imbecility,2023,0
T2_imbecile,imbecile OR imbeciles OR imbecility,2024,0
T2_idiocy_clinical,"idiocy OR ""Mongolian idiocy"" OR ""amaurotic idiocy""",1950,6
T2_idiocy_clinical,"idiocy OR ""Mongolian idiocy"" OR ""amaurotic idiocy""",1951,13
T2_idiocy_clinical,"idiocy OR ""Mongolian idiocy"" OR ""amaurotic idiocy""",1952,18
T2_idiocy_clinical,"idiocy OR ""Mongolian idiocy"" OR ""amaurotic idiocy""",1953,15
T2_idiocy_clinical,"idiocy OR ""Mongolian idiocy"" OR ""amaurotic idiocy""",1954,20
T2_idiocy_clinical,"idiocy OR ""Mongolian idiocy"" OR ""amaurotic idiocy""",1955,18
T2_idiocy_clinical,"idiocy OR ""Mongolian idiocy"" OR ""amaurotic idiocy""",1956,17
T2_idiocy_clinical,"idiocy OR ""Mongolian idiocy"" OR ""amaurotic idiocy""",1957,16
T2_idiocy_clinical,"idiocy OR ""Mongolian idiocy"" OR ""amaurotic idiocy""",1958,25
T2_idiocy_clinical,"idiocy OR ""Mongolian idiocy"" OR ""amaurotic idiocy""",1959,18
T2_idiocy_clinical,"idiocy OR ""Mongolian idiocy"" OR ""amaurotic idiocy""",1960,23
T2_idiocy_clinical,"idiocy OR ""Mongolian idiocy"" OR ""amaurotic idiocy""",1961,19
T2_idiocy_clinical,"idiocy OR ""Mongolian idiocy"" OR ""amaurotic idiocy""",1962,32
T2_idiocy_clinical,"idiocy OR ""Mongolian idiocy"" OR ""amaurotic idiocy""",1963,57
T2_idiocy_clinical,"idiocy OR ""Mongolian idiocy"" OR ""amaurotic idiocy""",1964,60
T2_idiocy_clinical,"idiocy OR ""Mongolian idiocy"" OR ""amaurotic idiocy""",1965,35
T2_idiocy_clinical,"idiocy OR ""Mongolian idiocy"" OR ""amaurotic idiocy""",1966,12
T2_idiocy_clinical,"idiocy OR ""Mongolian idiocy"" OR ""amaurotic idiocy""",1967,20
T2_idiocy_clinical,"idiocy OR ""Mongolian idiocy"" OR ""amaurotic idiocy""",1968,20
T2_idiocy_clinical,"idiocy OR ""Mongolian idiocy"" OR ""amaurotic idiocy""",1969,16
T2_idiocy_clinical,"idiocy OR ""Mongolian idiocy"" OR ""amaurotic idiocy""",1970,11
T2_idiocy_clinical,"idiocy OR ""Mongolian idiocy"" OR ""amaurotic idiocy""",1971,16
T2_idiocy_clinical,"idiocy OR ""Mongolian idiocy"" OR ""amaurotic idiocy""",1972,12
T2_idiocy_clinical,"idiocy OR ""Mongolian idiocy"" OR ""amaurotic idiocy""",1973,12
T2_idiocy_clinical,"idiocy OR ""Mongolian idiocy"" OR ""amaurotic idiocy""",1974,11
T2_idiocy_clinical,"idiocy OR ""Mongolian idiocy"" OR ""amaurotic idiocy""",1975,12
T2_idiocy_clinical,"idiocy OR ""Mongolian idiocy"" OR ""amaurotic idiocy""",1976,6
T2_idiocy_clinical,"idiocy OR ""Mongolian idiocy"" OR ""amaurotic idiocy""",1977,2
T2_idiocy_clinical,"idiocy OR ""Mongolian idiocy"" OR ""amaurotic idiocy""",1978,8
T2_idiocy_clinical,"idiocy OR ""Mongolian idiocy"" OR ""amaurotic idiocy""",1979,2
T2_idiocy_clinical,"idiocy OR ""Mongolian idiocy"" OR ""amaurotic idiocy""",1980,1
T2_idiocy_clinical,"idiocy OR ""Mongolian idiocy"" OR ""amaurotic idiocy""",1981,3
T2_idiocy_clinical,"idiocy OR ""Mongolian idiocy"" OR ""amaurotic idiocy""",1982,2
T2_idiocy_clinical,"idiocy OR ""Mongolian idiocy"" OR ""amaurotic idiocy""",1983,1
T2_idiocy_clinical,"idiocy OR ""Mongolian idiocy"" OR ""amaurotic idiocy""",1984,2
T2_idiocy_clinical,"idiocy OR ""Mongolian idiocy"" OR ""amaurotic idiocy""",1985,4
T2_idiocy_clinical,"idiocy OR ""Mongolian idiocy"" OR ""amaurotic idiocy""",1986,4
T2_idiocy_clinical,"idiocy OR ""Mongolian idiocy"" OR ""amaurotic idiocy""",1987,0
T2_idiocy_clinical,"idiocy OR ""Mongolian idiocy"" OR ""amaurotic idiocy""",1988,1
T2_idiocy_clinical,"idiocy OR ""Mongolian idiocy"" OR ""amaurotic idiocy""",1989,3
T2_idiocy_clinical,"idiocy OR ""Mongolian idiocy"" OR ""amaurotic idiocy""",1990,0
T2_idiocy_clinical,"idiocy OR ""Mongolian idiocy"" OR ""amaurotic idiocy""",1991,0
T2_idiocy_clinical,"idiocy OR ""Mongolian idiocy"" OR ""amaurotic idiocy""",1992,1
T2_idiocy_clinical,"idiocy OR ""Mongolian idiocy"" OR ""amaurotic idiocy""",1993,0
T2_idiocy_clinical,"idiocy OR ""Mongolian idiocy"" OR ""amaurotic idiocy""",1994,0
T2_idiocy_clinical,"idiocy OR ""Mongolian idiocy"" OR ""amaurotic idiocy""",1995,1
T2_idiocy_clinical,"idiocy OR ""Mongolian idiocy"" OR ""amaurotic idiocy""",1996,5
T2_idiocy_clinical,"idiocy OR ""Mongolian idiocy"" OR ""amaurotic idiocy""",1997,1
T2_idiocy_clinical,"idiocy OR ""Mongolian idiocy"" OR ""amaurotic idiocy""",1998,4
T2_idiocy_clinical,"idiocy OR ""Mongolian idiocy"" OR ""amaurotic idiocy""",1999,4
T2_idiocy_clinical,"idiocy OR ""Mongolian idiocy"" OR ""amaurotic idiocy""",2000,2
T2_idiocy_clinical,"idiocy OR ""Mongolian idiocy"" OR ""amaurotic idiocy""",2001,3
T2_idiocy_clinical,"idiocy OR ""Mongolian idiocy"" OR ""amaurotic idiocy""",2002,4
T2_idiocy_clinical,"idiocy OR ""Mongolian idiocy"" OR ""amaurotic idiocy""",2003,2
T2_idiocy_clinical,"idiocy OR ""Mongolian idiocy"" OR ""amaurotic idiocy""",2004,2
T2_idiocy_clinical,"idiocy OR ""Mongolian idiocy"" OR ""amaurotic idiocy""",2005,1
T2_idiocy_clinical,"idiocy OR ""Mongolian idiocy"" OR ""amaurotic idiocy""",2006,1
T2_idiocy_clinical,"idiocy OR ""Mongolian idiocy"" OR ""amaurotic idiocy""",2007,2
T2_idiocy_clinical,"idiocy OR ""Mongolian idiocy"" OR ""amaurotic idiocy""",2008,0
T2_idiocy_clinical,"idiocy OR ""Mongolian idiocy"" OR ""amaurotic idiocy""",2009,1
T2_idiocy_clinical,"idiocy OR ""Mongolian idiocy"" OR ""amaurotic idiocy""",2010,2
T2_idiocy_clinical,"idiocy OR ""Mongolian idiocy"" OR ""amaurotic idiocy""",2011,2
T2_idiocy_clinical,"idiocy OR ""Mongolian idiocy"" OR ""amaurotic idiocy""",2012,1
T2_idiocy_clinical,"idiocy OR ""Mongolian idiocy"" OR ""amaurotic idiocy""",2013,1
T2_idiocy_clinical,"idiocy OR ""Mongolian idiocy"" OR ""amaurotic idiocy""",2014,0
T2_idiocy_clinical,"idiocy OR ""Mongolian idiocy"" OR ""amaurotic idiocy""",2015,2
T2_idiocy_clinical,"idiocy OR ""Mongolian idiocy"" OR ""amaurotic idiocy""",2016,0
T2_idiocy_clinical,"idiocy OR ""Mongolian idiocy"" OR ""amaurotic idiocy""",2017,5
T2_idiocy_clinical,"idiocy OR ""Mongolian idiocy"" OR ""amaurotic idiocy""",2018,0
T2_idiocy_clinical,"idiocy OR ""Mongolian idiocy"" OR ""amaurotic idiocy""",2019,4
T2_idiocy_clinical,"idiocy OR ""Mongolian idiocy"" OR ""amaurotic idiocy""",2020,1
T2_idiocy_clinical,"idiocy OR ""Mongolian idiocy"" OR ""amaurotic idiocy""",2021,0
T2_idiocy_clinical,"idiocy OR ""Mongolian idiocy"" OR ""amaurotic idiocy""",2022,1
T2_idiocy_clinical,"idiocy OR ""Mongolian idiocy"" OR ""amaurotic idiocy""",2023,3
T2_idiocy_clinical,"idiocy OR ""Mongolian idiocy"" OR ""amaurotic idiocy""",2024,2
T2_feeble_minded,"""feeble-minded"" OR ""feeble minded"" OR feeblemindedness OR ""feeble-mindedness""",1950,1
T2_feeble_minded,"""feeble-minded"" OR ""feeble minded"" OR feeblemindedness OR ""feeble-mindedness""",1951,4
T2_feeble_minded,"""feeble-minded"" OR ""feeble minded"" OR feeblemindedness OR ""feeble-mindedness""",1952,5
T2_feeble_minded,"""feeble-minded"" OR ""feeble minded"" OR feeblemindedness OR ""feeble-mindedness""",1953,2
T2_feeble_minded,"""feeble-minded"" OR ""feeble minded"" OR feeblemindedness OR ""feeble-mindedness""",1954,4
T2_feeble_minded,"""feeble-minded"" OR ""feeble minded"" OR feeblemindedness OR ""feeble-mindedness""",1955,3
T2_feeble_minded,"""feeble-minded"" OR ""feeble minded"" OR feeblemindedness OR ""feeble-mindedness""",1956,3
T2_feeble_minded,"""feeble-minded"" OR ""feeble minded"" OR feeblemindedness OR ""feeble-mindedness""",1957,5
T2_feeble_minded,"""feeble-minded"" OR ""feeble minded"" OR feeblemindedness OR ""feeble-mindedness""",1958,2
T2_feeble_minded,"""feeble-minded"" OR ""feeble minded"" OR feeblemindedness OR ""feeble-mindedness""",1959,9
T2_feeble_minded,"""feeble-minded"" OR ""feeble minded"" OR feeblemindedness OR ""feeble-mindedness""",1960,2
T2_feeble_minded,"""feeble-minded"" OR ""feeble minded"" OR feeblemindedness OR ""feeble-mindedness""",1961,5
T2_feeble_minded,"""feeble-minded"" OR ""feeble minded"" OR feeblemindedness OR ""feeble-mindedness""",1962,3
T2_feeble_minded,"""feeble-minded"" OR ""feeble minded"" OR feeblemindedness OR ""feeble-mindedness""",1963,4
T2_feeble_minded,"""feeble-minded"" OR ""feeble minded"" OR feeblemindedness OR ""feeble-mindedness""",1964,2
T2_feeble_minded,"""feeble-minded"" OR ""feeble minded"" OR feeblemindedness OR ""feeble-mindedness""",1965,2
T2_feeble_minded,"""feeble-minded"" OR ""feeble minded"" OR feeblemindedness OR ""feeble-mindedness""",1966,1
T2_feeble_minded,"""feeble-minded"" OR ""feeble minded"" OR feeblemindedness OR ""feeble-mindedness""",1967,2
T2_feeble_minded,"""feeble-minded"" OR ""feeble minded"" OR feeblemindedness OR ""feeble-mindedness""",1968,5
T2_feeble_minded,"""feeble-minded"" OR ""feeble minded"" OR feeblemindedness OR ""feeble-mindedness""",1969,1
T2_feeble_minded,"""feeble-minded"" OR ""feeble minded"" OR feeblemindedness OR ""feeble-mindedness""",1970,1
T2_feeble_minded,"""feeble-minded"" OR ""feeble minded"" OR feeblemindedness OR ""feeble-mindedness""",1971,1
T2_feeble_minded,"""feeble-minded"" OR ""feeble minded"" OR feeblemindedness OR ""feeble-mindedness""",1972,0
T2_feeble_minded,"""feeble-minded"" OR ""feeble minded"" OR feeblemindedness OR ""feeble-mindedness""",1973,1
T2_feeble_minded,"""feeble-minded"" OR ""feeble minded"" OR feeblemindedness OR ""feeble-mindedness""",1974,1
T2_feeble_minded,"""feeble-minded"" OR ""feeble minded"" OR feeblemindedness OR ""feeble-mindedness""",1975,4
T2_feeble_minded,"""feeble-minded"" OR ""feeble minded"" OR feeblemindedness OR ""feeble-mindedness""",1976,2
T2_feeble_minded,"""feeble-minded"" OR ""feeble minded"" OR feeblemindedness OR ""feeble-mindedness""",1977,1
T2_feeble_minded,"""feeble-minded"" OR ""feeble minded"" OR feeblemindedness OR ""feeble-mindedness""",1978,1
T2_feeble_minded,"""feeble-minded"" OR ""feeble minded"" OR feeblemindedness OR ""feeble-mindedness""",1979,0
T2_feeble_minded,"""feeble-minded"" OR ""feeble minded"" OR feeblemindedness OR ""feeble-mindedness""",1980,0
T2_feeble_minded,"""feeble-minded"" OR ""feeble minded"" OR feeblemindedness OR ""feeble-mindedness""",1981,2
T2_feeble_minded,"""feeble-minded"" OR ""feeble minded"" OR feeblemindedness OR ""feeble-mindedness""",1982,1
T2_feeble_minded,"""feeble-minded"" OR ""feeble minded"" OR feeblemindedness OR ""feeble-mindedness""",1983,1
T2_feeble_minded,"""feeble-minded"" OR ""feeble minded"" OR feeblemindedness OR ""feeble-mindedness""",1984,1
T2_feeble_minded,"""feeble-minded"" OR ""feeble minded"" OR feeblemindedness OR ""feeble-mindedness""",1985,0
T2_feeble_minded,"""feeble-minded"" OR ""feeble minded"" OR feeblemindedness OR ""feeble-mindedness""",1986,2
T2_feeble_minded,"""feeble-minded"" OR ""feeble minded"" OR feeblemindedness OR ""feeble-mindedness""",1987,1
T2_feeble_minded,"""feeble-minded"" OR ""feeble minded"" OR feeblemindedness OR ""feeble-mindedness""",1988,1
T2_feeble_minded,"""feeble-minded"" OR ""feeble minded"" OR feeblemindedness OR ""feeble-mindedness""",1989,1
T2_feeble_minded,"""feeble-minded"" OR ""feeble minded"" OR feeblemindedness OR ""feeble-mindedness""",1990,1
T2_feeble_minded,"""feeble-minded"" OR ""feeble minded"" OR feeblemindedness OR ""feeble-mindedness""",1991,2
T2_feeble_minded,"""feeble-minded"" OR ""feeble minded"" OR feeblemindedness OR ""feeble-mindedness""",1992,0
T2_feeble_minded,"""feeble-minded"" OR ""feeble minded"" OR feeblemindedness OR ""feeble-mindedness""",1993,1
T2_feeble_minded,"""feeble-minded"" OR ""feeble minded"" OR feeblemindedness OR ""feeble-mindedness""",1994,1
T2_feeble_minded,"""feeble-minded"" OR ""feeble minded"" OR feeblemindedness OR ""feeble-mindedness""",1995,2
T2_feeble_minded,"""feeble-minded"" OR ""feeble minded"" OR feeblemindedness OR ""feeble-mindedness""",1996,0
T2_feeble_minded,"""feeble-minded"" OR ""feeble minded"" OR feeblemindedness OR ""feeble-mindedness""",1997,1
T2_feeble_minded,"""feeble-minded"" OR ""feeble minded"" OR feeblemindedness OR ""feeble-mindedness""",1998,0
T2_feeble_minded,"""feeble-minded"" OR ""feeble minded"" OR feeblemindedness OR ""feeble-mindedness""",1999,0
T2_feeble_minded,"""feeble-minded"" OR ""feeble minded"" OR feeblemindedness OR ""feeble-mindedness""",2000,1
T2_feeble_minded,"""feeble-minded"" OR ""feeble minded"" OR feeblemindedness OR ""feeble-mindedness""",2001,0
T2_feeble_minded,"""feeble-minded"" OR ""feeble minded"" OR feeblemindedness OR ""feeble-mindedness""",2002,2
T2_feeble_minded,"""feeble-minded"" OR ""feeble minded"" OR feeblemindedness OR ""feeble-mindedness""",2003,0
T2_feeble_minded,"""feeble-minded"" OR ""feeble minded"" OR feeblemindedness OR ""feeble-mindedness""",2004,4
T2_feeble_minded,"""feeble-minded"" OR ""feeble minded"" OR feeblemindedness OR ""feeble-mindedness""",2005,3
T2_feeble_minded,"""feeble-minded"" OR ""feeble minded"" OR feeblemindedness OR ""feeble-mindedness""",2006,0
T2_feeble_minded,"""feeble-minded"" OR ""feeble minded"" OR feeblemindedness OR ""feeble-mindedness""",2007,0
T2_feeble_minded,"""feeble-minded"" OR ""feeble minded"" OR feeblemindedness OR ""feeble-mindedness""",2008,0
T2_feeble_minded,"""feeble-minded"" OR ""feeble minded"" OR feeblemindedness OR ""feeble-mindedness""",2009,0
T2_feeble_minded,"""feeble-minded"" OR ""feeble minded"" OR feeblemindedness OR ""feeble-mindedness""",2010,2
T2_feeble_minded,"""feeble-minded"" OR ""feeble minded"" OR feeblemindedness OR ""feeble-mindedness""",2011,1
T2_feeble_minded,"""feeble-minded"" OR ""feeble minded"" OR feeblemindedness OR ""feeble-mindedness""",2012,1
T2_feeble_minded,"""feeble-minded"" OR ""feeble minded"" OR feeblemindedness OR ""feeble-mindedness""",2013,1
T2_feeble_minded,"""feeble-minded"" OR ""feeble minded"" OR feeblemindedness OR ""feeble-mindedness""",2014,2
T2_feeble_minded,"""feeble-minded"" OR ""feeble minded"" OR feeblemindedness OR ""feeble-mindedness""",2015,1
T2_feeble_minded,"""feeble-minded"" OR ""feeble minded"" OR feeblemindedness OR ""feeble-mindedness""",2016,3
T2_feeble_minded,"""feeble-minded"" OR ""feeble minded"" OR feeblemindedness OR ""feeble-mindedness""",2017,1
T2_feeble_minded,"""feeble-minded"" OR ""feeble minded"" OR feeblemindedness OR ""feeble-mindedness""",2018,0
T2_feeble_minded,"""feeble-minded"" OR ""feeble minded"" OR feeblemindedness OR ""feeble-mindedness""",2019,1
T2_feeble_minded,"""feeble-minded"" OR ""feeble minded"" OR feeblemindedness OR ""feeble-mindedness""",2020,0
T2_feeble_minded,"""feeble-minded"" OR ""feeble minded"" OR feeblemindedness OR ""feeble-mindedness""",2021,0
T2_feeble_minded,"""feeble-minded"" OR ""feeble minded"" OR feeblemindedness OR ""feeble-mindedness""",2022,2
T2_feeble_minded,"""feeble-minded"" OR ""feeble minded"" OR feeblemindedness OR ""feeble-mindedness""",2023,0
T2_feeble_minded,"""feeble-minded"" OR ""feeble minded"" OR feeblemindedness OR ""feeble-mindedness""",2024,3
T2_mental_defective,"""mental defective"" OR ""mental defectives"" OR ""mental deficiency""",1950,128
T2_mental_defective,"""mental defective"" OR ""mental defectives"" OR ""mental deficiency""",1951,199
T2_mental_defective,"""mental defective"" OR ""mental defectives"" OR ""mental deficiency""",1952,184
T2_mental_defective,"""mental defective"" OR ""mental defectives"" OR ""mental deficiency""",1953,214
T2_mental_defective,"""mental defective"" OR ""mental defectives"" OR ""mental deficiency""",1954,239
T2_mental_defective,"""mental defective"" OR ""mental defectives"" OR ""mental deficiency""",1955,215
T2_mental_defective,"""mental defective"" OR ""mental defectives"" OR ""mental deficiency""",1956,247
T2_mental_defective,"""mental defective"" OR ""mental defectives"" OR ""mental deficiency""",1957,287
T2_mental_defective,"""mental defective"" OR ""mental defectives"" OR ""mental deficiency""",1958,281
T2_mental_defective,"""mental defective"" OR ""mental defectives"" OR ""mental deficiency""",1959,277
T2_mental_defective,"""mental defective"" OR ""mental defectives"" OR ""mental deficiency""",1960,254
T2_mental_defective,"""mental defective"" OR ""mental defectives"" OR ""mental deficiency""",1961,279
T2_mental_defective,"""mental defective"" OR ""mental defectives"" OR ""mental deficiency""",1962,313
T2_mental_defective,"""mental defective"" OR ""mental defectives"" OR ""mental deficiency""",1963,183
T2_mental_defective,"""mental defective"" OR ""mental defectives"" OR ""mental deficiency""",1964,26
T2_mental_defective,"""mental defective"" OR ""mental defectives"" OR ""mental deficiency""",1965,42
T2_mental_defective,"""mental defective"" OR ""mental defectives"" OR ""mental deficiency""",1966,27
T2_mental_defective,"""mental defective"" OR ""mental defectives"" OR ""mental deficiency""",1967,27
T2_mental_defective,"""mental defective"" OR ""mental defectives"" OR ""mental deficiency""",1968,34
T2_mental_defective,"""mental defective"" OR ""mental defectives"" OR ""mental deficiency""",1969,17
T2_mental_defective,"""mental defective"" OR ""mental defectives"" OR ""mental deficiency""",1970,13
T2_mental_defective,"""mental defective"" OR ""mental defectives"" OR ""mental deficiency""",1971,14
T2_mental_defective,"""mental defective"" OR ""mental defectives"" OR ""mental deficiency""",1972,16
T2_mental_defective,"""mental defective"" OR ""mental defectives"" OR ""mental deficiency""",1973,9
T2_mental_defective,"""mental defective"" OR ""mental defectives"" OR ""mental deficiency""",1974,17
T2_mental_defective,"""mental defective"" OR ""mental defectives"" OR ""mental deficiency""",1975,30
T2_mental_defective,"""mental defective"" OR ""mental defectives"" OR ""mental deficiency""",1976,31
T2_mental_defective,"""mental defective"" OR ""mental defectives"" OR ""mental deficiency""",1977,27
T2_mental_defective,"""mental defective"" OR ""mental defectives"" OR ""mental deficiency""",1978,27
T2_mental_defective,"""mental defective"" OR ""mental defectives"" OR ""mental deficiency""",1979,27
T2_mental_defective,"""mental defective"" OR ""mental defectives"" OR ""mental deficiency""",1980,25
T2_mental_defective,"""mental defective"" OR ""mental defectives"" OR ""mental deficiency""",1981,35
T2_mental_defective,"""mental defective"" OR ""mental defectives"" OR ""mental deficiency""",1982,15
T2_mental_defective,"""mental defective"" OR ""mental defectives"" OR ""mental deficiency""",1983,13
T2_mental_defective,"""mental defective"" OR ""mental defectives"" OR ""mental deficiency""",1984,16
T2_mental_defective,"""mental defective"" OR ""mental defectives"" OR ""mental deficiency""",1985,14
T2_mental_defective,"""mental defective"" OR ""mental defectives"" OR ""mental deficiency""",1986,19
T2_mental_defective,"""mental defective"" OR ""mental defectives"" OR ""mental deficiency""",1987,18
T2_mental_defective,"""mental defective"" OR ""mental defectives"" OR ""mental deficiency""",1988,21
T2_mental_defective,"""mental defective"" OR ""mental defectives"" OR ""mental deficiency""",1989,20
T2_mental_defective,"""mental defective"" OR ""mental defectives"" OR ""mental deficiency""",1990,29
T2_mental_defective,"""mental defective"" OR ""mental defectives"" OR ""mental deficiency""",1991,25
T2_mental_defective,"""mental defective"" OR ""mental defectives"" OR ""mental deficiency""",1992,20
T2_mental_defective,"""mental defective"" OR ""mental defectives"" OR ""mental deficiency""",1993,19
T2_mental_defective,"""mental defective"" OR ""mental defectives"" OR ""mental deficiency""",1994,9
T2_mental_defective,"""mental defective"" OR ""mental defectives"" OR ""mental deficiency""",1995,17
T2_mental_defective,"""mental defective"" OR ""mental defectives"" OR ""mental deficiency""",1996,27
T2_mental_defective,"""mental defective"" OR ""mental defectives"" OR ""mental deficiency""",1997,16
T2_mental_defective,"""mental defective"" OR ""mental defectives"" OR ""mental deficiency""",1998,13
T2_mental_defective,"""mental defective"" OR ""mental defectives"" OR ""mental deficiency""",1999,14
T2_mental_defective,"""mental defective"" OR ""mental defectives"" OR ""mental deficiency""",2000,16
T2_mental_defective,"""mental defective"" OR ""mental defectives"" OR ""mental deficiency""",2001,10
T2_mental_defective,"""mental defective"" OR ""mental defectives"" OR ""mental deficiency""",2002,10
T2_mental_defective,"""mental defective"" OR ""mental defectives"" OR ""mental deficiency""",2003,15
T2_mental_defective,"""mental defective"" OR ""mental defectives"" OR ""mental deficiency""",2004,15
T2_mental_defective,"""mental defective"" OR ""mental defectives"" OR ""mental deficiency""",2005,13
T2_mental_defective,"""mental defective"" OR ""mental defectives"" OR ""mental deficiency""",2006,17
T2_mental_defective,"""mental defective"" OR ""mental defectives"" OR ""mental deficiency""",2007,15
T2_mental_defective,"""mental defective"" OR ""mental defectives"" OR ""mental deficiency""",2008,8
T2_mental_defective,"""mental defective"" OR ""mental defectives"" OR ""mental deficiency""",2009,13
T2_mental_defective,"""mental defective"" OR ""mental defectives"" OR ""mental deficiency""",2010,16
T2_mental_defective,"""mental defective"" OR ""mental defectives"" OR ""mental deficiency""",2011,12
T2_mental_defective,"""mental defective"" OR ""mental defectives"" OR ""mental deficiency""",2012,8
T2_mental_defective,"""mental defective"" OR ""mental defectives"" OR ""mental deficiency""",2013,6
T2_mental_defective,"""mental defective"" OR ""mental defectives"" OR ""mental deficiency""",2014,8
T2_mental_defective,"""mental defective"" OR ""mental defectives"" OR ""mental deficiency""",2015,9
T2_mental_defective,"""mental defective"" OR ""mental defectives"" OR ""mental deficiency""",2016,10
T2_mental_defective,"""mental defective"" OR ""mental defectives"" OR ""mental deficiency""",2017,8
T2_mental_defective,"""mental defective"" OR ""mental defectives"" OR ""mental deficiency""",2018,5
T2_mental_defective,"""mental defective"" OR ""mental defectives"" OR ""mental deficiency""",2019,6
T2_mental_defective,"""mental defective"" OR ""mental defectives"" OR ""mental deficiency""",2020,5
T2_mental_defective,"""mental defective"" OR ""mental defectives"" OR ""mental deficiency""",2021,10
T2_mental_defective,"""mental defective"" OR ""mental defectives"" OR ""mental deficiency""",2022,5
T2_mental_defective,"""mental defective"" OR ""mental defectives"" OR ""mental deficiency""",2023,3
T2_mental_defective,"""mental defective"" OR ""mental defectives"" OR ""mental deficiency""",2024,3
T2_cretin,cretin OR cretins OR cretinism OR cretinoid,1950,16
T2_cretin,cretin OR cretins OR cretinism OR cretinoid,1951,10
T2_cretin,cretin OR cretins OR cretinism OR cretinoid,1952,17
T2_cretin,cretin OR cretins OR cretinism OR cretinoid,1953,19
T2_cretin,cretin OR cretins OR cretinism OR cretinoid,1954,15
T2_cretin,cretin OR cretins OR cretinism OR cretinoid,1955,17
T2_cretin,cretin OR cretins OR cretinism OR cretinoid,1956,32
T2_cretin,cretin OR cretins OR cretinism OR cretinoid,1957,39
T2_cretin,cretin OR cretins OR cretinism OR cretinoid,1958,42
T2_cretin,cretin OR cretins OR cretinism OR cretinoid,1959,26
T2_cretin,cretin OR cretins OR cretinism OR cretinoid,1960,24
T2_cretin,cretin OR cretins OR cretinism OR cretinoid,1961,23
T2_cretin,cretin OR cretins OR cretinism OR cretinoid,1962,23
T2_cretin,cretin OR cretins OR cretinism OR cretinoid,1963,34
T2_cretin,cretin OR cretins OR cretinism OR cretinoid,1964,34
T2_cretin,cretin OR cretins OR cretinism OR cretinoid,1965,23
T2_cretin,cretin OR cretins OR cretinism OR cretinoid,1966,9
T2_cretin,cretin OR cretins OR cretinism OR cretinoid,1967,7
T2_cretin,cretin OR cretins OR cretinism OR cretinoid,1968,7
T2_cretin,cretin OR cretins OR cretinism OR cretinoid,1969,11
T2_cretin,cretin OR cretins OR cretinism OR cretinoid,1970,8
T2_cretin,cretin OR cretins OR cretinism OR cretinoid,1971,16
T2_cretin,cretin OR cretins OR cretinism OR cretinoid,1972,31
T2_cretin,cretin OR cretins OR cretinism OR cretinoid,1973,6
T2_cretin,cretin OR cretins OR cretinism OR cretinoid,1974,19
T2_cretin,cretin OR cretins OR cretinism OR cretinoid,1975,18
T2_cretin,cretin OR cretins OR cretinism OR cretinoid,1976,14
T2_cretin,cretin OR cretins OR cretinism OR cretinoid,1977,18
T2_cretin,cretin OR cretins OR cretinism OR cretinoid,1978,7
T2_cretin,cretin OR cretins OR cretinism OR cretinoid,1979,16
T2_cretin,cretin OR cretins OR cretinism OR cretinoid,1980,8
T2_cretin,cretin OR cretins OR cretinism OR cretinoid,1981,16
T2_cretin,cretin OR cretins OR cretinism OR cretinoid,1982,9
T2_cretin,cretin OR cretins OR cretinism OR cretinoid,1983,18
T2_cretin,cretin OR cretins OR cretinism OR cretinoid,1984,9
T2_cretin,cretin OR cretins OR cretinism OR cretinoid,1985,13
T2_cretin,cretin OR cretins OR cretinism OR cretinoid,1986,12
T2_cretin,cretin OR cretins OR cretinism OR cretinoid,1987,12
T2_cretin,cretin OR cretins OR cretinism OR cretinoid,1988,18
T2_cretin,cretin OR cretins OR cretinism OR cretinoid,1989,12
T2_cretin,cretin OR cretins OR cretinism OR cretinoid,1990,14
T2_cretin,cretin OR cretins OR cretinism OR cretinoid,1991,17
T2_cretin,cretin OR cretins OR cretinism OR cretinoid,1992,13
T2_cretin,cretin OR cretins OR cretinism OR cretinoid,1993,29
T2_cretin,cretin OR cretins OR cretinism OR cretinoid,1994,24
T2_cretin,cretin OR cretins OR cretinism OR cretinoid,1995,17
T2_cretin,cretin OR cretins OR cretinism OR cretinoid,1996,15
T2_cretin,cretin OR cretins OR cretinism OR cretinoid,1997,22
T2_cretin,cretin OR cretins OR cretinism OR cretinoid,1998,21
T2_cretin,cretin OR cretins OR cretinism OR cretinoid,1999,13
T2_cretin,cretin OR cretins OR cretinism OR cretinoid,2000,7
T2_cretin,cretin OR cretins OR cretinism OR cretinoid,2001,18
T2_cretin,cretin OR cretins OR cretinism OR cretinoid,2002,6
T2_cretin,cretin OR cretins OR cretinism OR cretinoid,2003,10
T2_cretin,cretin OR cretins OR cretinism OR cretinoid,2004,7
T2_cretin,cretin OR cretins OR cretinism OR cretinoid,2005,10
T2_cretin,cretin OR cretins OR cretinism OR cretinoid,2006,11
T2_cretin,cretin OR cretins OR cretinism OR cretinoid,2007,12
T2_cretin,cretin OR cretins OR cretinism OR cretinoid,2008,13
T2_cretin,cretin OR cretins OR cretinism OR cretinoid,2009,6
T2_cretin,cretin OR cretins OR cretinism OR cretinoid,2010,10
T2_cretin,cretin OR cretins OR cretinism OR cretinoid,2011,11
T2_cretin,cretin OR cretins OR cretinism OR cretinoid,2012,17
T2_cretin,cretin OR cretins OR cretinism OR cretinoid,2013,13
T2_cretin,cretin OR cretins OR cretinism OR cretinoid,2014,6
T2_cretin,cretin OR cretins OR cretinism OR cretinoid,2015,10
T2_cretin,cretin OR cretins OR cretinism OR cretinoid,2016,11
T2_cretin,cretin OR cretins OR cretinism OR cretinoid,2017,13
T2_cretin,cretin OR cretins OR cretinism OR cretinoid,2018,7
T2_cretin,cretin OR cretins OR cretinism OR cretinoid,2019,11
T2_cretin,cretin OR cretins OR cretinism OR cretinoid,2020,10
T2_cretin,cretin OR cretins OR cretinism OR cretinoid,2021,14
T2_cretin,cretin OR cretins OR cretinism OR cretinoid,2022,15
T2_cretin,cretin OR cretins OR cretinism OR cretinoid,2023,11
T2_cretin,cretin OR cretins OR cretinism OR cretinoid,2024,7
T2_mongoloid_idiot,"""mongoloid idiot"" OR ""mongoloid idiocy"" OR ""mongol idiocy""",1950,1
T2_mongoloid_idiot,"""mongoloid idiot"" OR ""mongoloid idiocy"" OR ""mongol idiocy""",1951,0
T2_mongoloid_idiot,"""mongoloid idiot"" OR ""mongoloid idiocy"" OR ""mongol idiocy""",1952,2
T2_mongoloid_idiot,"""mongoloid idiot"" OR ""mongoloid idiocy"" OR ""mongol idiocy""",1953,2
T2_mongoloid_idiot,"""mongoloid idiot"" OR ""mongoloid idiocy"" OR ""mongol idiocy""",1954,0
T2_mongoloid_idiot,"""mongoloid idiot"" OR ""mongoloid idiocy"" OR ""mongol idiocy""",1955,0
T2_mongoloid_idiot,"""mongoloid idiot"" OR ""mongoloid idiocy"" OR ""mongol idiocy""",1956,1
T2_mongoloid_idiot,"""mongoloid idiot"" OR ""mongoloid idiocy"" OR ""mongol idiocy""",1957,0
T2_mongoloid_idiot,"""mongoloid idiot"" OR ""mongoloid idiocy"" OR ""mongol idiocy""",1958,1
T2_mongoloid_idiot,"""mongoloid idiot"" OR ""mongoloid idiocy"" OR ""mongol idiocy""",1959,1
T2_mongoloid_idiot,"""mongoloid idiot"" OR ""mongoloid idiocy"" OR ""mongol idiocy""",1960,1
T2_mongoloid_idiot,"""mongoloid idiot"" OR ""mongoloid idiocy"" OR ""mongol idiocy""",1961,0
T2_mongoloid_idiot,"""mongoloid idiot"" OR ""mongoloid idiocy"" OR ""mongol idiocy""",1962,1
T2_mongoloid_idiot,"""mongoloid idiot"" OR ""mongoloid idiocy"" OR ""mongol idiocy""",1963,3
T2_mongoloid_idiot,"""mongoloid idiot"" OR ""mongoloid idiocy"" OR ""mongol idiocy""",1964,1
T2_mongoloid_idiot,"""mongoloid idiot"" OR ""mongoloid idiocy"" OR ""mongol idiocy""",1965,0
T2_mongoloid_idiot,"""mongoloid idiot"" OR ""mongoloid idiocy"" OR ""mongol idiocy""",1966,0
T2_mongoloid_idiot,"""mongoloid idiot"" OR ""mongoloid idiocy"" OR ""mongol idiocy""",1967,1
T2_mongoloid_idiot,"""mongoloid idiot"" OR ""mongoloid idiocy"" OR ""mongol idiocy""",1968,1
T2_mongoloid_idiot,"""mongoloid idiot"" OR ""mongoloid idiocy"" OR ""mongol idiocy""",1969,0
T2_mongoloid_idiot,"""mongoloid idiot"" OR ""mongoloid idiocy"" OR ""mongol idiocy""",1970,0
T2_mongoloid_idiot,"""mongoloid idiot"" OR ""mongoloid idiocy"" OR ""mongol idiocy""",1971,2
T2_mongoloid_idiot,"""mongoloid idiot"" OR ""mongoloid idiocy"" OR ""mongol idiocy""",1972,0
T2_mongoloid_idiot,"""mongoloid idiot"" OR ""mongoloid idiocy"" OR ""mongol idiocy""",1973,0
T2_mongoloid_idiot,"""mongoloid idiot"" OR ""mongoloid idiocy"" OR ""mongol idiocy""",1974,0
T2_mongoloid_idiot,"""mongoloid idiot"" OR ""mongoloid idiocy"" OR ""mongol idiocy""",1975,0
T2_mongoloid_idiot,"""mongoloid idiot"" OR ""mongoloid idiocy"" OR ""mongol idiocy""",1976,1
T2_mongoloid_idiot,"""mongoloid idiot"" OR ""mongoloid idiocy"" OR ""mongol idiocy""",1977,0
T2_mongoloid_idiot,"""mongoloid idiot"" OR ""mongoloid idiocy"" OR ""mongol idiocy""",1978,0
T2_mongoloid_idiot,"""mongoloid idiot"" OR ""mongoloid idiocy"" OR ""mongol idiocy""",1979,0
T2_mongoloid_idiot,"""mongoloid idiot"" OR ""mongoloid idiocy"" OR ""mongol idiocy""",1980,0
T2_mongoloid_idiot,"""mongoloid idiot"" OR ""mongoloid idiocy"" OR ""mongol idiocy""",1981,0
T2_mongoloid_idiot,"""mongoloid idiot"" OR ""mongoloid idiocy"" OR ""mongol idiocy""",1982,0
T2_mongoloid_idiot,"""mongoloid idiot"" OR ""mongoloid idiocy"" OR ""mongol idiocy""",1983,0
T2_mongoloid_idiot,"""mongoloid idiot"" OR ""mongoloid idiocy"" OR ""mongol idiocy""",1984,0
T2_mongoloid_idiot,"""mongoloid idiot"" OR ""mongoloid idiocy"" OR ""mongol idiocy""",1985,0
T2_mongoloid_idiot,"""mongoloid idiot"" OR ""mongoloid idiocy"" OR ""mongol idiocy""",1986,0
T2_mongoloid_idiot,"""mongoloid idiot"" OR ""mongoloid idiocy"" OR ""mongol idiocy""",1987,0
T2_mongoloid_idiot,"""mongoloid idiot"" OR ""mongoloid idiocy"" OR ""mongol idiocy""",1988,0
T2_mongoloid_idiot,"""mongoloid idiot"" OR ""mongoloid idiocy"" OR ""mongol idiocy""",1989,0
T2_mongoloid_idiot,"""mongoloid idiot"" OR ""mongoloid idiocy"" OR ""mongol idiocy""",1990,0
T2_mongoloid_idiot,"""mongoloid idiot"" OR ""mongoloid idiocy"" OR ""mongol idiocy""",1991,0
T2_mongoloid_idiot,"""mongoloid idiot"" OR ""mongoloid idiocy"" OR ""mongol idiocy""",1992,0
T2_mongoloid_idiot,"""mongoloid idiot"" OR ""mongoloid idiocy"" OR ""mongol idiocy""",1993,0
T2_mongoloid_idiot,"""mongoloid idiot"" OR ""mongoloid idiocy"" OR ""mongol idiocy""",1994,0
T2_mongoloid_idiot,"""mongoloid idiot"" OR ""mongoloid idiocy"" OR ""mongol idiocy""",1995,0
T2_mongoloid_idiot,"""mongoloid idiot"" OR ""mongoloid idiocy"" OR ""mongol idiocy""",1996,0
T2_mongoloid_idiot,"""mongoloid idiot"" OR ""mongoloid idiocy"" OR ""mongol idiocy""",1997,0
T2_mongoloid_idiot,"""mongoloid idiot"" OR ""mongoloid idiocy"" OR ""mongol idiocy""",1998,0
T2_mongoloid_idiot,"""mongoloid idiot"" OR ""mongoloid idiocy"" OR ""mongol idiocy""",1999,0
T2_mongoloid_idiot,"""mongoloid idiot"" OR ""mongoloid idiocy"" OR ""mongol idiocy""",2000,0
T2_mongoloid_idiot,"""mongoloid idiot"" OR ""mongoloid idiocy"" OR ""mongol idiocy""",2001,0
T2_mongoloid_idiot,"""mongoloid idiot"" OR ""mongoloid idiocy"" OR ""mongol idiocy""",2002,0
T2_mongoloid_idiot,"""mongoloid idiot"" OR ""mongoloid idiocy"" OR ""mongol idiocy""",2003,0
T2_mongoloid_idiot,"""mongoloid idiot"" OR ""mongoloid idiocy"" OR ""mongol idiocy""",2004,0
T2_mongoloid_idiot,"""mongoloid idiot"" OR ""mongoloid idiocy"" OR ""mongol idiocy""",2005,0
T2_mongoloid_idiot,"""mongoloid idiot"" OR ""mongoloid idiocy"" OR ""mongol idiocy""",2006,0
T2_mongoloid_idiot,"""mongoloid idiot"" OR ""mongoloid idiocy"" OR ""mongol idiocy""",2007,0
T2_mongoloid_idiot,"""mongoloid idiot"" OR ""mongoloid idiocy"" OR ""mongol idiocy""",2008,0
T2_mongoloid_idiot,"""mongoloid idiot"" OR ""mongoloid idiocy"" OR ""mongol idiocy""",2009,0
T2_mongoloid_idiot,"""mongoloid idiot"" OR ""mongoloid idiocy"" OR ""mongol idiocy""",2010,0
T2_mongoloid_idiot,"""mongoloid idiot"" OR ""mongoloid idiocy"" OR ""mongol idiocy""",2011,0
T2_mongoloid_idiot,"""mongoloid idiot"" OR ""mongoloid idiocy"" OR ""mongol idiocy""",2012,0
T2_mongoloid_idiot,"""mongoloid idiot"" OR ""mongoloid idiocy"" OR ""mongol idiocy""",2013,0
T2_mongoloid_idiot,"""mongoloid idiot"" OR ""mongoloid idiocy"" OR ""mongol idiocy""",2014,0
T2_mongoloid_idiot,"""mongoloid idiot"" OR ""mongoloid idiocy"" OR ""mongol idiocy""",2015,0
T2_mongoloid_idiot,"""mongoloid idiot"" OR ""mongoloid idiocy"" OR ""mongol idiocy""",2016,0
T2_mongoloid_idiot,"""mongoloid idiot"" OR ""mongoloid idiocy"" OR ""mongol idiocy""",2017,0
T2_mongoloid_idiot,"""mongoloid idiot"" OR ""mongoloid idiocy"" OR ""mongol idiocy""",2018,0
T2_mongoloid_idiot,"""mongoloid idiot"" OR ""mongoloid idiocy"" OR ""mongol idiocy""",2019,0
T2_mongoloid_idiot,"""mongoloid idiot"" OR ""mongoloid idiocy"" OR ""mongol idiocy""",2020,0
T2_mongoloid_idiot,"""mongoloid idiot"" OR ""mongoloid idiocy"" OR ""mongol idiocy""",2021,0
T2_mongoloid_idiot,"""mongoloid idiot"" OR ""mongoloid idiocy"" OR ""mongol idiocy""",2022,0
T2_mongoloid_idiot,"""mongoloid idiot"" OR ""mongoloid idiocy"" OR ""mongol idiocy""",2023,0
T2_mongoloid_idiot,"""mongoloid idiot"" OR ""mongoloid idiocy"" OR ""mongol idiocy""",2024,0
T2_homosexuality,homosexuality,1950,8
T2_homosexuality,homosexuality,1951,11
T2_homosexuality,homosexuality,1952,14
T2_homosexuality,homosexuality,1953,20
T2_homosexuality,homosexuality,1954,18
T2_homosexuality,homosexuality,1955,14
T2_homosexuality,homosexuality,1956,23
T2_homosexuality,homosexuality,1957,25
T2_homosexuality,homosexuality,1958,26
T2_homosexuality,homosexuality,1959,25
T2_homosexuality,homosexuality,1960,39
T2_homosexuality,homosexuality,1961,36
T2_homosexuality,homosexuality,1962,43
T2_homosexuality,homosexuality,1963,49
T2_homosexuality,homosexuality,1964,90
T2_homosexuality,homosexuality,1965,67
T2_homosexuality,homosexuality,1966,27
T2_homosexuality,homosexuality,1967,32
T2_homosexuality,homosexuality,1968,25
T2_homosexuality,homosexuality,1969,33
T2_homosexuality,homosexuality,1970,17
T2_homosexuality,homosexuality,1971,18
T2_homosexuality,homosexuality,1972,29
T2_homosexuality,homosexuality,1973,28
T2_homosexuality,homosexuality,1974,17
T2_homosexuality,homosexuality,1975,34
T2_homosexuality,homosexuality,1976,45
T2_homosexuality,homosexuality,1977,42
T2_homosexuality,homosexuality,1978,43
T2_homosexuality,homosexuality,1979,35
T2_homosexuality,homosexuality,1980,50
T2_homosexuality,homosexuality,1981,36
T2_homosexuality,homosexuality,1982,40
T2_homosexuality,homosexuality,1983,51
T2_homosexuality,homosexuality,1984,62
T2_homosexuality,homosexuality,1985,53
T2_homosexuality,homosexuality,1986,52
T2_homosexuality,homosexuality,1987,43
T2_homosexuality,homosexuality,1988,51
T2_homosexuality,homosexuality,1989,54
T2_homosexuality,homosexuality,1990,46
T2_homosexuality,homosexuality,1991,79
T2_homosexuality,homosexuality,1992,67
T2_homosexuality,homosexuality,1993,88
T2_homosexuality,homosexuality,1994,74
T2_homosexuality,homosexuality,1995,107
T2_homosexuality,homosexuality,1996,80
T2_homosexuality,homosexuality,1997,58
T2_homosexuality,homosexuality,1998,64
T2_homosexuality,homosexuality,1999,58
T2_homosexuality,homosexuality,2000,58
T2_homosexuality,homosexuality,2001,58
T2_homosexuality,homosexuality,2002,60
T2_homosexuality,homosexuality,2003,49
T2_homosexuality,homosexuality,2004,70
T2_homosexuality,homosexuality,2005,58
T2_homosexuality,homosexuality,2006,65
T2_homosexuality,homosexuality,2007,59
T2_homosexuality,homosexuality,2008,66
T2_homosexuality,homosexuality,2009,64
T2_homosexuality,homosexuality,2010,58
T2_homosexuality,homosexuality,2011,71
T2_homosexuality,homosexuality,2012,89
T2_homosexuality,homosexuality,2013,113
T2_homosexuality,homosexuality,2014,126
T2_homosexuality,homosexuality,2015,173
T2_homosexuality,homosexuality,2016,192
T2_homosexuality,homosexuality,2017,183
T2_homosexuality,homosexuality,2018,150
T2_homosexuality,homosexuality,2019,135
T2_homosexuality,homosexuality,2020,129
T2_homosexuality,homosexuality,2021,118
T2_homosexuality,homosexuality,2022,140
T2_homosexuality,homosexuality,2023,141
T2_homosexuality,homosexuality,2024,116
T2_homosexuality_dx,"""homosexual disorder"" OR ""homosexual deviation"" OR ""homosexual neurosis"" OR ""latent homosexuality"" OR ""treatment of homosexuality"" OR ""cure of homosexuality"" OR ""etiology of homosexuality""",1950,0
T2_homosexuality_dx,"""homosexual disorder"" OR ""homosexual deviation"" OR ""homosexual neurosis"" OR ""latent homosexuality"" OR ""treatment of homosexuality"" OR ""cure of homosexuality"" OR ""etiology of homosexuality""",1951,1
T2_homosexuality_dx,"""homosexual disorder"" OR ""homosexual deviation"" OR ""homosexual neurosis"" OR ""latent homosexuality"" OR ""treatment of homosexuality"" OR ""cure of homosexuality"" OR ""etiology of homosexuality""",1952,0
T2_homosexuality_dx,"""homosexual disorder"" OR ""homosexual deviation"" OR ""homosexual neurosis"" OR ""latent homosexuality"" OR ""treatment of homosexuality"" OR ""cure of homosexuality"" OR ""etiology of homosexuality""",1953,0
T2_homosexuality_dx,"""homosexual disorder"" OR ""homosexual deviation"" OR ""homosexual neurosis"" OR ""latent homosexuality"" OR ""treatment of homosexuality"" OR ""cure of homosexuality"" OR ""etiology of homosexuality""",1954,0
T2_homosexuality_dx,"""homosexual disorder"" OR ""homosexual deviation"" OR ""homosexual neurosis"" OR ""latent homosexuality"" OR ""treatment of homosexuality"" OR ""cure of homosexuality"" OR ""etiology of homosexuality""",1955,0
T2_homosexuality_dx,"""homosexual disorder"" OR ""homosexual deviation"" OR ""homosexual neurosis"" OR ""latent homosexuality"" OR ""treatment of homosexuality"" OR ""cure of homosexuality"" OR ""etiology of homosexuality""",1956,0
T2_homosexuality_dx,"""homosexual disorder"" OR ""homosexual deviation"" OR ""homosexual neurosis"" OR ""latent homosexuality"" OR ""treatment of homosexuality"" OR ""cure of homosexuality"" OR ""etiology of homosexuality""",1957,0
T2_homosexuality_dx,"""homosexual disorder"" OR ""homosexual deviation"" OR ""homosexual neurosis"" OR ""latent homosexuality"" OR ""treatment of homosexuality"" OR ""cure of homosexuality"" OR ""etiology of homosexuality""",1958,0
T2_homosexuality_dx,"""homosexual disorder"" OR ""homosexual deviation"" OR ""homosexual neurosis"" OR ""latent homosexuality"" OR ""treatment of homosexuality"" OR ""cure of homosexuality"" OR ""etiology of homosexuality""",1959,0
T2_homosexuality_dx,"""homosexual disorder"" OR ""homosexual deviation"" OR ""homosexual neurosis"" OR ""latent homosexuality"" OR ""treatment of homosexuality"" OR ""cure of homosexuality"" OR ""etiology of homosexuality""",1960,0
T2_homosexuality_dx,"""homosexual disorder"" OR ""homosexual deviation"" OR ""homosexual neurosis"" OR ""latent homosexuality"" OR ""treatment of homosexuality"" OR ""cure of homosexuality"" OR ""etiology of homosexuality""",1961,0
T2_homosexuality_dx,"""homosexual disorder"" OR ""homosexual deviation"" OR ""homosexual neurosis"" OR ""latent homosexuality"" OR ""treatment of homosexuality"" OR ""cure of homosexuality"" OR ""etiology of homosexuality""",1962,0
T2_homosexuality_dx,"""homosexual disorder"" OR ""homosexual deviation"" OR ""homosexual neurosis"" OR ""latent homosexuality"" OR ""treatment of homosexuality"" OR ""cure of homosexuality"" OR ""etiology of homosexuality""",1963,0
T2_homosexuality_dx,"""homosexual disorder"" OR ""homosexual deviation"" OR ""homosexual neurosis"" OR ""latent homosexuality"" OR ""treatment of homosexuality"" OR ""cure of homosexuality"" OR ""etiology of homosexuality""",1964,0
T2_homosexuality_dx,"""homosexual disorder"" OR ""homosexual deviation"" OR ""homosexual neurosis"" OR ""latent homosexuality"" OR ""treatment of homosexuality"" OR ""cure of homosexuality"" OR ""etiology of homosexuality""",1965,1
T2_homosexuality_dx,"""homosexual disorder"" OR ""homosexual deviation"" OR ""homosexual neurosis"" OR ""latent homosexuality"" OR ""treatment of homosexuality"" OR ""cure of homosexuality"" OR ""etiology of homosexuality""",1966,1
T2_homosexuality_dx,"""homosexual disorder"" OR ""homosexual deviation"" OR ""homosexual neurosis"" OR ""latent homosexuality"" OR ""treatment of homosexuality"" OR ""cure of homosexuality"" OR ""etiology of homosexuality""",1967,2
T2_homosexuality_dx,"""homosexual disorder"" OR ""homosexual deviation"" OR ""homosexual neurosis"" OR ""latent homosexuality"" OR ""treatment of homosexuality"" OR ""cure of homosexuality"" OR ""etiology of homosexuality""",1968,0
T2_homosexuality_dx,"""homosexual disorder"" OR ""homosexual deviation"" OR ""homosexual neurosis"" OR ""latent homosexuality"" OR ""treatment of homosexuality"" OR ""cure of homosexuality"" OR ""etiology of homosexuality""",1969,0
T2_homosexuality_dx,"""homosexual disorder"" OR ""homosexual deviation"" OR ""homosexual neurosis"" OR ""latent homosexuality"" OR ""treatment of homosexuality"" OR ""cure of homosexuality"" OR ""etiology of homosexuality""",1970,0
T2_homosexuality_dx,"""homosexual disorder"" OR ""homosexual deviation"" OR ""homosexual neurosis"" OR ""latent homosexuality"" OR ""treatment of homosexuality"" OR ""cure of homosexuality"" OR ""etiology of homosexuality""",1971,0
T2_homosexuality_dx,"""homosexual disorder"" OR ""homosexual deviation"" OR ""homosexual neurosis"" OR ""latent homosexuality"" OR ""treatment of homosexuality"" OR ""cure of homosexuality"" OR ""etiology of homosexuality""",1972,0
T2_homosexuality_dx,"""homosexual disorder"" OR ""homosexual deviation"" OR ""homosexual neurosis"" OR ""latent homosexuality"" OR ""treatment of homosexuality"" OR ""cure of homosexuality"" OR ""etiology of homosexuality""",1973,0
T2_homosexuality_dx,"""homosexual disorder"" OR ""homosexual deviation"" OR ""homosexual neurosis"" OR ""latent homosexuality"" OR ""treatment of homosexuality"" OR ""cure of homosexuality"" OR ""etiology of homosexuality""",1974,1
T2_homosexuality_dx,"""homosexual disorder"" OR ""homosexual deviation"" OR ""homosexual neurosis"" OR ""latent homosexuality"" OR ""treatment of homosexuality"" OR ""cure of homosexuality"" OR ""etiology of homosexuality""",1975,0
T2_homosexuality_dx,"""homosexual disorder"" OR ""homosexual deviation"" OR ""homosexual neurosis"" OR ""latent homosexuality"" OR ""treatment of homosexuality"" OR ""cure of homosexuality"" OR ""etiology of homosexuality""",1976,1
T2_homosexuality_dx,"""homosexual disorder"" OR ""homosexual deviation"" OR ""homosexual neurosis"" OR ""latent homosexuality"" OR ""treatment of homosexuality"" OR ""cure of homosexuality"" OR ""etiology of homosexuality""",1977,1
T2_homosexuality_dx,"""homosexual disorder"" OR ""homosexual deviation"" OR ""homosexual neurosis"" OR ""latent homosexuality"" OR ""treatment of homosexuality"" OR ""cure of homosexuality"" OR ""etiology of homosexuality""",1978,1
T2_homosexuality_dx,"""homosexual disorder"" OR ""homosexual deviation"" OR ""homosexual neurosis"" OR ""latent homosexuality"" OR ""treatment of homosexuality"" OR ""cure of homosexuality"" OR ""etiology of homosexuality""",1979,0
T2_homosexuality_dx,"""homosexual disorder"" OR ""homosexual deviation"" OR ""homosexual neurosis"" OR ""latent homosexuality"" OR ""treatment of homosexuality"" OR ""cure of homosexuality"" OR ""etiology of homosexuality""",1980,0
T2_homosexuality_dx,"""homosexual disorder"" OR ""homosexual deviation"" OR ""homosexual neurosis"" OR ""latent homosexuality"" OR ""treatment of homosexuality"" OR ""cure of homosexuality"" OR ""etiology of homosexuality""",1981,0
T2_homosexuality_dx,"""homosexual disorder"" OR ""homosexual deviation"" OR ""homosexual neurosis"" OR ""latent homosexuality"" OR ""treatment of homosexuality"" OR ""cure of homosexuality"" OR ""etiology of homosexuality""",1982,1
T2_homosexuality_dx,"""homosexual disorder"" OR ""homosexual deviation"" OR ""homosexual neurosis"" OR ""latent homosexuality"" OR ""treatment of homosexuality"" OR ""cure of homosexuality"" OR ""etiology of homosexuality""",1983,0
T2_homosexuality_dx,"""homosexual disorder"" OR ""homosexual deviation"" OR ""homosexual neurosis"" OR ""latent homosexuality"" OR ""treatment of homosexuality"" OR ""cure of homosexuality"" OR ""etiology of homosexuality""",1984,1
T2_homosexuality_dx,"""homosexual disorder"" OR ""homosexual deviation"" OR ""homosexual neurosis"" OR ""latent homosexuality"" OR ""treatment of homosexuality"" OR ""cure of homosexuality"" OR ""etiology of homosexuality""",1985,0
T2_homosexuality_dx,"""homosexual disorder"" OR ""homosexual deviation"" OR ""homosexual neurosis"" OR ""latent homosexuality"" OR ""treatment of homosexuality"" OR ""cure of homosexuality"" OR ""etiology of homosexuality""",1986,1
T2_homosexuality_dx,"""homosexual disorder"" OR ""homosexual deviation"" OR ""homosexual neurosis"" OR ""latent homosexuality"" OR ""treatment of homosexuality"" OR ""cure of homosexuality"" OR ""etiology of homosexuality""",1987,0
T2_homosexuality_dx,"""homosexual disorder"" OR ""homosexual deviation"" OR ""homosexual neurosis"" OR ""latent homosexuality"" OR ""treatment of homosexuality"" OR ""cure of homosexuality"" OR ""etiology of homosexuality""",1988,1
T2_homosexuality_dx,"""homosexual disorder"" OR ""homosexual deviation"" OR ""homosexual neurosis"" OR ""latent homosexuality"" OR ""treatment of homosexuality"" OR ""cure of homosexuality"" OR ""etiology of homosexuality""",1989,0
T2_homosexuality_dx,"""homosexual disorder"" OR ""homosexual deviation"" OR ""homosexual neurosis"" OR ""latent homosexuality"" OR ""treatment of homosexuality"" OR ""cure of homosexuality"" OR ""etiology of homosexuality""",1990,0
T2_homosexuality_dx,"""homosexual disorder"" OR ""homosexual deviation"" OR ""homosexual neurosis"" OR ""latent homosexuality"" OR ""treatment of homosexuality"" OR ""cure of homosexuality"" OR ""etiology of homosexuality""",1991,0
T2_homosexuality_dx,"""homosexual disorder"" OR ""homosexual deviation"" OR ""homosexual neurosis"" OR ""latent homosexuality"" OR ""treatment of homosexuality"" OR ""cure of homosexuality"" OR ""etiology of homosexuality""",1992,0
T2_homosexuality_dx,"""homosexual disorder"" OR ""homosexual deviation"" OR ""homosexual neurosis"" OR ""latent homosexuality"" OR ""treatment of homosexuality"" OR ""cure of homosexuality"" OR ""etiology of homosexuality""",1993,0
T2_homosexuality_dx,"""homosexual disorder"" OR ""homosexual deviation"" OR ""homosexual neurosis"" OR ""latent homosexuality"" OR ""treatment of homosexuality"" OR ""cure of homosexuality"" OR ""etiology of homosexuality""",1994,0
T2_homosexuality_dx,"""homosexual disorder"" OR ""homosexual deviation"" OR ""homosexual neurosis"" OR ""latent homosexuality"" OR ""treatment of homosexuality"" OR ""cure of homosexuality"" OR ""etiology of homosexuality""",1995,0
T2_homosexuality_dx,"""homosexual disorder"" OR ""homosexual deviation"" OR ""homosexual neurosis"" OR ""latent homosexuality"" OR ""treatment of homosexuality"" OR ""cure of homosexuality"" OR ""etiology of homosexuality""",1996,0
T2_homosexuality_dx,"""homosexual disorder"" OR ""homosexual deviation"" OR ""homosexual neurosis"" OR ""latent homosexuality"" OR ""treatment of homosexuality"" OR ""cure of homosexuality"" OR ""etiology of homosexuality""",1997,0
T2_homosexuality_dx,"""homosexual disorder"" OR ""homosexual deviation"" OR ""homosexual neurosis"" OR ""latent homosexuality"" OR ""treatment of homosexuality"" OR ""cure of homosexuality"" OR ""etiology of homosexuality""",1998,0
T2_homosexuality_dx,"""homosexual disorder"" OR ""homosexual deviation"" OR ""homosexual neurosis"" OR ""latent homosexuality"" OR ""treatment of homosexuality"" OR ""cure of homosexuality"" OR ""etiology of homosexuality""",1999,0
T2_homosexuality_dx,"""homosexual disorder"" OR ""homosexual deviation"" OR ""homosexual neurosis"" OR ""latent homosexuality"" OR ""treatment of homosexuality"" OR ""cure of homosexuality"" OR ""etiology of homosexuality""",2000,0
T2_homosexuality_dx,"""homosexual disorder"" OR ""homosexual deviation"" OR ""homosexual neurosis"" OR ""latent homosexuality"" OR ""treatment of homosexuality"" OR ""cure of homosexuality"" OR ""etiology of homosexuality""",2001,0
T2_homosexuality_dx,"""homosexual disorder"" OR ""homosexual deviation"" OR ""homosexual neurosis"" OR ""latent homosexuality"" OR ""treatment of homosexuality"" OR ""cure of homosexuality"" OR ""etiology of homosexuality""",2002,0
T2_homosexuality_dx,"""homosexual disorder"" OR ""homosexual deviation"" OR ""homosexual neurosis"" OR ""latent homosexuality"" OR ""treatment of homosexuality"" OR ""cure of homosexuality"" OR ""etiology of homosexuality""",2003,1
T2_homosexuality_dx,"""homosexual disorder"" OR ""homosexual deviation"" OR ""homosexual neurosis"" OR ""latent homosexuality"" OR ""treatment of homosexuality"" OR ""cure of homosexuality"" OR ""etiology of homosexuality""",2004,0
T2_homosexuality_dx,"""homosexual disorder"" OR ""homosexual deviation"" OR ""homosexual neurosis"" OR ""latent homosexuality"" OR ""treatment of homosexuality"" OR ""cure of homosexuality"" OR ""etiology of homosexuality""",2005,0
T2_homosexuality_dx,"""homosexual disorder"" OR ""homosexual deviation"" OR ""homosexual neurosis"" OR ""latent homosexuality"" OR ""treatment of homosexuality"" OR ""cure of homosexuality"" OR ""etiology of homosexuality""",2006,1
T2_homosexuality_dx,"""homosexual disorder"" OR ""homosexual deviation"" OR ""homosexual neurosis"" OR ""latent homosexuality"" OR ""treatment of homosexuality"" OR ""cure of homosexuality"" OR ""etiology of homosexuality""",2007,1
T2_homosexuality_dx,"""homosexual disorder"" OR ""homosexual deviation"" OR ""homosexual neurosis"" OR ""latent homosexuality"" OR ""treatment of homosexuality"" OR ""cure of homosexuality"" OR ""etiology of homosexuality""",2008,0
T2_homosexuality_dx,"""homosexual disorder"" OR ""homosexual deviation"" OR ""homosexual neurosis"" OR ""latent homosexuality"" OR ""treatment of homosexuality"" OR ""cure of homosexuality"" OR ""etiology of homosexuality""",2009,0
T2_homosexuality_dx,"""homosexual disorder"" OR ""homosexual deviation"" OR ""homosexual neurosis"" OR ""latent homosexuality"" OR ""treatment of homosexuality"" OR ""cure of homosexuality"" OR ""etiology of homosexuality""",2010,0
T2_homosexuality_dx,"""homosexual disorder"" OR ""homosexual deviation"" OR ""homosexual neurosis"" OR ""latent homosexuality"" OR ""treatment of homosexuality"" OR ""cure of homosexuality"" OR ""etiology of homosexuality""",2011,0
T2_homosexuality_dx,"""homosexual disorder"" OR ""homosexual deviation"" OR ""homosexual neurosis"" OR ""latent homosexuality"" OR ""treatment of homosexuality"" OR ""cure of homosexuality"" OR ""etiology of homosexuality""",2012,0
T2_homosexuality_dx,"""homosexual disorder"" OR ""homosexual deviation"" OR ""homosexual neurosis"" OR ""latent homosexuality"" OR ""treatment of homosexuality"" OR ""cure of homosexuality"" OR ""etiology of homosexuality""",2013,0
T2_homosexuality_dx,"""homosexual disorder"" OR ""homosexual deviation"" OR ""homosexual neurosis"" OR ""latent homosexuality"" OR ""treatment of homosexuality"" OR ""cure of homosexuality"" OR ""etiology of homosexuality""",2014,0
T2_homosexuality_dx,"""homosexual disorder"" OR ""homosexual deviation"" OR ""homosexual neurosis"" OR ""latent homosexuality"" OR ""treatment of homosexuality"" OR ""cure of homosexuality"" OR ""etiology of homosexuality""",2015,0
T2_homosexuality_dx,"""homosexual disorder"" OR ""homosexual deviation"" OR ""homosexual neurosis"" OR ""latent homosexuality"" OR ""treatment of homosexuality"" OR ""cure of homosexuality"" OR ""etiology of homosexuality""",2016,0
T2_homosexuality_dx,"""homosexual disorder"" OR ""homosexual deviation"" OR ""homosexual neurosis"" OR ""latent homosexuality"" OR ""treatment of homosexuality"" OR ""cure of homosexuality"" OR ""etiology of homosexuality""",2017,0
T2_homosexuality_dx,"""homosexual disorder"" OR ""homosexual deviation"" OR ""homosexual neurosis"" OR ""latent homosexuality"" OR ""treatment of homosexuality"" OR ""cure of homosexuality"" OR ""etiology of homosexuality""",2018,0
T2_homosexuality_dx,"""homosexual disorder"" OR ""homosexual deviation"" OR ""homosexual neurosis"" OR ""latent homosexuality"" OR ""treatment of homosexuality"" OR ""cure of homosexuality"" OR ""etiology of homosexuality""",2019,0
T2_homosexuality_dx,"""homosexual disorder"" OR ""homosexual deviation"" OR ""homosexual neurosis"" OR ""latent homosexuality"" OR ""treatment of homosexuality"" OR ""cure of homosexuality"" OR ""etiology of homosexuality""",2020,0
T2_homosexuality_dx,"""homosexual disorder"" OR ""homosexual deviation"" OR ""homosexual neurosis"" OR ""latent homosexuality"" OR ""treatment of homosexuality"" OR ""cure of homosexuality"" OR ""etiology of homosexuality""",2021,1
T2_homosexuality_dx,"""homosexual disorder"" OR ""homosexual deviation"" OR ""homosexual neurosis"" OR ""latent homosexuality"" OR ""treatment of homosexuality"" OR ""cure of homosexuality"" OR ""etiology of homosexuality""",2022,1
T2_homosexuality_dx,"""homosexual disorder"" OR ""homosexual deviation"" OR ""homosexual neurosis"" OR ""latent homosexuality"" OR ""treatment of homosexuality"" OR ""cure of homosexuality"" OR ""etiology of homosexuality""",2023,0
T2_homosexuality_dx,"""homosexual disorder"" OR ""homosexual deviation"" OR ""homosexual neurosis"" OR ""latent homosexuality"" OR ""treatment of homosexuality"" OR ""cure of homosexuality"" OR ""etiology of homosexuality""",2024,0
T2_ego_dystonic,"""ego-dystonic homosexuality"" OR ""ego dystonic homosexuality""",1970,0
T2_ego_dystonic,"""ego-dystonic homosexuality"" OR ""ego dystonic homosexuality""",1971,0
T2_ego_dystonic,"""ego-dystonic homosexuality"" OR ""ego dystonic homosexuality""",1972,0
T2_ego_dystonic,"""ego-dystonic homosexuality"" OR ""ego dystonic homosexuality""",1973,0
T2_ego_dystonic,"""ego-dystonic homosexuality"" OR ""ego dystonic homosexuality""",1974,0
T2_ego_dystonic,"""ego-dystonic homosexuality"" OR ""ego dystonic homosexuality""",1975,0
T2_ego_dystonic,"""ego-dystonic homosexuality"" OR ""ego dystonic homosexuality""",1976,0
T2_ego_dystonic,"""ego-dystonic homosexuality"" OR ""ego dystonic homosexuality""",1977,0
T2_ego_dystonic,"""ego-dystonic homosexuality"" OR ""ego dystonic homosexuality""",1978,0
T2_ego_dystonic,"""ego-dystonic homosexuality"" OR ""ego dystonic homosexuality""",1979,0
T2_ego_dystonic,"""ego-dystonic homosexuality"" OR ""ego dystonic homosexuality""",1980,1
T2_ego_dystonic,"""ego-dystonic homosexuality"" OR ""ego dystonic homosexuality""",1981,1
T2_ego_dystonic,"""ego-dystonic homosexuality"" OR ""ego dystonic homosexuality""",1982,0
T2_ego_dystonic,"""ego-dystonic homosexuality"" OR ""ego dystonic homosexuality""",1983,0
T2_ego_dystonic,"""ego-dystonic homosexuality"" OR ""ego dystonic homosexuality""",1984,1
T2_ego_dystonic,"""ego-dystonic homosexuality"" OR ""ego dystonic homosexuality""",1985,1
T2_ego_dystonic,"""ego-dystonic homosexuality"" OR ""ego dystonic homosexuality""",1986,2
T2_ego_dystonic,"""ego-dystonic homosexuality"" OR ""ego dystonic homosexuality""",1987,0
T2_ego_dystonic,"""ego-dystonic homosexuality"" OR ""ego dystonic homosexuality""",1988,0
T2_ego_dystonic,"""ego-dystonic homosexuality"" OR ""ego dystonic homosexuality""",1989,0
T2_ego_dystonic,"""ego-dystonic homosexuality"" OR ""ego dystonic homosexuality""",1990,0
T2_ego_dystonic,"""ego-dystonic homosexuality"" OR ""ego dystonic homosexuality""",1991,0
T2_ego_dystonic,"""ego-dystonic homosexuality"" OR ""ego dystonic homosexuality""",1992,0
T2_ego_dystonic,"""ego-dystonic homosexuality"" OR ""ego dystonic homosexuality""",1993,0
T2_ego_dystonic,"""ego-dystonic homosexuality"" OR ""ego dystonic homosexuality""",1994,0
T2_ego_dystonic,"""ego-dystonic homosexuality"" OR ""ego dystonic homosexuality""",1995,2
T2_ego_dystonic,"""ego-dystonic homosexuality"" OR ""ego dystonic homosexuality""",1996,0
T2_ego_dystonic,"""ego-dystonic homosexuality"" OR ""ego dystonic homosexuality""",1997,0
T2_ego_dystonic,"""ego-dystonic homosexuality"" OR ""ego dystonic homosexuality""",1998,0
T2_ego_dystonic,"""ego-dystonic homosexuality"" OR ""ego dystonic homosexuality""",1999,0
T2_ego_dystonic,"""ego-dystonic homosexuality"" OR ""ego dystonic homosexuality""",2000,0
T2_ego_dystonic,"""ego-dystonic homosexuality"" OR ""ego dystonic homosexuality""",2001,0
T2_ego_dystonic,"""ego-dystonic homosexuality"" OR ""ego dystonic homosexuality""",2002,0
T2_ego_dystonic,"""ego-dystonic homosexuality"" OR ""ego dystonic homosexuality""",2003,0
T2_ego_dystonic,"""ego-dystonic homosexuality"" OR ""ego dystonic homosexuality""",2004,0
T2_ego_dystonic,"""ego-dystonic homosexuality"" OR ""ego dystonic homosexuality""",2005,0
T2_ego_dystonic,"""ego-dystonic homosexuality"" OR ""ego dystonic homosexuality""",2006,0
T2_ego_dystonic,"""ego-dystonic homosexuality"" OR ""ego dystonic homosexuality""",2007,0
T2_ego_dystonic,"""ego-dystonic homosexuality"" OR ""ego dystonic homosexuality""",2008,0
T2_ego_dystonic,"""ego-dystonic homosexuality"" OR ""ego dystonic homosexuality""",2009,0
T2_ego_dystonic,"""ego-dystonic homosexuality"" OR ""ego dystonic homosexuality""",2010,0
T2_ego_dystonic,"""ego-dystonic homosexuality"" OR ""ego dystonic homosexuality""",2011,0
T2_ego_dystonic,"""ego-dystonic homosexuality"" OR ""ego dystonic homosexuality""",2012,0
T2_ego_dystonic,"""ego-dystonic homosexuality"" OR ""ego dystonic homosexuality""",2013,0
T2_ego_dystonic,"""ego-dystonic homosexuality"" OR ""ego dystonic homosexuality""",2014,1
T2_ego_dystonic,"""ego-dystonic homosexuality"" OR ""ego dystonic homosexuality""",2015,0
T2_ego_dystonic,"""ego-dystonic homosexuality"" OR ""ego dystonic homosexuality""",2016,0
T2_ego_dystonic,"""ego-dystonic homosexuality"" OR ""ego dystonic homosexuality""",2017,0
T2_ego_dystonic,"""ego-dystonic homosexuality"" OR ""ego dystonic homosexuality""",2018,0
T2_ego_dystonic,"""ego-dystonic homosexuality"" OR ""ego dystonic homosexuality""",2019,0
T2_ego_dystonic,"""ego-dystonic homosexuality"" OR ""ego dystonic homosexuality""",2020,0
T2_ego_dystonic,"""ego-dystonic homosexuality"" OR ""ego dystonic homosexuality""",2021,1
T2_ego_dystonic,"""ego-dystonic homosexuality"" OR ""ego dystonic homosexuality""",2022,0
T2_ego_dystonic,"""ego-dystonic homosexuality"" OR ""ego dystonic homosexuality""",2023,1
T2_ego_dystonic,"""ego-dystonic homosexuality"" OR ""ego dystonic homosexuality""",2024,0
T2_sexual_inversion,"""sexual inversion"" OR ""sexual invert"" OR ""sexual inverts"" OR ""congenital invert""",1950,0
T2_sexual_inversion,"""sexual inversion"" OR ""sexual invert"" OR ""sexual inverts"" OR ""congenital invert""",1951,0
T2_sexual_inversion,"""sexual inversion"" OR ""sexual invert"" OR ""sexual inverts"" OR ""congenital invert""",1952,2
T2_sexual_inversion,"""sexual inversion"" OR ""sexual invert"" OR ""sexual inverts"" OR ""congenital invert""",1953,1
T2_sexual_inversion,"""sexual inversion"" OR ""sexual invert"" OR ""sexual inverts"" OR ""congenital invert""",1954,0
T2_sexual_inversion,"""sexual inversion"" OR ""sexual invert"" OR ""sexual inverts"" OR ""congenital invert""",1955,0
T2_sexual_inversion,"""sexual inversion"" OR ""sexual invert"" OR ""sexual inverts"" OR ""congenital invert""",1956,1
T2_sexual_inversion,"""sexual inversion"" OR ""sexual invert"" OR ""sexual inverts"" OR ""congenital invert""",1957,1
T2_sexual_inversion,"""sexual inversion"" OR ""sexual invert"" OR ""sexual inverts"" OR ""congenital invert""",1958,1
T2_sexual_inversion,"""sexual inversion"" OR ""sexual invert"" OR ""sexual inverts"" OR ""congenital invert""",1959,0
T2_sexual_inversion,"""sexual inversion"" OR ""sexual invert"" OR ""sexual inverts"" OR ""congenital invert""",1960,1
T2_sexual_inversion,"""sexual inversion"" OR ""sexual invert"" OR ""sexual inverts"" OR ""congenital invert""",1961,0
T2_sexual_inversion,"""sexual inversion"" OR ""sexual invert"" OR ""sexual inverts"" OR ""congenital invert""",1962,2
T2_sexual_inversion,"""sexual inversion"" OR ""sexual invert"" OR ""sexual inverts"" OR ""congenital invert""",1963,0
T2_sexual_inversion,"""sexual inversion"" OR ""sexual invert"" OR ""sexual inverts"" OR ""congenital invert""",1964,0
T2_sexual_inversion,"""sexual inversion"" OR ""sexual invert"" OR ""sexual inverts"" OR ""congenital invert""",1965,1
T2_sexual_inversion,"""sexual inversion"" OR ""sexual invert"" OR ""sexual inverts"" OR ""congenital invert""",1966,0
T2_sexual_inversion,"""sexual inversion"" OR ""sexual invert"" OR ""sexual inverts"" OR ""congenital invert""",1967,0
T2_sexual_inversion,"""sexual inversion"" OR ""sexual invert"" OR ""sexual inverts"" OR ""congenital invert""",1968,0
T2_sexual_inversion,"""sexual inversion"" OR ""sexual invert"" OR ""sexual inverts"" OR ""congenital invert""",1969,0
T2_sexual_inversion,"""sexual inversion"" OR ""sexual invert"" OR ""sexual inverts"" OR ""congenital invert""",1970,0
T2_sexual_inversion,"""sexual inversion"" OR ""sexual invert"" OR ""sexual inverts"" OR ""congenital invert""",1971,1
T2_sexual_inversion,"""sexual inversion"" OR ""sexual invert"" OR ""sexual inverts"" OR ""congenital invert""",1972,1
T2_sexual_inversion,"""sexual inversion"" OR ""sexual invert"" OR ""sexual inverts"" OR ""congenital invert""",1973,0
T2_sexual_inversion,"""sexual inversion"" OR ""sexual invert"" OR ""sexual inverts"" OR ""congenital invert""",1974,1
T2_sexual_inversion,"""sexual inversion"" OR ""sexual invert"" OR ""sexual inverts"" OR ""congenital invert""",1975,0
T2_sexual_inversion,"""sexual inversion"" OR ""sexual invert"" OR ""sexual inverts"" OR ""congenital invert""",1976,0
T2_sexual_inversion,"""sexual inversion"" OR ""sexual invert"" OR ""sexual inverts"" OR ""congenital invert""",1977,1
T2_sexual_inversion,"""sexual inversion"" OR ""sexual invert"" OR ""sexual inverts"" OR ""congenital invert""",1978,0
T2_sexual_inversion,"""sexual inversion"" OR ""sexual invert"" OR ""sexual inverts"" OR ""congenital invert""",1979,0
T2_sexual_inversion,"""sexual inversion"" OR ""sexual invert"" OR ""sexual inverts"" OR ""congenital invert""",1980,0
T2_sexual_inversion,"""sexual inversion"" OR ""sexual invert"" OR ""sexual inverts"" OR ""congenital invert""",1981,0
T2_sexual_inversion,"""sexual inversion"" OR ""sexual invert"" OR ""sexual inverts"" OR ""congenital invert""",1982,0
T2_sexual_inversion,"""sexual inversion"" OR ""sexual invert"" OR ""sexual inverts"" OR ""congenital invert""",1983,1
T2_sexual_inversion,"""sexual inversion"" OR ""sexual invert"" OR ""sexual inverts"" OR ""congenital invert""",1984,0
T2_sexual_inversion,"""sexual inversion"" OR ""sexual invert"" OR ""sexual inverts"" OR ""congenital invert""",1985,0
T2_sexual_inversion,"""sexual inversion"" OR ""sexual invert"" OR ""sexual inverts"" OR ""congenital invert""",1986,0
T2_sexual_inversion,"""sexual inversion"" OR ""sexual invert"" OR ""sexual inverts"" OR ""congenital invert""",1987,2
T2_sexual_inversion,"""sexual inversion"" OR ""sexual invert"" OR ""sexual inverts"" OR ""congenital invert""",1988,0
T2_sexual_inversion,"""sexual inversion"" OR ""sexual invert"" OR ""sexual inverts"" OR ""congenital invert""",1989,1
T2_sexual_inversion,"""sexual inversion"" OR ""sexual invert"" OR ""sexual inverts"" OR ""congenital invert""",1990,1
T2_sexual_inversion,"""sexual inversion"" OR ""sexual invert"" OR ""sexual inverts"" OR ""congenital invert""",1991,0
T2_sexual_inversion,"""sexual inversion"" OR ""sexual invert"" OR ""sexual inverts"" OR ""congenital invert""",1992,0
T2_sexual_inversion,"""sexual inversion"" OR ""sexual invert"" OR ""sexual inverts"" OR ""congenital invert""",1993,1
T2_sexual_inversion,"""sexual inversion"" OR ""sexual invert"" OR ""sexual inverts"" OR ""congenital invert""",1994,0
T2_sexual_inversion,"""sexual inversion"" OR ""sexual invert"" OR ""sexual inverts"" OR ""congenital invert""",1995,1
T2_sexual_inversion,"""sexual inversion"" OR ""sexual invert"" OR ""sexual inverts"" OR ""congenital invert""",1996,0
T2_sexual_inversion,"""sexual inversion"" OR ""sexual invert"" OR ""sexual inverts"" OR ""congenital invert""",1997,0
T2_sexual_inversion,"""sexual inversion"" OR ""sexual invert"" OR ""sexual inverts"" OR ""congenital invert""",1998,1
T2_sexual_inversion,"""sexual inversion"" OR ""sexual invert"" OR ""sexual inverts"" OR ""congenital invert""",1999,0
T2_sexual_inversion,"""sexual inversion"" OR ""sexual invert"" OR ""sexual inverts"" OR ""congenital invert""",2000,0
T2_sexual_inversion,"""sexual inversion"" OR ""sexual invert"" OR ""sexual inverts"" OR ""congenital invert""",2001,0
T2_sexual_inversion,"""sexual inversion"" OR ""sexual invert"" OR ""sexual inverts"" OR ""congenital invert""",2002,1
T2_sexual_inversion,"""sexual inversion"" OR ""sexual invert"" OR ""sexual inverts"" OR ""congenital invert""",2003,1
T2_sexual_inversion,"""sexual inversion"" OR ""sexual invert"" OR ""sexual inverts"" OR ""congenital invert""",2004,0
T2_sexual_inversion,"""sexual inversion"" OR ""sexual invert"" OR ""sexual inverts"" OR ""congenital invert""",2005,0
T2_sexual_inversion,"""sexual inversion"" OR ""sexual invert"" OR ""sexual inverts"" OR ""congenital invert""",2006,0
T2_sexual_inversion,"""sexual inversion"" OR ""sexual invert"" OR ""sexual inverts"" OR ""congenital invert""",2007,0
T2_sexual_inversion,"""sexual inversion"" OR ""sexual invert"" OR ""sexual inverts"" OR ""congenital invert""",2008,1
T2_sexual_inversion,"""sexual inversion"" OR ""sexual invert"" OR ""sexual inverts"" OR ""congenital invert""",2009,2
T2_sexual_inversion,"""sexual inversion"" OR ""sexual invert"" OR ""sexual inverts"" OR ""congenital invert""",2010,0
T2_sexual_inversion,"""sexual inversion"" OR ""sexual invert"" OR ""sexual inverts"" OR ""congenital invert""",2011,2
T2_sexual_inversion,"""sexual inversion"" OR ""sexual invert"" OR ""sexual inverts"" OR ""congenital invert""",2012,1
T2_sexual_inversion,"""sexual inversion"" OR ""sexual invert"" OR ""sexual inverts"" OR ""congenital invert""",2013,1
T2_sexual_inversion,"""sexual inversion"" OR ""sexual invert"" OR ""sexual inverts"" OR ""congenital invert""",2014,3
T2_sexual_inversion,"""sexual inversion"" OR ""sexual invert"" OR ""sexual inverts"" OR ""congenital invert""",2015,1
T2_sexual_inversion,"""sexual inversion"" OR ""sexual invert"" OR ""sexual inverts"" OR ""congenital invert""",2016,0
T2_sexual_inversion,"""sexual inversion"" OR ""sexual invert"" OR ""sexual inverts"" OR ""congenital invert""",2017,0
T2_sexual_inversion,"""sexual inversion"" OR ""sexual invert"" OR ""sexual inverts"" OR ""congenital invert""",2018,0
T2_sexual_inversion,"""sexual inversion"" OR ""sexual invert"" OR ""sexual inverts"" OR ""congenital invert""",2019,2
T2_sexual_inversion,"""sexual inversion"" OR ""sexual invert"" OR ""sexual inverts"" OR ""congenital invert""",2020,2
T2_sexual_inversion,"""sexual inversion"" OR ""sexual invert"" OR ""sexual inverts"" OR ""congenital invert""",2021,1
T2_sexual_inversion,"""sexual inversion"" OR ""sexual invert"" OR ""sexual inverts"" OR ""congenital invert""",2022,3
T2_sexual_inversion,"""sexual inversion"" OR ""sexual invert"" OR ""sexual inverts"" OR ""congenital invert""",2023,2
T2_sexual_inversion,"""sexual inversion"" OR ""sexual invert"" OR ""sexual inverts"" OR ""congenital invert""",2024,2
T2_sexual_perversion,"""sexual perversion"" OR ""sexual pervert"" OR ""sexual perversions""",1950,1
T2_sexual_perversion,"""sexual perversion"" OR ""sexual pervert"" OR ""sexual perversions""",1951,1
T2_sexual_perversion,"""sexual perversion"" OR ""sexual pervert"" OR ""sexual perversions""",1952,2
T2_sexual_perversion,"""sexual perversion"" OR ""sexual pervert"" OR ""sexual perversions""",1953,2
T2_sexual_perversion,"""sexual perversion"" OR ""sexual pervert"" OR ""sexual perversions""",1954,1
T2_sexual_perversion,"""sexual perversion"" OR ""sexual pervert"" OR ""sexual perversions""",1955,0
T2_sexual_perversion,"""sexual perversion"" OR ""sexual pervert"" OR ""sexual perversions""",1956,2
T2_sexual_perversion,"""sexual perversion"" OR ""sexual pervert"" OR ""sexual perversions""",1957,2
T2_sexual_perversion,"""sexual perversion"" OR ""sexual pervert"" OR ""sexual perversions""",1958,0
T2_sexual_perversion,"""sexual perversion"" OR ""sexual pervert"" OR ""sexual perversions""",1959,0
T2_sexual_perversion,"""sexual perversion"" OR ""sexual pervert"" OR ""sexual perversions""",1960,1
T2_sexual_perversion,"""sexual perversion"" OR ""sexual pervert"" OR ""sexual perversions""",1961,1
T2_sexual_perversion,"""sexual perversion"" OR ""sexual pervert"" OR ""sexual perversions""",1962,1
T2_sexual_perversion,"""sexual perversion"" OR ""sexual pervert"" OR ""sexual perversions""",1963,1
T2_sexual_perversion,"""sexual perversion"" OR ""sexual pervert"" OR ""sexual perversions""",1964,2
T2_sexual_perversion,"""sexual perversion"" OR ""sexual pervert"" OR ""sexual perversions""",1965,1
T2_sexual_perversion,"""sexual perversion"" OR ""sexual pervert"" OR ""sexual perversions""",1966,2
T2_sexual_perversion,"""sexual perversion"" OR ""sexual pervert"" OR ""sexual perversions""",1967,0
T2_sexual_perversion,"""sexual perversion"" OR ""sexual pervert"" OR ""sexual perversions""",1968,3
T2_sexual_perversion,"""sexual perversion"" OR ""sexual pervert"" OR ""sexual perversions""",1969,3
T2_sexual_perversion,"""sexual perversion"" OR ""sexual pervert"" OR ""sexual perversions""",1970,1
T2_sexual_perversion,"""sexual perversion"" OR ""sexual pervert"" OR ""sexual perversions""",1971,2
T2_sexual_perversion,"""sexual perversion"" OR ""sexual pervert"" OR ""sexual perversions""",1972,1
T2_sexual_perversion,"""sexual perversion"" OR ""sexual pervert"" OR ""sexual perversions""",1973,1
T2_sexual_perversion,"""sexual perversion"" OR ""sexual pervert"" OR ""sexual perversions""",1974,2
T2_sexual_perversion,"""sexual perversion"" OR ""sexual pervert"" OR ""sexual perversions""",1975,2
T2_sexual_perversion,"""sexual perversion"" OR ""sexual pervert"" OR ""sexual perversions""",1976,1
T2_sexual_perversion,"""sexual perversion"" OR ""sexual pervert"" OR ""sexual perversions""",1977,1
T2_sexual_perversion,"""sexual perversion"" OR ""sexual pervert"" OR ""sexual perversions""",1978,2
T2_sexual_perversion,"""sexual perversion"" OR ""sexual pervert"" OR ""sexual perversions""",1979,2
T2_sexual_perversion,"""sexual perversion"" OR ""sexual pervert"" OR ""sexual perversions""",1980,3
T2_sexual_perversion,"""sexual perversion"" OR ""sexual pervert"" OR ""sexual perversions""",1981,1
T2_sexual_perversion,"""sexual perversion"" OR ""sexual pervert"" OR ""sexual perversions""",1982,0
T2_sexual_perversion,"""sexual perversion"" OR ""sexual pervert"" OR ""sexual perversions""",1983,1
T2_sexual_perversion,"""sexual perversion"" OR ""sexual pervert"" OR ""sexual perversions""",1984,2
T2_sexual_perversion,"""sexual perversion"" OR ""sexual pervert"" OR ""sexual perversions""",1985,0
T2_sexual_perversion,"""sexual perversion"" OR ""sexual pervert"" OR ""sexual perversions""",1986,0
T2_sexual_perversion,"""sexual perversion"" OR ""sexual pervert"" OR ""sexual perversions""",1987,0
T2_sexual_perversion,"""sexual perversion"" OR ""sexual pervert"" OR ""sexual perversions""",1988,1
T2_sexual_perversion,"""sexual perversion"" OR ""sexual pervert"" OR ""sexual perversions""",1989,2
T2_sexual_perversion,"""sexual perversion"" OR ""sexual pervert"" OR ""sexual perversions""",1990,2
T2_sexual_perversion,"""sexual perversion"" OR ""sexual pervert"" OR ""sexual perversions""",1991,1
T2_sexual_perversion,"""sexual perversion"" OR ""sexual pervert"" OR ""sexual perversions""",1992,4
T2_sexual_perversion,"""sexual perversion"" OR ""sexual pervert"" OR ""sexual perversions""",1993,3
T2_sexual_perversion,"""sexual perversion"" OR ""sexual pervert"" OR ""sexual perversions""",1994,4
T2_sexual_perversion,"""sexual perversion"" OR ""sexual pervert"" OR ""sexual perversions""",1995,6
T2_sexual_perversion,"""sexual perversion"" OR ""sexual pervert"" OR ""sexual perversions""",1996,3
T2_sexual_perversion,"""sexual perversion"" OR ""sexual pervert"" OR ""sexual perversions""",1997,1
T2_sexual_perversion,"""sexual perversion"" OR ""sexual pervert"" OR ""sexual perversions""",1998,0
T2_sexual_perversion,"""sexual perversion"" OR ""sexual pervert"" OR ""sexual perversions""",1999,2
T2_sexual_perversion,"""sexual perversion"" OR ""sexual pervert"" OR ""sexual perversions""",2000,2
T2_sexual_perversion,"""sexual perversion"" OR ""sexual pervert"" OR ""sexual perversions""",2001,0
T2_sexual_perversion,"""sexual perversion"" OR ""sexual pervert"" OR ""sexual perversions""",2002,0
T2_sexual_perversion,"""sexual perversion"" OR ""sexual pervert"" OR ""sexual perversions""",2003,1
T2_sexual_perversion,"""sexual perversion"" OR ""sexual pervert"" OR ""sexual perversions""",2004,1
T2_sexual_perversion,"""sexual perversion"" OR ""sexual pervert"" OR ""sexual perversions""",2005,2
T2_sexual_perversion,"""sexual perversion"" OR ""sexual pervert"" OR ""sexual perversions""",2006,2
T2_sexual_perversion,"""sexual perversion"" OR ""sexual pervert"" OR ""sexual perversions""",2007,1
T2_sexual_perversion,"""sexual perversion"" OR ""sexual pervert"" OR ""sexual perversions""",2008,2
T2_sexual_perversion,"""sexual perversion"" OR ""sexual pervert"" OR ""sexual perversions""",2009,1
T2_sexual_perversion,"""sexual perversion"" OR ""sexual pervert"" OR ""sexual perversions""",2010,0
T2_sexual_perversion,"""sexual perversion"" OR ""sexual pervert"" OR ""sexual perversions""",2011,0
T2_sexual_perversion,"""sexual perversion"" OR ""sexual pervert"" OR ""sexual perversions""",2012,2
T2_sexual_perversion,"""sexual perversion"" OR ""sexual pervert"" OR ""sexual perversions""",2013,3
T2_sexual_perversion,"""sexual perversion"" OR ""sexual pervert"" OR ""sexual perversions""",2014,4
T2_sexual_perversion,"""sexual perversion"" OR ""sexual pervert"" OR ""sexual perversions""",2015,4
T2_sexual_perversion,"""sexual perversion"" OR ""sexual pervert"" OR ""sexual perversions""",2016,5
T2_sexual_perversion,"""sexual perversion"" OR ""sexual pervert"" OR ""sexual perversions""",2017,0
T2_sexual_perversion,"""sexual perversion"" OR ""sexual pervert"" OR ""sexual perversions""",2018,1
T2_sexual_perversion,"""sexual perversion"" OR ""sexual pervert"" OR ""sexual perversions""",2019,0
T2_sexual_perversion,"""sexual perversion"" OR ""sexual pervert"" OR ""sexual perversions""",2020,2
T2_sexual_perversion,"""sexual perversion"" OR ""sexual pervert"" OR ""sexual perversions""",2021,3
T2_sexual_perversion,"""sexual perversion"" OR ""sexual pervert"" OR ""sexual perversions""",2022,2
T2_sexual_perversion,"""sexual perversion"" OR ""sexual pervert"" OR ""sexual perversions""",2023,1
T2_sexual_perversion,"""sexual perversion"" OR ""sexual pervert"" OR ""sexual perversions""",2024,1
T2_sodomy_clinical,"sodomy OR sodomite OR ""sodomitical""",1950,2
T2_sodomy_clinical,"sodomy OR sodomite OR ""sodomitical""",1951,1
T2_sodomy_clinical,"sodomy OR sodomite OR ""sodomitical""",1952,0
T2_sodomy_clinical,"sodomy OR sodomite OR ""sodomitical""",1953,0
T2_sodomy_clinical,"sodomy OR sodomite OR ""sodomitical""",1954,1
T2_sodomy_clinical,"sodomy OR sodomite OR ""sodomitical""",1955,1
T2_sodomy_clinical,"sodomy OR sodomite OR ""sodomitical""",1956,0
T2_sodomy_clinical,"sodomy OR sodomite OR ""sodomitical""",1957,0
T2_sodomy_clinical,"sodomy OR sodomite OR ""sodomitical""",1958,0
T2_sodomy_clinical,"sodomy OR sodomite OR ""sodomitical""",1959,0
T2_sodomy_clinical,"sodomy OR sodomite OR ""sodomitical""",1960,1
T2_sodomy_clinical,"sodomy OR sodomite OR ""sodomitical""",1961,0
T2_sodomy_clinical,"sodomy OR sodomite OR ""sodomitical""",1962,0
T2_sodomy_clinical,"sodomy OR sodomite OR ""sodomitical""",1963,0
T2_sodomy_clinical,"sodomy OR sodomite OR ""sodomitical""",1964,1
T2_sodomy_clinical,"sodomy OR sodomite OR ""sodomitical""",1965,0
T2_sodomy_clinical,"sodomy OR sodomite OR ""sodomitical""",1966,0
T2_sodomy_clinical,"sodomy OR sodomite OR ""sodomitical""",1967,0
T2_sodomy_clinical,"sodomy OR sodomite OR ""sodomitical""",1968,2
T2_sodomy_clinical,"sodomy OR sodomite OR ""sodomitical""",1969,0
T2_sodomy_clinical,"sodomy OR sodomite OR ""sodomitical""",1970,2
T2_sodomy_clinical,"sodomy OR sodomite OR ""sodomitical""",1971,0
T2_sodomy_clinical,"sodomy OR sodomite OR ""sodomitical""",1972,0
T2_sodomy_clinical,"sodomy OR sodomite OR ""sodomitical""",1973,0
T2_sodomy_clinical,"sodomy OR sodomite OR ""sodomitical""",1974,0
T2_sodomy_clinical,"sodomy OR sodomite OR ""sodomitical""",1975,1
T2_sodomy_clinical,"sodomy OR sodomite OR ""sodomitical""",1976,3
T2_sodomy_clinical,"sodomy OR sodomite OR ""sodomitical""",1977,0
T2_sodomy_clinical,"sodomy OR sodomite OR ""sodomitical""",1978,5
T2_sodomy_clinical,"sodomy OR sodomite OR ""sodomitical""",1979,2
T2_sodomy_clinical,"sodomy OR sodomite OR ""sodomitical""",1980,7
T2_sodomy_clinical,"sodomy OR sodomite OR ""sodomitical""",1981,3
T2_sodomy_clinical,"sodomy OR sodomite OR ""sodomitical""",1982,0
T2_sodomy_clinical,"sodomy OR sodomite OR ""sodomitical""",1983,0
T2_sodomy_clinical,"sodomy OR sodomite OR ""sodomitical""",1984,0
T2_sodomy_clinical,"sodomy OR sodomite OR ""sodomitical""",1985,1
T2_sodomy_clinical,"sodomy OR sodomite OR ""sodomitical""",1986,2
T2_sodomy_clinical,"sodomy OR sodomite OR ""sodomitical""",1987,1
T2_sodomy_clinical,"sodomy OR sodomite OR ""sodomitical""",1988,15
T2_sodomy_clinical,"sodomy OR sodomite OR ""sodomitical""",1989,2
T2_sodomy_clinical,"sodomy OR sodomite OR ""sodomitical""",1990,4
T2_sodomy_clinical,"sodomy OR sodomite OR ""sodomitical""",1991,4
T2_sodomy_clinical,"sodomy OR sodomite OR ""sodomitical""",1992,6
T2_sodomy_clinical,"sodomy OR sodomite OR ""sodomitical""",1993,2
T2_sodomy_clinical,"sodomy OR sodomite OR ""sodomitical""",1994,2
T2_sodomy_clinical,"sodomy OR sodomite OR ""sodomitical""",1995,3
T2_sodomy_clinical,"sodomy OR sodomite OR ""sodomitical""",1996,3
T2_sodomy_clinical,"sodomy OR sodomite OR ""sodomitical""",1997,3
T2_sodomy_clinical,"sodomy OR sodomite OR ""sodomitical""",1998,2
T2_sodomy_clinical,"sodomy OR sodomite OR ""sodomitical""",1999,2
T2_sodomy_clinical,"sodomy OR sodomite OR ""sodomitical""",2000,2
T2_sodomy_clinical,"sodomy OR sodomite OR ""sodomitical""",2001,3
T2_sodomy_clinical,"sodomy OR sodomite OR ""sodomitical""",2002,3
T2_sodomy_clinical,"sodomy OR sodomite OR ""sodomitical""",2003,3
T2_sodomy_clinical,"sodomy OR sodomite OR ""sodomitical""",2004,1
T2_sodomy_clinical,"sodomy OR sodomite OR ""sodomitical""",2005,4
T2_sodomy_clinical,"sodomy OR sodomite OR ""sodomitical""",2006,2
T2_sodomy_clinical,"sodomy OR sodomite OR ""sodomitical""",2007,0
T2_sodomy_clinical,"sodomy OR sodomite OR ""sodomitical""",2008,4
T2_sodomy_clinical,"sodomy OR sodomite OR ""sodomitical""",2009,0
T2_sodomy_clinical,"sodomy OR sodomite OR ""sodomitical""",2010,3
T2_sodomy_clinical,"sodomy OR sodomite OR ""sodomitical""",2011,3
T2_sodomy_clinical,"sodomy OR sodomite OR ""sodomitical""",2012,2
T2_sodomy_clinical,"sodomy OR sodomite OR ""sodomitical""",2013,2
T2_sodomy_clinical,"sodomy OR sodomite OR ""sodomitical""",2014,4
T2_sodomy_clinical,"sodomy OR sodomite OR ""sodomitical""",2015,7
T2_sodomy_clinical,"sodomy OR sodomite OR ""sodomitical""",2016,2
T2_sodomy_clinical,"sodomy OR sodomite OR ""sodomitical""",2017,3
T2_sodomy_clinical,"sodomy OR sodomite OR ""sodomitical""",2018,2
T2_sodomy_clinical,"sodomy OR sodomite OR ""sodomitical""",2019,5
T2_sodomy_clinical,"sodomy OR sodomite OR ""sodomitical""",2020,1
T2_sodomy_clinical,"sodomy OR sodomite OR ""sodomitical""",2021,4
T2_sodomy_clinical,"sodomy OR sodomite OR ""sodomitical""",2022,3
T2_sodomy_clinical,"sodomy OR sodomite OR ""sodomitical""",2023,2
T2_sodomy_clinical,"sodomy OR sodomite OR ""sodomitical""",2024,5
T2_frigidity,frigidity OR frigid,1950,8
T2_frigidity,frigidity OR frigid,1951,7
T2_frigidity,frigidity OR frigid,1952,7
T2_frigidity,frigidity OR frigid,1953,10
T2_frigidity,frigidity OR frigid,1954,6
T2_frigidity,frigidity OR frigid,1955,7
T2_frigidity,frigidity OR frigid,1956,6
T2_frigidity,frigidity OR frigid,1957,8
T2_frigidity,frigidity OR frigid,1958,6
T2_frigidity,frigidity OR frigid,1959,10
T2_frigidity,frigidity OR frigid,1960,3
T2_frigidity,frigidity OR frigid,1961,5
T2_frigidity,frigidity OR frigid,1962,3
T2_frigidity,frigidity OR frigid,1963,8
T2_frigidity,frigidity OR frigid,1964,15
T2_frigidity,frigidity OR frigid,1965,2
T2_frigidity,frigidity OR frigid,1966,7
T2_frigidity,frigidity OR frigid,1967,8
T2_frigidity,frigidity OR frigid,1968,7
T2_frigidity,frigidity OR frigid,1969,6
T2_frigidity,frigidity OR frigid,1970,13
T2_frigidity,frigidity OR frigid,1971,5
T2_frigidity,frigidity OR frigid,1972,6
T2_frigidity,frigidity OR frigid,1973,6
T2_frigidity,frigidity OR frigid,1974,10
T2_frigidity,frigidity OR frigid,1975,6
T2_frigidity,frigidity OR frigid,1976,18
T2_frigidity,frigidity OR frigid,1977,9
T2_frigidity,frigidity OR frigid,1978,4
T2_frigidity,frigidity OR frigid,1979,4
T2_frigidity,frigidity OR frigid,1980,4
T2_frigidity,frigidity OR frigid,1981,3
T2_frigidity,frigidity OR frigid,1982,9
T2_frigidity,frigidity OR frigid,1983,4
T2_frigidity,frigidity OR frigid,1984,3
T2_frigidity,frigidity OR frigid,1985,4
T2_frigidity,frigidity OR frigid,1986,5
T2_frigidity,frigidity OR frigid,1987,6
T2_frigidity,frigidity OR frigid,1988,6
T2_frigidity,frigidity OR frigid,1989,5
T2_frigidity,frigidity OR frigid,1990,2
T2_frigidity,frigidity OR frigid,1991,4
T2_frigidity,frigidity OR frigid,1992,2
T2_frigidity,frigidity OR frigid,1993,1
T2_frigidity,frigidity OR frigid,1994,6
T2_frigidity,frigidity OR frigid,1995,1
T2_frigidity,frigidity OR frigid,1996,5
T2_frigidity,frigidity OR frigid,1997,3
T2_frigidity,frigidity OR frigid,1998,4
T2_frigidity,frigidity OR frigid,1999,2
T2_frigidity,frigidity OR frigid,2000,4
T2_frigidity,frigidity OR frigid,2001,4
T2_frigidity,frigidity OR frigid,2002,4
T2_frigidity,frigidity OR frigid,2003,5
T2_frigidity,frigidity OR frigid,2004,4
T2_frigidity,frigidity OR frigid,2005,8
T2_frigidity,frigidity OR frigid,2006,6
T2_frigidity,frigidity OR frigid,2007,9
T2_frigidity,frigidity OR frigid,2008,9
T2_frigidity,frigidity OR frigid,2009,6
T2_frigidity,frigidity OR frigid,2010,7
T2_frigidity,frigidity OR frigid,2011,7
T2_frigidity,frigidity OR frigid,2012,5
T2_frigidity,frigidity OR frigid,2013,4
T2_frigidity,frigidity OR frigid,2014,2
T2_frigidity,frigidity OR frigid,2015,3
T2_frigidity,frigidity OR frigid,2016,8
T2_frigidity,frigidity OR frigid,2017,10
T2_frigidity,frigidity OR frigid,2018,9
T2_frigidity,frigidity OR frigid,2019,9
T2_frigidity,frigidity OR frigid,2020,15
T2_frigidity,frigidity OR frigid,2021,17
T2_frigidity,frigidity OR frigid,2022,26
T2_frigidity,frigidity OR frigid,2023,24
T2_frigidity,frigidity OR frigid,2024,27
T2_nymphomania,nymphomania OR nymphomaniac OR nymphomaniacal,1950,1
T2_nymphomania,nymphomania OR nymphomaniac OR nymphomaniacal,1951,1
T2_nymphomania,nymphomania OR nymphomaniac OR nymphomaniacal,1952,2
T2_nymphomania,nymphomania OR nymphomaniac OR nymphomaniacal,1953,0
T2_nymphomania,nymphomania OR nymphomaniac OR nymphomaniacal,1954,1
T2_nymphomania,nymphomania OR nymphomaniac OR nymphomaniacal,1955,0
T2_nymphomania,nymphomania OR nymphomaniac OR nymphomaniacal,1956,0
T2_nymphomania,nymphomania OR nymphomaniac OR nymphomaniacal,1957,0
T2_nymphomania,nymphomania OR nymphomaniac OR nymphomaniacal,1958,1
T2_nymphomania,nymphomania OR nymphomaniac OR nymphomaniacal,1959,1
T2_nymphomania,nymphomania OR nymphomaniac OR nymphomaniacal,1960,1
T2_nymphomania,nymphomania OR nymphomaniac OR nymphomaniacal,1961,0
T2_nymphomania,nymphomania OR nymphomaniac OR nymphomaniacal,1962,0
T2_nymphomania,nymphomania OR nymphomaniac OR nymphomaniacal,1963,1
T2_nymphomania,nymphomania OR nymphomaniac OR nymphomaniacal,1964,1
T2_nymphomania,nymphomania OR nymphomaniac OR nymphomaniacal,1965,0
T2_nymphomania,nymphomania OR nymphomaniac OR nymphomaniacal,1966,0
T2_nymphomania,nymphomania OR nymphomaniac OR nymphomaniacal,1967,0
T2_nymphomania,nymphomania OR nymphomaniac OR nymphomaniacal,1968,1
T2_nymphomania,nymphomania OR nymphomaniac OR nymphomaniacal,1969,0
T2_nymphomania,nymphomania OR nymphomaniac OR nymphomaniacal,1970,1
T2_nymphomania,nymphomania OR nymphomaniac OR nymphomaniacal,1971,0
T2_nymphomania,nymphomania OR nymphomaniac OR nymphomaniacal,1972,4
T2_nymphomania,nymphomania OR nymphomaniac OR nymphomaniacal,1973,3
T2_nymphomania,nymphomania OR nymphomaniac OR nymphomaniacal,1974,0
T2_nymphomania,nymphomania OR nymphomaniac OR nymphomaniacal,1975,0
T2_nymphomania,nymphomania OR nymphomaniac OR nymphomaniacal,1976,0
T2_nymphomania,nymphomania OR nymphomaniac OR nymphomaniacal,1977,2
T2_nymphomania,nymphomania OR nymphomaniac OR nymphomaniacal,1978,0
T2_nymphomania,nymphomania OR nymphomaniac OR nymphomaniacal,1979,1
T2_nymphomania,nymphomania OR nymphomaniac OR nymphomaniacal,1980,0
T2_nymphomania,nymphomania OR nymphomaniac OR nymphomaniacal,1981,1
T2_nymphomania,nymphomania OR nymphomaniac OR nymphomaniacal,1982,2
T2_nymphomania,nymphomania OR nymphomaniac OR nymphomaniacal,1983,0
T2_nymphomania,nymphomania OR nymphomaniac OR nymphomaniacal,1984,0
T2_nymphomania,nymphomania OR nymphomaniac OR nymphomaniacal,1985,0
T2_nymphomania,nymphomania OR nymphomaniac OR nymphomaniacal,1986,0
T2_nymphomania,nymphomania OR nymphomaniac OR nymphomaniacal,1987,0
T2_nymphomania,nymphomania OR nymphomaniac OR nymphomaniacal,1988,0
T2_nymphomania,nymphomania OR nymphomaniac OR nymphomaniacal,1989,1
T2_nymphomania,nymphomania OR nymphomaniac OR nymphomaniacal,1990,0
T2_nymphomania,nymphomania OR nymphomaniac OR nymphomaniacal,1991,2
T2_nymphomania,nymphomania OR nymphomaniac OR nymphomaniacal,1992,0
T2_nymphomania,nymphomania OR nymphomaniac OR nymphomaniacal,1993,0
T2_nymphomania,nymphomania OR nymphomaniac OR nymphomaniacal,1994,0
T2_nymphomania,nymphomania OR nymphomaniac OR nymphomaniacal,1995,1
T2_nymphomania,nymphomania OR nymphomaniac OR nymphomaniacal,1996,0
T2_nymphomania,nymphomania OR nymphomaniac OR nymphomaniacal,1997,0
T2_nymphomania,nymphomania OR nymphomaniac OR nymphomaniacal,1998,0
T2_nymphomania,nymphomania OR nymphomaniac OR nymphomaniacal,1999,0
T2_nymphomania,nymphomania OR nymphomaniac OR nymphomaniacal,2000,0
T2_nymphomania,nymphomania OR nymphomaniac OR nymphomaniacal,2001,1
T2_nymphomania,nymphomania OR nymphomaniac OR nymphomaniacal,2002,3
T2_nymphomania,nymphomania OR nymphomaniac OR nymphomaniacal,2003,0
T2_nymphomania,nymphomania OR nymphomaniac OR nymphomaniacal,2004,1
T2_nymphomania,nymphomania OR nymphomaniac OR nymphomaniacal,2005,1
T2_nymphomania,nymphomania OR nymphomaniac OR nymphomaniacal,2006,3
T2_nymphomania,nymphomania OR nymphomaniac OR nymphomaniacal,2007,1
T2_nymphomania,nymphomania OR nymphomaniac OR nymphomaniacal,2008,0
T2_nymphomania,nymphomania OR nymphomaniac OR nymphomaniacal,2009,1
T2_nymphomania,nymphomania OR nymphomaniac OR nymphomaniacal,2010,1
T2_nymphomania,nymphomania OR nymphomaniac OR nymphomaniacal,2011,0
T2_nymphomania,nymphomania OR nymphomaniac OR nymphomaniacal,2012,0
T2_nymphomania,nymphomania OR nymphomaniac OR nymphomaniacal,2013,1
T2_nymphomania,nymphomania OR nymphomaniac OR nymphomaniacal,2014,0
T2_nymphomania,nymphomania OR nymphomaniac OR nymphomaniacal,2015,0
T2_nymphomania,nymphomania OR nymphomaniac OR nymphomaniacal,2016,0
T2_nymphomania,nymphomania OR nymphomaniac OR nymphomaniacal,2017,0
T2_nymphomania,nymphomania OR nymphomaniac OR nymphomaniacal,2018,0
T2_nymphomania,nymphomania OR nymphomaniac OR nymphomaniacal,2019,1
T2_nymphomania,nymphomania OR nymphomaniac OR nymphomaniacal,2020,0
T2_nymphomania,nymphomania OR nymphomaniac OR nymphomaniacal,2021,3
T2_nymphomania,nymphomania OR nymphomaniac OR nymphomaniacal,2022,2
T2_nymphomania,nymphomania OR nymphomaniac OR nymphomaniacal,2023,1
T2_nymphomania,nymphomania OR nymphomaniac OR nymphomaniacal,2024,0
T2_onanism,"onanism OR ""self-abuse"" OR ""self abuse"" OR ""self-pollution""",1950,1
T2_onanism,"onanism OR ""self-abuse"" OR ""self abuse"" OR ""self-pollution""",1951,2
T2_onanism,"onanism OR ""self-abuse"" OR ""self abuse"" OR ""self-pollution""",1952,2
T2_onanism,"onanism OR ""self-abuse"" OR ""self abuse"" OR ""self-pollution""",1953,0
T2_onanism,"onanism OR ""self-abuse"" OR ""self abuse"" OR ""self-pollution""",1954,0
T2_onanism,"onanism OR ""self-abuse"" OR ""self abuse"" OR ""self-pollution""",1955,0
T2_onanism,"onanism OR ""self-abuse"" OR ""self abuse"" OR ""self-pollution""",1956,0
T2_onanism,"onanism OR ""self-abuse"" OR ""self abuse"" OR ""self-pollution""",1957,0
T2_onanism,"onanism OR ""self-abuse"" OR ""self abuse"" OR ""self-pollution""",1958,1
T2_onanism,"onanism OR ""self-abuse"" OR ""self abuse"" OR ""self-pollution""",1959,0
T2_onanism,"onanism OR ""self-abuse"" OR ""self abuse"" OR ""self-pollution""",1960,0
T2_onanism,"onanism OR ""self-abuse"" OR ""self abuse"" OR ""self-pollution""",1961,0
T2_onanism,"onanism OR ""self-abuse"" OR ""self abuse"" OR ""self-pollution""",1962,0
T2_onanism,"onanism OR ""self-abuse"" OR ""self abuse"" OR ""self-pollution""",1963,0
T2_onanism,"onanism OR ""self-abuse"" OR ""self abuse"" OR ""self-pollution""",1964,0
T2_onanism,"onanism OR ""self-abuse"" OR ""self abuse"" OR ""self-pollution""",1965,0
T2_onanism,"onanism OR ""self-abuse"" OR ""self abuse"" OR ""self-pollution""",1966,1
T2_onanism,"onanism OR ""self-abuse"" OR ""self abuse"" OR ""self-pollution""",1967,0
T2_onanism,"onanism OR ""self-abuse"" OR ""self abuse"" OR ""self-pollution""",1968,0
T2_onanism,"onanism OR ""self-abuse"" OR ""self abuse"" OR ""self-pollution""",1969,1
T2_onanism,"onanism OR ""self-abuse"" OR ""self abuse"" OR ""self-pollution""",1970,2
T2_onanism,"onanism OR ""self-abuse"" OR ""self abuse"" OR ""self-pollution""",1971,0
T2_onanism,"onanism OR ""self-abuse"" OR ""self abuse"" OR ""self-pollution""",1972,1
T2_onanism,"onanism OR ""self-abuse"" OR ""self abuse"" OR ""self-pollution""",1973,0
T2_onanism,"onanism OR ""self-abuse"" OR ""self abuse"" OR ""self-pollution""",1974,2
T2_onanism,"onanism OR ""self-abuse"" OR ""self abuse"" OR ""self-pollution""",1975,1
T2_onanism,"onanism OR ""self-abuse"" OR ""self abuse"" OR ""self-pollution""",1976,0
T2_onanism,"onanism OR ""self-abuse"" OR ""self abuse"" OR ""self-pollution""",1977,1
T2_onanism,"onanism OR ""self-abuse"" OR ""self abuse"" OR ""self-pollution""",1978,1
T2_onanism,"onanism OR ""self-abuse"" OR ""self abuse"" OR ""self-pollution""",1979,1
T2_onanism,"onanism OR ""self-abuse"" OR ""self abuse"" OR ""self-pollution""",1980,2
T2_onanism,"onanism OR ""self-abuse"" OR ""self abuse"" OR ""self-pollution""",1981,0
T2_onanism,"onanism OR ""self-abuse"" OR ""self abuse"" OR ""self-pollution""",1982,0
T2_onanism,"onanism OR ""self-abuse"" OR ""self abuse"" OR ""self-pollution""",1983,3
T2_onanism,"onanism OR ""self-abuse"" OR ""self abuse"" OR ""self-pollution""",1984,4
T2_onanism,"onanism OR ""self-abuse"" OR ""self abuse"" OR ""self-pollution""",1985,0
T2_onanism,"onanism OR ""self-abuse"" OR ""self abuse"" OR ""self-pollution""",1986,0
T2_onanism,"onanism OR ""self-abuse"" OR ""self abuse"" OR ""self-pollution""",1987,2
T2_onanism,"onanism OR ""self-abuse"" OR ""self abuse"" OR ""self-pollution""",1988,0
T2_onanism,"onanism OR ""self-abuse"" OR ""self abuse"" OR ""self-pollution""",1989,3
T2_onanism,"onanism OR ""self-abuse"" OR ""self abuse"" OR ""self-pollution""",1990,1
T2_onanism,"onanism OR ""self-abuse"" OR ""self abuse"" OR ""self-pollution""",1991,4
T2_onanism,"onanism OR ""self-abuse"" OR ""self abuse"" OR ""self-pollution""",1992,0
T2_onanism,"onanism OR ""self-abuse"" OR ""self abuse"" OR ""self-pollution""",1993,1
T2_onanism,"onanism OR ""self-abuse"" OR ""self abuse"" OR ""self-pollution""",1994,3
T2_onanism,"onanism OR ""self-abuse"" OR ""self abuse"" OR ""self-pollution""",1995,1
T2_onanism,"onanism OR ""self-abuse"" OR ""self abuse"" OR ""self-pollution""",1996,1
T2_onanism,"onanism OR ""self-abuse"" OR ""self abuse"" OR ""self-pollution""",1997,1
T2_onanism,"onanism OR ""self-abuse"" OR ""self abuse"" OR ""self-pollution""",1998,0
T2_onanism,"onanism OR ""self-abuse"" OR ""self abuse"" OR ""self-pollution""",1999,2
T2_onanism,"onanism OR ""self-abuse"" OR ""self abuse"" OR ""self-pollution""",2000,1
T2_onanism,"onanism OR ""self-abuse"" OR ""self abuse"" OR ""self-pollution""",2001,2
T2_onanism,"onanism OR ""self-abuse"" OR ""self abuse"" OR ""self-pollution""",2002,3
T2_onanism,"onanism OR ""self-abuse"" OR ""self abuse"" OR ""self-pollution""",2003,0
T2_onanism,"onanism OR ""self-abuse"" OR ""self abuse"" OR ""self-pollution""",2004,2
T2_onanism,"onanism OR ""self-abuse"" OR ""self abuse"" OR ""self-pollution""",2005,2
T2_onanism,"onanism OR ""self-abuse"" OR ""self abuse"" OR ""self-pollution""",2006,3
T2_onanism,"onanism OR ""self-abuse"" OR ""self abuse"" OR ""self-pollution""",2007,2
T2_onanism,"onanism OR ""self-abuse"" OR ""self abuse"" OR ""self-pollution""",2008,1
T2_onanism,"onanism OR ""self-abuse"" OR ""self abuse"" OR ""self-pollution""",2009,3
T2_onanism,"onanism OR ""self-abuse"" OR ""self abuse"" OR ""self-pollution""",2010,3
T2_onanism,"onanism OR ""self-abuse"" OR ""self abuse"" OR ""self-pollution""",2011,3
T2_onanism,"onanism OR ""self-abuse"" OR ""self abuse"" OR ""self-pollution""",2012,2
T2_onanism,"onanism OR ""self-abuse"" OR ""self abuse"" OR ""self-pollution""",2013,3
T2_onanism,"onanism OR ""self-abuse"" OR ""self abuse"" OR ""self-pollution""",2014,1
T2_onanism,"onanism OR ""self-abuse"" OR ""self abuse"" OR ""self-pollution""",2015,0
T2_onanism,"onanism OR ""self-abuse"" OR ""self abuse"" OR ""self-pollution""",2016,1
T2_onanism,"onanism OR ""self-abuse"" OR ""self abuse"" OR ""self-pollution""",2017,2
T2_onanism,"onanism OR ""self-abuse"" OR ""self abuse"" OR ""self-pollution""",2018,4
T2_onanism,"onanism OR ""self-abuse"" OR ""self abuse"" OR ""self-pollution""",2019,3
T2_onanism,"onanism OR ""self-abuse"" OR ""self abuse"" OR ""self-pollution""",2020,1
T2_onanism,"onanism OR ""self-abuse"" OR ""self abuse"" OR ""self-pollution""",2021,7
T2_onanism,"onanism OR ""self-abuse"" OR ""self abuse"" OR ""self-pollution""",2022,2
T2_onanism,"onanism OR ""self-abuse"" OR ""self abuse"" OR ""self-pollution""",2023,0
T2_onanism,"onanism OR ""self-abuse"" OR ""self abuse"" OR ""self-pollution""",2024,1
T2_drapetomania,drapetomania,1950,0
T2_drapetomania,drapetomania,1951,0
T2_drapetomania,drapetomania,1952,0
T2_drapetomania,drapetomania,1953,0
T2_drapetomania,drapetomania,1954,0
T2_drapetomania,drapetomania,1955,0
T2_drapetomania,drapetomania,1956,0
T2_drapetomania,drapetomania,1957,0
T2_drapetomania,drapetomania,1958,0
T2_drapetomania,drapetomania,1959,0
T2_drapetomania,drapetomania,1960,0
T2_drapetomania,drapetomania,1961,0
T2_drapetomania,drapetomania,1962,0
T2_drapetomania,drapetomania,1963,0
T2_drapetomania,drapetomania,1964,0
T2_drapetomania,drapetomania,1965,0
T2_drapetomania,drapetomania,1966,0
T2_drapetomania,drapetomania,1967,0
T2_drapetomania,drapetomania,1968,0
T2_drapetomania,drapetomania,1969,0
T2_drapetomania,drapetomania,1970,0
T2_drapetomania,drapetomania,1971,0
T2_drapetomania,drapetomania,1972,0
T2_drapetomania,drapetomania,1973,0
T2_drapetomania,drapetomania,1974,0
T2_drapetomania,drapetomania,1975,0
T2_drapetomania,drapetomania,1976,0
T2_drapetomania,drapetomania,1977,0
T2_drapetomania,drapetomania,1978,0
T2_drapetomania,drapetomania,1979,0
T2_drapetomania,drapetomania,1980,0
T2_drapetomania,drapetomania,1981,0
T2_drapetomania,drapetomania,1982,0
T2_drapetomania,drapetomania,1983,0
T2_drapetomania,drapetomania,1984,0
T2_drapetomania,drapetomania,1985,0
T2_drapetomania,drapetomania,1986,0
T2_drapetomania,drapetomania,1987,0
T2_drapetomania,drapetomania,1988,0
T2_drapetomania,drapetomania,1989,0
T2_drapetomania,drapetomania,1990,0
T2_drapetomania,drapetomania,1991,0
T2_drapetomania,drapetomania,1992,0
T2_drapetomania,drapetomania,1993,0
T2_drapetomania,drapetomania,1994,0
T2_drapetomania,drapetomania,1995,0
T2_drapetomania,drapetomania,1996,0
T2_drapetomania,drapetomania,1997,0
T2_drapetomania,drapetomania,1998,0
T2_drapetomania,drapetomania,1999,0
T2_drapetomania,drapetomania,2000,1
T2_drapetomania,drapetomania,2001,0
T2_drapetomania,drapetomania,2002,0
T2_drapetomania,drapetomania,2003,0
T2_drapetomania,drapetomania,2004,0
T2_drapetomania,drapetomania,2005,0
T2_drapetomania,drapetomania,2006,0
T2_drapetomania,drapetomania,2007,0
T2_drapetomania,drapetomania,2008,0
T2_drapetomania,drapetomania,2009,0
T2_drapetomania,drapetomania,2010,0
T2_drapetomania,drapetomania,2011,0
T2_drapetomania,drapetomania,2012,0
T2_drapetomania,drapetomania,2013,0
T2_drapetomania,drapetomania,2014,0
T2_drapetomania,drapetomania,2015,0
T2_drapetomania,drapetomania,2016,0
T2_drapetomania,drapetomania,2017,1
T2_drapetomania,drapetomania,2018,0
T2_drapetomania,drapetomania,2019,1
T2_drapetomania,drapetomania,2020,0
T2_drapetomania,drapetomania,2021,1
T2_drapetomania,drapetomania,2022,1
T2_drapetomania,drapetomania,2023,0
T2_drapetomania,drapetomania,2024,0
T2_dysaesthesia_aeth,"""dysaesthesia aethiopica"" OR ""dysesthesia aethiopica""",1950,0
T2_dysaesthesia_aeth,"""dysaesthesia aethiopica"" OR ""dysesthesia aethiopica""",1951,0
T2_dysaesthesia_aeth,"""dysaesthesia aethiopica"" OR ""dysesthesia aethiopica""",1952,0
T2_dysaesthesia_aeth,"""dysaesthesia aethiopica"" OR ""dysesthesia aethiopica""",1953,0
T2_dysaesthesia_aeth,"""dysaesthesia aethiopica"" OR ""dysesthesia aethiopica""",1954,0
T2_dysaesthesia_aeth,"""dysaesthesia aethiopica"" OR ""dysesthesia aethiopica""",1955,0
T2_dysaesthesia_aeth,"""dysaesthesia aethiopica"" OR ""dysesthesia aethiopica""",1956,0
T2_dysaesthesia_aeth,"""dysaesthesia aethiopica"" OR ""dysesthesia aethiopica""",1957,0
T2_dysaesthesia_aeth,"""dysaesthesia aethiopica"" OR ""dysesthesia aethiopica""",1958,0
T2_dysaesthesia_aeth,"""dysaesthesia aethiopica"" OR ""dysesthesia aethiopica""",1959,0
T2_dysaesthesia_aeth,"""dysaesthesia aethiopica"" OR ""dysesthesia aethiopica""",1960,0
T2_dysaesthesia_aeth,"""dysaesthesia aethiopica"" OR ""dysesthesia aethiopica""",1961,0
T2_dysaesthesia_aeth,"""dysaesthesia aethiopica"" OR ""dysesthesia aethiopica""",1962,0
T2_dysaesthesia_aeth,"""dysaesthesia aethiopica"" OR ""dysesthesia aethiopica""",1963,0
T2_dysaesthesia_aeth,"""dysaesthesia aethiopica"" OR ""dysesthesia aethiopica""",1964,0
T2_dysaesthesia_aeth,"""dysaesthesia aethiopica"" OR ""dysesthesia aethiopica""",1965,0
T2_dysaesthesia_aeth,"""dysaesthesia aethiopica"" OR ""dysesthesia aethiopica""",1966,0
T2_dysaesthesia_aeth,"""dysaesthesia aethiopica"" OR ""dysesthesia aethiopica""",1967,0
T2_dysaesthesia_aeth,"""dysaesthesia aethiopica"" OR ""dysesthesia aethiopica""",1968,0
T2_dysaesthesia_aeth,"""dysaesthesia aethiopica"" OR ""dysesthesia aethiopica""",1969,0
T2_dysaesthesia_aeth,"""dysaesthesia aethiopica"" OR ""dysesthesia aethiopica""",1970,0
T2_dysaesthesia_aeth,"""dysaesthesia aethiopica"" OR ""dysesthesia aethiopica""",1971,0
T2_dysaesthesia_aeth,"""dysaesthesia aethiopica"" OR ""dysesthesia aethiopica""",1972,0
T2_dysaesthesia_aeth,"""dysaesthesia aethiopica"" OR ""dysesthesia aethiopica""",1973,0
T2_dysaesthesia_aeth,"""dysaesthesia aethiopica"" OR ""dysesthesia aethiopica""",1974,0
T2_dysaesthesia_aeth,"""dysaesthesia aethiopica"" OR ""dysesthesia aethiopica""",1975,0
T2_dysaesthesia_aeth,"""dysaesthesia aethiopica"" OR ""dysesthesia aethiopica""",1976,0
T2_dysaesthesia_aeth,"""dysaesthesia aethiopica"" OR ""dysesthesia aethiopica""",1977,0
T2_dysaesthesia_aeth,"""dysaesthesia aethiopica"" OR ""dysesthesia aethiopica""",1978,0
T2_dysaesthesia_aeth,"""dysaesthesia aethiopica"" OR ""dysesthesia aethiopica""",1979,0
T2_dysaesthesia_aeth,"""dysaesthesia aethiopica"" OR ""dysesthesia aethiopica""",1980,0
T2_dysaesthesia_aeth,"""dysaesthesia aethiopica"" OR ""dysesthesia aethiopica""",1981,0
T2_dysaesthesia_aeth,"""dysaesthesia aethiopica"" OR ""dysesthesia aethiopica""",1982,0
T2_dysaesthesia_aeth,"""dysaesthesia aethiopica"" OR ""dysesthesia aethiopica""",1983,0
T2_dysaesthesia_aeth,"""dysaesthesia aethiopica"" OR ""dysesthesia aethiopica""",1984,0
T2_dysaesthesia_aeth,"""dysaesthesia aethiopica"" OR ""dysesthesia aethiopica""",1985,0
T2_dysaesthesia_aeth,"""dysaesthesia aethiopica"" OR ""dysesthesia aethiopica""",1986,0
T2_dysaesthesia_aeth,"""dysaesthesia aethiopica"" OR ""dysesthesia aethiopica""",1987,0
T2_dysaesthesia_aeth,"""dysaesthesia aethiopica"" OR ""dysesthesia aethiopica""",1988,0
T2_dysaesthesia_aeth,"""dysaesthesia aethiopica"" OR ""dysesthesia aethiopica""",1989,0
T2_dysaesthesia_aeth,"""dysaesthesia aethiopica"" OR ""dysesthesia aethiopica""",1990,0
T2_dysaesthesia_aeth,"""dysaesthesia aethiopica"" OR ""dysesthesia aethiopica""",1991,0
T2_dysaesthesia_aeth,"""dysaesthesia aethiopica"" OR ""dysesthesia aethiopica""",1992,0
T2_dysaesthesia_aeth,"""dysaesthesia aethiopica"" OR ""dysesthesia aethiopica""",1993,0
T2_dysaesthesia_aeth,"""dysaesthesia aethiopica"" OR ""dysesthesia aethiopica""",1994,0
T2_dysaesthesia_aeth,"""dysaesthesia aethiopica"" OR ""dysesthesia aethiopica""",1995,0
T2_dysaesthesia_aeth,"""dysaesthesia aethiopica"" OR ""dysesthesia aethiopica""",1996,0
T2_dysaesthesia_aeth,"""dysaesthesia aethiopica"" OR ""dysesthesia aethiopica""",1997,0
T2_dysaesthesia_aeth,"""dysaesthesia aethiopica"" OR ""dysesthesia aethiopica""",1998,0
T2_dysaesthesia_aeth,"""dysaesthesia aethiopica"" OR ""dysesthesia aethiopica""",1999,0
T2_dysaesthesia_aeth,"""dysaesthesia aethiopica"" OR ""dysesthesia aethiopica""",2000,0
T2_dysaesthesia_aeth,"""dysaesthesia aethiopica"" OR ""dysesthesia aethiopica""",2001,0
T2_dysaesthesia_aeth,"""dysaesthesia aethiopica"" OR ""dysesthesia aethiopica""",2002,0
T2_dysaesthesia_aeth,"""dysaesthesia aethiopica"" OR ""dysesthesia aethiopica""",2003,0
T2_dysaesthesia_aeth,"""dysaesthesia aethiopica"" OR ""dysesthesia aethiopica""",2004,0
T2_dysaesthesia_aeth,"""dysaesthesia aethiopica"" OR ""dysesthesia aethiopica""",2005,0
T2_dysaesthesia_aeth,"""dysaesthesia aethiopica"" OR ""dysesthesia aethiopica""",2006,0
T2_dysaesthesia_aeth,"""dysaesthesia aethiopica"" OR ""dysesthesia aethiopica""",2007,0
T2_dysaesthesia_aeth,"""dysaesthesia aethiopica"" OR ""dysesthesia aethiopica""",2008,0
T2_dysaesthesia_aeth,"""dysaesthesia aethiopica"" OR ""dysesthesia aethiopica""",2009,0
T2_dysaesthesia_aeth,"""dysaesthesia aethiopica"" OR ""dysesthesia aethiopica""",2010,0
T2_dysaesthesia_aeth,"""dysaesthesia aethiopica"" OR ""dysesthesia aethiopica""",2011,0
T2_dysaesthesia_aeth,"""dysaesthesia aethiopica"" OR ""dysesthesia aethiopica""",2012,0
T2_dysaesthesia_aeth,"""dysaesthesia aethiopica"" OR ""dysesthesia aethiopica""",2013,0
T2_dysaesthesia_aeth,"""dysaesthesia aethiopica"" OR ""dysesthesia aethiopica""",2014,0
T2_dysaesthesia_aeth,"""dysaesthesia aethiopica"" OR ""dysesthesia aethiopica""",2015,0
T2_dysaesthesia_aeth,"""dysaesthesia aethiopica"" OR ""dysesthesia aethiopica""",2016,0
T2_dysaesthesia_aeth,"""dysaesthesia aethiopica"" OR ""dysesthesia aethiopica""",2017,0
T2_dysaesthesia_aeth,"""dysaesthesia aethiopica"" OR ""dysesthesia aethiopica""",2018,0
T2_dysaesthesia_aeth,"""dysaesthesia aethiopica"" OR ""dysesthesia aethiopica""",2019,0
T2_dysaesthesia_aeth,"""dysaesthesia aethiopica"" OR ""dysesthesia aethiopica""",2020,0
T2_dysaesthesia_aeth,"""dysaesthesia aethiopica"" OR ""dysesthesia aethiopica""",2021,0
T2_dysaesthesia_aeth,"""dysaesthesia aethiopica"" OR ""dysesthesia aethiopica""",2022,0
T2_dysaesthesia_aeth,"""dysaesthesia aethiopica"" OR ""dysesthesia aethiopica""",2023,0
T2_dysaesthesia_aeth,"""dysaesthesia aethiopica"" OR ""dysesthesia aethiopica""",2024,0
T2_negroid_facies,"""Negroid facies"" OR ""Negroid skull"" OR ""Negroid features""",1950,0
T2_negroid_facies,"""Negroid facies"" OR ""Negroid skull"" OR ""Negroid features""",1951,0
T2_negroid_facies,"""Negroid facies"" OR ""Negroid skull"" OR ""Negroid features""",1952,0
T2_negroid_facies,"""Negroid facies"" OR ""Negroid skull"" OR ""Negroid features""",1953,0
T2_negroid_facies,"""Negroid facies"" OR ""Negroid skull"" OR ""Negroid features""",1954,0
T2_negroid_facies,"""Negroid facies"" OR ""Negroid skull"" OR ""Negroid features""",1955,0
T2_negroid_facies,"""Negroid facies"" OR ""Negroid skull"" OR ""Negroid features""",1956,0
T2_negroid_facies,"""Negroid facies"" OR ""Negroid skull"" OR ""Negroid features""",1957,0
T2_negroid_facies,"""Negroid facies"" OR ""Negroid skull"" OR ""Negroid features""",1958,0
T2_negroid_facies,"""Negroid facies"" OR ""Negroid skull"" OR ""Negroid features""",1959,0
T2_negroid_facies,"""Negroid facies"" OR ""Negroid skull"" OR ""Negroid features""",1960,0
T2_negroid_facies,"""Negroid facies"" OR ""Negroid skull"" OR ""Negroid features""",1961,0
T2_negroid_facies,"""Negroid facies"" OR ""Negroid skull"" OR ""Negroid features""",1962,0
T2_negroid_facies,"""Negroid facies"" OR ""Negroid skull"" OR ""Negroid features""",1963,0
T2_negroid_facies,"""Negroid facies"" OR ""Negroid skull"" OR ""Negroid features""",1964,0
T2_negroid_facies,"""Negroid facies"" OR ""Negroid skull"" OR ""Negroid features""",1965,0
T2_negroid_facies,"""Negroid facies"" OR ""Negroid skull"" OR ""Negroid features""",1966,0
T2_negroid_facies,"""Negroid facies"" OR ""Negroid skull"" OR ""Negroid features""",1967,0
T2_negroid_facies,"""Negroid facies"" OR ""Negroid skull"" OR ""Negroid features""",1968,0
T2_negroid_facies,"""Negroid facies"" OR ""Negroid skull"" OR ""Negroid features""",1969,0
T2_negroid_facies,"""Negroid facies"" OR ""Negroid skull"" OR ""Negroid features""",1970,0
T2_negroid_facies,"""Negroid facies"" OR ""Negroid skull"" OR ""Negroid features""",1971,0
T2_negroid_facies,"""Negroid facies"" OR ""Negroid skull"" OR ""Negroid features""",1972,0
T2_negroid_facies,"""Negroid facies"" OR ""Negroid skull"" OR ""Negroid features""",1973,0
T2_negroid_facies,"""Negroid facies"" OR ""Negroid skull"" OR ""Negroid features""",1974,0
T2_negroid_facies,"""Negroid facies"" OR ""Negroid skull"" OR ""Negroid features""",1975,0
T2_negroid_facies,"""Negroid facies"" OR ""Negroid skull"" OR ""Negroid features""",1976,0
T2_negroid_facies,"""Negroid facies"" OR ""Negroid skull"" OR ""Negroid features""",1977,0
T2_negroid_facies,"""Negroid facies"" OR ""Negroid skull"" OR ""Negroid features""",1978,0
T2_negroid_facies,"""Negroid facies"" OR ""Negroid skull"" OR ""Negroid features""",1979,0
T2_negroid_facies,"""Negroid facies"" OR ""Negroid skull"" OR ""Negroid features""",1980,1
T2_negroid_facies,"""Negroid facies"" OR ""Negroid skull"" OR ""Negroid features""",1981,0
T2_negroid_facies,"""Negroid facies"" OR ""Negroid skull"" OR ""Negroid features""",1982,0
T2_negroid_facies,"""Negroid facies"" OR ""Negroid skull"" OR ""Negroid features""",1983,0
T2_negroid_facies,"""Negroid facies"" OR ""Negroid skull"" OR ""Negroid features""",1984,0
T2_negroid_facies,"""Negroid facies"" OR ""Negroid skull"" OR ""Negroid features""",1985,0
T2_negroid_facies,"""Negroid facies"" OR ""Negroid skull"" OR ""Negroid features""",1986,0
T2_negroid_facies,"""Negroid facies"" OR ""Negroid skull"" OR ""Negroid features""",1987,0
T2_negroid_facies,"""Negroid facies"" OR ""Negroid skull"" OR ""Negroid features""",1988,0
T2_negroid_facies,"""Negroid facies"" OR ""Negroid skull"" OR ""Negroid features""",1989,0
T2_negroid_facies,"""Negroid facies"" OR ""Negroid skull"" OR ""Negroid features""",1990,0
T2_negroid_facies,"""Negroid facies"" OR ""Negroid skull"" OR ""Negroid features""",1991,0
T2_negroid_facies,"""Negroid facies"" OR ""Negroid skull"" OR ""Negroid features""",1992,0
T2_negroid_facies,"""Negroid facies"" OR ""Negroid skull"" OR ""Negroid features""",1993,1
T2_negroid_facies,"""Negroid facies"" OR ""Negroid skull"" OR ""Negroid features""",1994,0
T2_negroid_facies,"""Negroid facies"" OR ""Negroid skull"" OR ""Negroid features""",1995,0
T2_negroid_facies,"""Negroid facies"" OR ""Negroid skull"" OR ""Negroid features""",1996,1
T2_negroid_facies,"""Negroid facies"" OR ""Negroid skull"" OR ""Negroid features""",1997,0
T2_negroid_facies,"""Negroid facies"" OR ""Negroid skull"" OR ""Negroid features""",1998,1
T2_negroid_facies,"""Negroid facies"" OR ""Negroid skull"" OR ""Negroid features""",1999,0
T2_negroid_facies,"""Negroid facies"" OR ""Negroid skull"" OR ""Negroid features""",2000,0
T2_negroid_facies,"""Negroid facies"" OR ""Negroid skull"" OR ""Negroid features""",2001,0
T2_negroid_facies,"""Negroid facies"" OR ""Negroid skull"" OR ""Negroid features""",2002,0
T2_negroid_facies,"""Negroid facies"" OR ""Negroid skull"" OR ""Negroid features""",2003,0
T2_negroid_facies,"""Negroid facies"" OR ""Negroid skull"" OR ""Negroid features""",2004,0
T2_negroid_facies,"""Negroid facies"" OR ""Negroid skull"" OR ""Negroid features""",2005,0
T2_negroid_facies,"""Negroid facies"" OR ""Negroid skull"" OR ""Negroid features""",2006,0
T2_negroid_facies,"""Negroid facies"" OR ""Negroid skull"" OR ""Negroid features""",2007,0
T2_negroid_facies,"""Negroid facies"" OR ""Negroid skull"" OR ""Negroid features""",2008,0
T2_negroid_facies,"""Negroid facies"" OR ""Negroid skull"" OR ""Negroid features""",2009,0
T2_negroid_facies,"""Negroid facies"" OR ""Negroid skull"" OR ""Negroid features""",2010,0
T2_negroid_facies,"""Negroid facies"" OR ""Negroid skull"" OR ""Negroid features""",2011,0
T2_negroid_facies,"""Negroid facies"" OR ""Negroid skull"" OR ""Negroid features""",2012,0
T2_negroid_facies,"""Negroid facies"" OR ""Negroid skull"" OR ""Negroid features""",2013,0
T2_negroid_facies,"""Negroid facies"" OR ""Negroid skull"" OR ""Negroid features""",2014,0
T2_negroid_facies,"""Negroid facies"" OR ""Negroid skull"" OR ""Negroid features""",2015,0
T2_negroid_facies,"""Negroid facies"" OR ""Negroid skull"" OR ""Negroid features""",2016,0
T2_negroid_facies,"""Negroid facies"" OR ""Negroid skull"" OR ""Negroid features""",2017,0
T2_negroid_facies,"""Negroid facies"" OR ""Negroid skull"" OR ""Negroid features""",2018,0
T2_negroid_facies,"""Negroid facies"" OR ""Negroid skull"" OR ""Negroid features""",2019,0
T2_negroid_facies,"""Negroid facies"" OR ""Negroid skull"" OR ""Negroid features""",2020,0
T2_negroid_facies,"""Negroid facies"" OR ""Negroid skull"" OR ""Negroid features""",2021,0
T2_negroid_facies,"""Negroid facies"" OR ""Negroid skull"" OR ""Negroid features""",2022,0
T2_negroid_facies,"""Negroid facies"" OR ""Negroid skull"" OR ""Negroid features""",2023,0
T2_negroid_facies,"""Negroid facies"" OR ""Negroid skull"" OR ""Negroid features""",2024,0
T2_lobotomy,"lobotomy OR leukotomy OR ""prefrontal lobotomy"" OR ""transorbital lobotomy""",1940,0
T2_lobotomy,"lobotomy OR leukotomy OR ""prefrontal lobotomy"" OR ""transorbital lobotomy""",1941,0
T2_lobotomy,"lobotomy OR leukotomy OR ""prefrontal lobotomy"" OR ""transorbital lobotomy""",1942,1
T2_lobotomy,"lobotomy OR leukotomy OR ""prefrontal lobotomy"" OR ""transorbital lobotomy""",1943,0
T2_lobotomy,"lobotomy OR leukotomy OR ""prefrontal lobotomy"" OR ""transorbital lobotomy""",1944,0
T2_lobotomy,"lobotomy OR leukotomy OR ""prefrontal lobotomy"" OR ""transorbital lobotomy""",1945,4
T2_lobotomy,"lobotomy OR leukotomy OR ""prefrontal lobotomy"" OR ""transorbital lobotomy""",1946,12
T2_lobotomy,"lobotomy OR leukotomy OR ""prefrontal lobotomy"" OR ""transorbital lobotomy""",1947,29
T2_lobotomy,"lobotomy OR leukotomy OR ""prefrontal lobotomy"" OR ""transorbital lobotomy""",1948,88
T2_lobotomy,"lobotomy OR leukotomy OR ""prefrontal lobotomy"" OR ""transorbital lobotomy""",1949,92
T2_lobotomy,"lobotomy OR leukotomy OR ""prefrontal lobotomy"" OR ""transorbital lobotomy""",1950,87
T2_lobotomy,"lobotomy OR leukotomy OR ""prefrontal lobotomy"" OR ""transorbital lobotomy""",1951,95
T2_lobotomy,"lobotomy OR leukotomy OR ""prefrontal lobotomy"" OR ""transorbital lobotomy""",1952,73
T2_lobotomy,"lobotomy OR leukotomy OR ""prefrontal lobotomy"" OR ""transorbital lobotomy""",1953,63
T2_lobotomy,"lobotomy OR leukotomy OR ""prefrontal lobotomy"" OR ""transorbital lobotomy""",1954,56
T2_lobotomy,"lobotomy OR leukotomy OR ""prefrontal lobotomy"" OR ""transorbital lobotomy""",1955,27
T2_lobotomy,"lobotomy OR leukotomy OR ""prefrontal lobotomy"" OR ""transorbital lobotomy""",1956,24
T2_lobotomy,"lobotomy OR leukotomy OR ""prefrontal lobotomy"" OR ""transorbital lobotomy""",1957,24
T2_lobotomy,"lobotomy OR leukotomy OR ""prefrontal lobotomy"" OR ""transorbital lobotomy""",1958,15
T2_lobotomy,"lobotomy OR leukotomy OR ""prefrontal lobotomy"" OR ""transorbital lobotomy""",1959,6
T2_lobotomy,"lobotomy OR leukotomy OR ""prefrontal lobotomy"" OR ""transorbital lobotomy""",1960,10
T2_lobotomy,"lobotomy OR leukotomy OR ""prefrontal lobotomy"" OR ""transorbital lobotomy""",1961,8
T2_lobotomy,"lobotomy OR leukotomy OR ""prefrontal lobotomy"" OR ""transorbital lobotomy""",1962,14
T2_lobotomy,"lobotomy OR leukotomy OR ""prefrontal lobotomy"" OR ""transorbital lobotomy""",1963,4
T2_lobotomy,"lobotomy OR leukotomy OR ""prefrontal lobotomy"" OR ""transorbital lobotomy""",1964,2
T2_lobotomy,"lobotomy OR leukotomy OR ""prefrontal lobotomy"" OR ""transorbital lobotomy""",1965,5
T2_lobotomy,"lobotomy OR leukotomy OR ""prefrontal lobotomy"" OR ""transorbital lobotomy""",1966,5
T2_lobotomy,"lobotomy OR leukotomy OR ""prefrontal lobotomy"" OR ""transorbital lobotomy""",1967,3
T2_lobotomy,"lobotomy OR leukotomy OR ""prefrontal lobotomy"" OR ""transorbital lobotomy""",1968,4
T2_lobotomy,"lobotomy OR leukotomy OR ""prefrontal lobotomy"" OR ""transorbital lobotomy""",1969,3
T2_lobotomy,"lobotomy OR leukotomy OR ""prefrontal lobotomy"" OR ""transorbital lobotomy""",1970,7
T2_lobotomy,"lobotomy OR leukotomy OR ""prefrontal lobotomy"" OR ""transorbital lobotomy""",1971,4
T2_lobotomy,"lobotomy OR leukotomy OR ""prefrontal lobotomy"" OR ""transorbital lobotomy""",1972,7
T2_lobotomy,"lobotomy OR leukotomy OR ""prefrontal lobotomy"" OR ""transorbital lobotomy""",1973,6
T2_lobotomy,"lobotomy OR leukotomy OR ""prefrontal lobotomy"" OR ""transorbital lobotomy""",1974,1
T2_lobotomy,"lobotomy OR leukotomy OR ""prefrontal lobotomy"" OR ""transorbital lobotomy""",1975,9
T2_lobotomy,"lobotomy OR leukotomy OR ""prefrontal lobotomy"" OR ""transorbital lobotomy""",1976,3
T2_lobotomy,"lobotomy OR leukotomy OR ""prefrontal lobotomy"" OR ""transorbital lobotomy""",1977,0
T2_lobotomy,"lobotomy OR leukotomy OR ""prefrontal lobotomy"" OR ""transorbital lobotomy""",1978,6
T2_lobotomy,"lobotomy OR leukotomy OR ""prefrontal lobotomy"" OR ""transorbital lobotomy""",1979,4
T2_lobotomy,"lobotomy OR leukotomy OR ""prefrontal lobotomy"" OR ""transorbital lobotomy""",1980,3
T2_lobotomy,"lobotomy OR leukotomy OR ""prefrontal lobotomy"" OR ""transorbital lobotomy""",1981,5
T2_lobotomy,"lobotomy OR leukotomy OR ""prefrontal lobotomy"" OR ""transorbital lobotomy""",1982,3
T2_lobotomy,"lobotomy OR leukotomy OR ""prefrontal lobotomy"" OR ""transorbital lobotomy""",1983,2
T2_lobotomy,"lobotomy OR leukotomy OR ""prefrontal lobotomy"" OR ""transorbital lobotomy""",1984,2
T2_lobotomy,"lobotomy OR leukotomy OR ""prefrontal lobotomy"" OR ""transorbital lobotomy""",1985,1
T2_lobotomy,"lobotomy OR leukotomy OR ""prefrontal lobotomy"" OR ""transorbital lobotomy""",1986,3
T2_lobotomy,"lobotomy OR leukotomy OR ""prefrontal lobotomy"" OR ""transorbital lobotomy""",1987,3
T2_lobotomy,"lobotomy OR leukotomy OR ""prefrontal lobotomy"" OR ""transorbital lobotomy""",1988,4
T2_lobotomy,"lobotomy OR leukotomy OR ""prefrontal lobotomy"" OR ""transorbital lobotomy""",1989,1
T2_lobotomy,"lobotomy OR leukotomy OR ""prefrontal lobotomy"" OR ""transorbital lobotomy""",1990,2
T2_lobotomy,"lobotomy OR leukotomy OR ""prefrontal lobotomy"" OR ""transorbital lobotomy""",1991,2
T2_lobotomy,"lobotomy OR leukotomy OR ""prefrontal lobotomy"" OR ""transorbital lobotomy""",1992,5
T2_lobotomy,"lobotomy OR leukotomy OR ""prefrontal lobotomy"" OR ""transorbital lobotomy""",1993,11
T2_lobotomy,"lobotomy OR leukotomy OR ""prefrontal lobotomy"" OR ""transorbital lobotomy""",1994,3
T2_lobotomy,"lobotomy OR leukotomy OR ""prefrontal lobotomy"" OR ""transorbital lobotomy""",1995,8
T2_lobotomy,"lobotomy OR leukotomy OR ""prefrontal lobotomy"" OR ""transorbital lobotomy""",1996,6
T2_lobotomy,"lobotomy OR leukotomy OR ""prefrontal lobotomy"" OR ""transorbital lobotomy""",1997,4
T2_lobotomy,"lobotomy OR leukotomy OR ""prefrontal lobotomy"" OR ""transorbital lobotomy""",1998,4
T2_lobotomy,"lobotomy OR leukotomy OR ""prefrontal lobotomy"" OR ""transorbital lobotomy""",1999,11
T2_lobotomy,"lobotomy OR leukotomy OR ""prefrontal lobotomy"" OR ""transorbital lobotomy""",2000,6
T2_lobotomy,"lobotomy OR leukotomy OR ""prefrontal lobotomy"" OR ""transorbital lobotomy""",2001,6
T2_lobotomy,"lobotomy OR leukotomy OR ""prefrontal lobotomy"" OR ""transorbital lobotomy""",2002,5
T2_lobotomy,"lobotomy OR leukotomy OR ""prefrontal lobotomy"" OR ""transorbital lobotomy""",2003,7
T2_lobotomy,"lobotomy OR leukotomy OR ""prefrontal lobotomy"" OR ""transorbital lobotomy""",2004,7
T2_lobotomy,"lobotomy OR leukotomy OR ""prefrontal lobotomy"" OR ""transorbital lobotomy""",2005,6
T2_lobotomy,"lobotomy OR leukotomy OR ""prefrontal lobotomy"" OR ""transorbital lobotomy""",2006,5
T2_lobotomy,"lobotomy OR leukotomy OR ""prefrontal lobotomy"" OR ""transorbital lobotomy""",2007,6
T2_lobotomy,"lobotomy OR leukotomy OR ""prefrontal lobotomy"" OR ""transorbital lobotomy""",2008,8
T2_lobotomy,"lobotomy OR leukotomy OR ""prefrontal lobotomy"" OR ""transorbital lobotomy""",2009,4
T2_lobotomy,"lobotomy OR leukotomy OR ""prefrontal lobotomy"" OR ""transorbital lobotomy""",2010,4
T2_lobotomy,"lobotomy OR leukotomy OR ""prefrontal lobotomy"" OR ""transorbital lobotomy""",2011,4
T2_lobotomy,"lobotomy OR leukotomy OR ""prefrontal lobotomy"" OR ""transorbital lobotomy""",2012,6
T2_lobotomy,"lobotomy OR leukotomy OR ""prefrontal lobotomy"" OR ""transorbital lobotomy""",2013,13
T2_lobotomy,"lobotomy OR leukotomy OR ""prefrontal lobotomy"" OR ""transorbital lobotomy""",2014,10
T2_lobotomy,"lobotomy OR leukotomy OR ""prefrontal lobotomy"" OR ""transorbital lobotomy""",2015,9
T2_lobotomy,"lobotomy OR leukotomy OR ""prefrontal lobotomy"" OR ""transorbital lobotomy""",2016,10
T2_lobotomy,"lobotomy OR leukotomy OR ""prefrontal lobotomy"" OR ""transorbital lobotomy""",2017,14
T2_lobotomy,"lobotomy OR leukotomy OR ""prefrontal lobotomy"" OR ""transorbital lobotomy""",2018,4
T2_lobotomy,"lobotomy OR leukotomy OR ""prefrontal lobotomy"" OR ""transorbital lobotomy""",2019,6
T2_lobotomy,"lobotomy OR leukotomy OR ""prefrontal lobotomy"" OR ""transorbital lobotomy""",2020,6
T2_lobotomy,"lobotomy OR leukotomy OR ""prefrontal lobotomy"" OR ""transorbital lobotomy""",2021,12
T2_lobotomy,"lobotomy OR leukotomy OR ""prefrontal lobotomy"" OR ""transorbital lobotomy""",2022,9
T2_lobotomy,"lobotomy OR leukotomy OR ""prefrontal lobotomy"" OR ""transorbital lobotomy""",2023,7
T2_lobotomy,"lobotomy OR leukotomy OR ""prefrontal lobotomy"" OR ""transorbital lobotomy""",2024,6
T2_insulin_coma,"""insulin coma"" OR ""insulin shock therapy"" OR ""insulin coma therapy""",1940,0
T2_insulin_coma,"""insulin coma"" OR ""insulin shock therapy"" OR ""insulin coma therapy""",1941,0
T2_insulin_coma,"""insulin coma"" OR ""insulin shock therapy"" OR ""insulin coma therapy""",1942,0
T2_insulin_coma,"""insulin coma"" OR ""insulin shock therapy"" OR ""insulin coma therapy""",1943,1
T2_insulin_coma,"""insulin coma"" OR ""insulin shock therapy"" OR ""insulin coma therapy""",1944,0
T2_insulin_coma,"""insulin coma"" OR ""insulin shock therapy"" OR ""insulin coma therapy""",1945,1
T2_insulin_coma,"""insulin coma"" OR ""insulin shock therapy"" OR ""insulin coma therapy""",1946,4
T2_insulin_coma,"""insulin coma"" OR ""insulin shock therapy"" OR ""insulin coma therapy""",1947,2
T2_insulin_coma,"""insulin coma"" OR ""insulin shock therapy"" OR ""insulin coma therapy""",1948,10
T2_insulin_coma,"""insulin coma"" OR ""insulin shock therapy"" OR ""insulin coma therapy""",1949,7
T2_insulin_coma,"""insulin coma"" OR ""insulin shock therapy"" OR ""insulin coma therapy""",1950,15
T2_insulin_coma,"""insulin coma"" OR ""insulin shock therapy"" OR ""insulin coma therapy""",1951,18
T2_insulin_coma,"""insulin coma"" OR ""insulin shock therapy"" OR ""insulin coma therapy""",1952,30
T2_insulin_coma,"""insulin coma"" OR ""insulin shock therapy"" OR ""insulin coma therapy""",1953,20
T2_insulin_coma,"""insulin coma"" OR ""insulin shock therapy"" OR ""insulin coma therapy""",1954,23
T2_insulin_coma,"""insulin coma"" OR ""insulin shock therapy"" OR ""insulin coma therapy""",1955,28
T2_insulin_coma,"""insulin coma"" OR ""insulin shock therapy"" OR ""insulin coma therapy""",1956,25
T2_insulin_coma,"""insulin coma"" OR ""insulin shock therapy"" OR ""insulin coma therapy""",1957,22
T2_insulin_coma,"""insulin coma"" OR ""insulin shock therapy"" OR ""insulin coma therapy""",1958,18
T2_insulin_coma,"""insulin coma"" OR ""insulin shock therapy"" OR ""insulin coma therapy""",1959,13
T2_insulin_coma,"""insulin coma"" OR ""insulin shock therapy"" OR ""insulin coma therapy""",1960,23
T2_insulin_coma,"""insulin coma"" OR ""insulin shock therapy"" OR ""insulin coma therapy""",1961,9
T2_insulin_coma,"""insulin coma"" OR ""insulin shock therapy"" OR ""insulin coma therapy""",1962,8
T2_insulin_coma,"""insulin coma"" OR ""insulin shock therapy"" OR ""insulin coma therapy""",1963,11
T2_insulin_coma,"""insulin coma"" OR ""insulin shock therapy"" OR ""insulin coma therapy""",1964,20
T2_insulin_coma,"""insulin coma"" OR ""insulin shock therapy"" OR ""insulin coma therapy""",1965,10
T2_insulin_coma,"""insulin coma"" OR ""insulin shock therapy"" OR ""insulin coma therapy""",1966,4
T2_insulin_coma,"""insulin coma"" OR ""insulin shock therapy"" OR ""insulin coma therapy""",1967,5
T2_insulin_coma,"""insulin coma"" OR ""insulin shock therapy"" OR ""insulin coma therapy""",1968,7
T2_insulin_coma,"""insulin coma"" OR ""insulin shock therapy"" OR ""insulin coma therapy""",1969,5
T2_insulin_coma,"""insulin coma"" OR ""insulin shock therapy"" OR ""insulin coma therapy""",1970,2
T2_insulin_coma,"""insulin coma"" OR ""insulin shock therapy"" OR ""insulin coma therapy""",1971,4
T2_insulin_coma,"""insulin coma"" OR ""insulin shock therapy"" OR ""insulin coma therapy""",1972,1
T2_insulin_coma,"""insulin coma"" OR ""insulin shock therapy"" OR ""insulin coma therapy""",1973,1
T2_insulin_coma,"""insulin coma"" OR ""insulin shock therapy"" OR ""insulin coma therapy""",1974,1
T2_insulin_coma,"""insulin coma"" OR ""insulin shock therapy"" OR ""insulin coma therapy""",1975,1
T2_insulin_coma,"""insulin coma"" OR ""insulin shock therapy"" OR ""insulin coma therapy""",1976,1
T2_insulin_coma,"""insulin coma"" OR ""insulin shock therapy"" OR ""insulin coma therapy""",1977,0
T2_insulin_coma,"""insulin coma"" OR ""insulin shock therapy"" OR ""insulin coma therapy""",1978,3
T2_insulin_coma,"""insulin coma"" OR ""insulin shock therapy"" OR ""insulin coma therapy""",1979,1
T2_insulin_coma,"""insulin coma"" OR ""insulin shock therapy"" OR ""insulin coma therapy""",1980,1
T2_insulin_coma,"""insulin coma"" OR ""insulin shock therapy"" OR ""insulin coma therapy""",1981,1
T2_insulin_coma,"""insulin coma"" OR ""insulin shock therapy"" OR ""insulin coma therapy""",1982,3
T2_insulin_coma,"""insulin coma"" OR ""insulin shock therapy"" OR ""insulin coma therapy""",1983,1
T2_insulin_coma,"""insulin coma"" OR ""insulin shock therapy"" OR ""insulin coma therapy""",1984,1
T2_insulin_coma,"""insulin coma"" OR ""insulin shock therapy"" OR ""insulin coma therapy""",1985,3
T2_insulin_coma,"""insulin coma"" OR ""insulin shock therapy"" OR ""insulin coma therapy""",1986,2
T2_insulin_coma,"""insulin coma"" OR ""insulin shock therapy"" OR ""insulin coma therapy""",1987,4
T2_insulin_coma,"""insulin coma"" OR ""insulin shock therapy"" OR ""insulin coma therapy""",1988,4
T2_insulin_coma,"""insulin coma"" OR ""insulin shock therapy"" OR ""insulin coma therapy""",1989,4
T2_insulin_coma,"""insulin coma"" OR ""insulin shock therapy"" OR ""insulin coma therapy""",1990,1
T2_insulin_coma,"""insulin coma"" OR ""insulin shock therapy"" OR ""insulin coma therapy""",1991,4
T2_insulin_coma,"""insulin coma"" OR ""insulin shock therapy"" OR ""insulin coma therapy""",1992,1
T2_insulin_coma,"""insulin coma"" OR ""insulin shock therapy"" OR ""insulin coma therapy""",1993,1
T2_insulin_coma,"""insulin coma"" OR ""insulin shock therapy"" OR ""insulin coma therapy""",1994,1
T2_insulin_coma,"""insulin coma"" OR ""insulin shock therapy"" OR ""insulin coma therapy""",1995,3
T2_insulin_coma,"""insulin coma"" OR ""insulin shock therapy"" OR ""insulin coma therapy""",1996,0
T2_insulin_coma,"""insulin coma"" OR ""insulin shock therapy"" OR ""insulin coma therapy""",1997,0
T2_insulin_coma,"""insulin coma"" OR ""insulin shock therapy"" OR ""insulin coma therapy""",1998,0
T2_insulin_coma,"""insulin coma"" OR ""insulin shock therapy"" OR ""insulin coma therapy""",1999,1
T2_insulin_coma,"""insulin coma"" OR ""insulin shock therapy"" OR ""insulin coma therapy""",2000,7
T2_insulin_coma,"""insulin coma"" OR ""insulin shock therapy"" OR ""insulin coma therapy""",2001,1
T2_insulin_coma,"""insulin coma"" OR ""insulin shock therapy"" OR ""insulin coma therapy""",2002,1
T2_insulin_coma,"""insulin coma"" OR ""insulin shock therapy"" OR ""insulin coma therapy""",2003,1
T2_insulin_coma,"""insulin coma"" OR ""insulin shock therapy"" OR ""insulin coma therapy""",2004,0
T2_insulin_coma,"""insulin coma"" OR ""insulin shock therapy"" OR ""insulin coma therapy""",2005,1
T2_insulin_coma,"""insulin coma"" OR ""insulin shock therapy"" OR ""insulin coma therapy""",2006,3
T2_insulin_coma,"""insulin coma"" OR ""insulin shock therapy"" OR ""insulin coma therapy""",2007,1
T2_insulin_coma,"""insulin coma"" OR ""insulin shock therapy"" OR ""insulin coma therapy""",2008,2
T2_insulin_coma,"""insulin coma"" OR ""insulin shock therapy"" OR ""insulin coma therapy""",2009,1
T2_insulin_coma,"""insulin coma"" OR ""insulin shock therapy"" OR ""insulin coma therapy""",2010,1
T2_insulin_coma,"""insulin coma"" OR ""insulin shock therapy"" OR ""insulin coma therapy""",2011,0
T2_insulin_coma,"""insulin coma"" OR ""insulin shock therapy"" OR ""insulin coma therapy""",2012,2
T2_insulin_coma,"""insulin coma"" OR ""insulin shock therapy"" OR ""insulin coma therapy""",2013,3
T2_insulin_coma,"""insulin coma"" OR ""insulin shock therapy"" OR ""insulin coma therapy""",2014,6
T2_insulin_coma,"""insulin coma"" OR ""insulin shock therapy"" OR ""insulin coma therapy""",2015,1
T2_insulin_coma,"""insulin coma"" OR ""insulin shock therapy"" OR ""insulin coma therapy""",2016,2
T2_insulin_coma,"""insulin coma"" OR ""insulin shock therapy"" OR ""insulin coma therapy""",2017,2
T2_insulin_coma,"""insulin coma"" OR ""insulin shock therapy"" OR ""insulin coma therapy""",2018,3
T2_insulin_coma,"""insulin coma"" OR ""insulin shock therapy"" OR ""insulin coma therapy""",2019,1
T2_insulin_coma,"""insulin coma"" OR ""insulin shock therapy"" OR ""insulin coma therapy""",2020,0
T2_insulin_coma,"""insulin coma"" OR ""insulin shock therapy"" OR ""insulin coma therapy""",2021,2
T2_insulin_coma,"""insulin coma"" OR ""insulin shock therapy"" OR ""insulin coma therapy""",2022,1
T2_insulin_coma,"""insulin coma"" OR ""insulin shock therapy"" OR ""insulin coma therapy""",2023,0
T2_insulin_coma,"""insulin coma"" OR ""insulin shock therapy"" OR ""insulin coma therapy""",2024,0
T2_aversion_therapy,"""aversion therapy"" OR ""aversion conditioning"" OR ""electrical aversion""",1950,0
T2_aversion_therapy,"""aversion therapy"" OR ""aversion conditioning"" OR ""electrical aversion""",1951,0
T2_aversion_therapy,"""aversion therapy"" OR ""aversion conditioning"" OR ""electrical aversion""",1952,0
T2_aversion_therapy,"""aversion therapy"" OR ""aversion conditioning"" OR ""electrical aversion""",1953,0
T2_aversion_therapy,"""aversion therapy"" OR ""aversion conditioning"" OR ""electrical aversion""",1954,0
T2_aversion_therapy,"""aversion therapy"" OR ""aversion conditioning"" OR ""electrical aversion""",1955,0
T2_aversion_therapy,"""aversion therapy"" OR ""aversion conditioning"" OR ""electrical aversion""",1956,1
T2_aversion_therapy,"""aversion therapy"" OR ""aversion conditioning"" OR ""electrical aversion""",1957,0
T2_aversion_therapy,"""aversion therapy"" OR ""aversion conditioning"" OR ""electrical aversion""",1958,0
T2_aversion_therapy,"""aversion therapy"" OR ""aversion conditioning"" OR ""electrical aversion""",1959,0
T2_aversion_therapy,"""aversion therapy"" OR ""aversion conditioning"" OR ""electrical aversion""",1960,0
T2_aversion_therapy,"""aversion therapy"" OR ""aversion conditioning"" OR ""electrical aversion""",1961,0
T2_aversion_therapy,"""aversion therapy"" OR ""aversion conditioning"" OR ""electrical aversion""",1962,1
T2_aversion_therapy,"""aversion therapy"" OR ""aversion conditioning"" OR ""electrical aversion""",1963,4
T2_aversion_therapy,"""aversion therapy"" OR ""aversion conditioning"" OR ""electrical aversion""",1964,2
T2_aversion_therapy,"""aversion therapy"" OR ""aversion conditioning"" OR ""electrical aversion""",1965,3
T2_aversion_therapy,"""aversion therapy"" OR ""aversion conditioning"" OR ""electrical aversion""",1966,3
T2_aversion_therapy,"""aversion therapy"" OR ""aversion conditioning"" OR ""electrical aversion""",1967,5
T2_aversion_therapy,"""aversion therapy"" OR ""aversion conditioning"" OR ""electrical aversion""",1968,12
T2_aversion_therapy,"""aversion therapy"" OR ""aversion conditioning"" OR ""electrical aversion""",1969,8
T2_aversion_therapy,"""aversion therapy"" OR ""aversion conditioning"" OR ""electrical aversion""",1970,9
T2_aversion_therapy,"""aversion therapy"" OR ""aversion conditioning"" OR ""electrical aversion""",1971,2
T2_aversion_therapy,"""aversion therapy"" OR ""aversion conditioning"" OR ""electrical aversion""",1972,11
T2_aversion_therapy,"""aversion therapy"" OR ""aversion conditioning"" OR ""electrical aversion""",1973,5
T2_aversion_therapy,"""aversion therapy"" OR ""aversion conditioning"" OR ""electrical aversion""",1974,9
T2_aversion_therapy,"""aversion therapy"" OR ""aversion conditioning"" OR ""electrical aversion""",1975,6
T2_aversion_therapy,"""aversion therapy"" OR ""aversion conditioning"" OR ""electrical aversion""",1976,6
T2_aversion_therapy,"""aversion therapy"" OR ""aversion conditioning"" OR ""electrical aversion""",1977,9
T2_aversion_therapy,"""aversion therapy"" OR ""aversion conditioning"" OR ""electrical aversion""",1978,6
T2_aversion_therapy,"""aversion therapy"" OR ""aversion conditioning"" OR ""electrical aversion""",1979,10
T2_aversion_therapy,"""aversion therapy"" OR ""aversion conditioning"" OR ""electrical aversion""",1980,8
T2_aversion_therapy,"""aversion therapy"" OR ""aversion conditioning"" OR ""electrical aversion""",1981,8
T2_aversion_therapy,"""aversion therapy"" OR ""aversion conditioning"" OR ""electrical aversion""",1982,9
T2_aversion_therapy,"""aversion therapy"" OR ""aversion conditioning"" OR ""electrical aversion""",1983,17
T2_aversion_therapy,"""aversion therapy"" OR ""aversion conditioning"" OR ""electrical aversion""",1984,8
T2_aversion_therapy,"""aversion therapy"" OR ""aversion conditioning"" OR ""electrical aversion""",1985,10
T2_aversion_therapy,"""aversion therapy"" OR ""aversion conditioning"" OR ""electrical aversion""",1986,7
T2_aversion_therapy,"""aversion therapy"" OR ""aversion conditioning"" OR ""electrical aversion""",1987,7
T2_aversion_therapy,"""aversion therapy"" OR ""aversion conditioning"" OR ""electrical aversion""",1988,8
T2_aversion_therapy,"""aversion therapy"" OR ""aversion conditioning"" OR ""electrical aversion""",1989,2
T2_aversion_therapy,"""aversion therapy"" OR ""aversion conditioning"" OR ""electrical aversion""",1990,12
T2_aversion_therapy,"""aversion therapy"" OR ""aversion conditioning"" OR ""electrical aversion""",1991,7
T2_aversion_therapy,"""aversion therapy"" OR ""aversion conditioning"" OR ""electrical aversion""",1992,9
T2_aversion_therapy,"""aversion therapy"" OR ""aversion conditioning"" OR ""electrical aversion""",1993,1
T2_aversion_therapy,"""aversion therapy"" OR ""aversion conditioning"" OR ""electrical aversion""",1994,9
T2_aversion_therapy,"""aversion therapy"" OR ""aversion conditioning"" OR ""electrical aversion""",1995,10
T2_aversion_therapy,"""aversion therapy"" OR ""aversion conditioning"" OR ""electrical aversion""",1996,8
T2_aversion_therapy,"""aversion therapy"" OR ""aversion conditioning"" OR ""electrical aversion""",1997,6
T2_aversion_therapy,"""aversion therapy"" OR ""aversion conditioning"" OR ""electrical aversion""",1998,8
T2_aversion_therapy,"""aversion therapy"" OR ""aversion conditioning"" OR ""electrical aversion""",1999,3
T2_aversion_therapy,"""aversion therapy"" OR ""aversion conditioning"" OR ""electrical aversion""",2000,10
T2_aversion_therapy,"""aversion therapy"" OR ""aversion conditioning"" OR ""electrical aversion""",2001,10
T2_aversion_therapy,"""aversion therapy"" OR ""aversion conditioning"" OR ""electrical aversion""",2002,6
T2_aversion_therapy,"""aversion therapy"" OR ""aversion conditioning"" OR ""electrical aversion""",2003,11
T2_aversion_therapy,"""aversion therapy"" OR ""aversion conditioning"" OR ""electrical aversion""",2004,9
T2_aversion_therapy,"""aversion therapy"" OR ""aversion conditioning"" OR ""electrical aversion""",2005,4
T2_aversion_therapy,"""aversion therapy"" OR ""aversion conditioning"" OR ""electrical aversion""",2006,14
T2_aversion_therapy,"""aversion therapy"" OR ""aversion conditioning"" OR ""electrical aversion""",2007,10
T2_aversion_therapy,"""aversion therapy"" OR ""aversion conditioning"" OR ""electrical aversion""",2008,7
T2_aversion_therapy,"""aversion therapy"" OR ""aversion conditioning"" OR ""electrical aversion""",2009,7
T2_aversion_therapy,"""aversion therapy"" OR ""aversion conditioning"" OR ""electrical aversion""",2010,13
T2_aversion_therapy,"""aversion therapy"" OR ""aversion conditioning"" OR ""electrical aversion""",2011,4
T2_aversion_therapy,"""aversion therapy"" OR ""aversion conditioning"" OR ""electrical aversion""",2012,3
T2_aversion_therapy,"""aversion therapy"" OR ""aversion conditioning"" OR ""electrical aversion""",2013,3
T2_aversion_therapy,"""aversion therapy"" OR ""aversion conditioning"" OR ""electrical aversion""",2014,5
T2_aversion_therapy,"""aversion therapy"" OR ""aversion conditioning"" OR ""electrical aversion""",2015,1
T2_aversion_therapy,"""aversion therapy"" OR ""aversion conditioning"" OR ""electrical aversion""",2016,5
T2_aversion_therapy,"""aversion therapy"" OR ""aversion conditioning"" OR ""electrical aversion""",2017,9
T2_aversion_therapy,"""aversion therapy"" OR ""aversion conditioning"" OR ""electrical aversion""",2018,4
T2_aversion_therapy,"""aversion therapy"" OR ""aversion conditioning"" OR ""electrical aversion""",2019,3
T2_aversion_therapy,"""aversion therapy"" OR ""aversion conditioning"" OR ""electrical aversion""",2020,7
T2_aversion_therapy,"""aversion therapy"" OR ""aversion conditioning"" OR ""electrical aversion""",2021,4
T2_aversion_therapy,"""aversion therapy"" OR ""aversion conditioning"" OR ""electrical aversion""",2022,4
T2_aversion_therapy,"""aversion therapy"" OR ""aversion conditioning"" OR ""electrical aversion""",2023,3
T2_aversion_therapy,"""aversion therapy"" OR ""aversion conditioning"" OR ""electrical aversion""",2024,2
T2_conversion_therapy,"""conversion therapy"" OR ""reparative therapy"" OR ""sexual orientation change"" OR ""sexual reorientation""",1950,0
T2_conversion_therapy,"""conversion therapy"" OR ""reparative therapy"" OR ""sexual orientation change"" OR ""sexual reorientation""",1951,0
T2_conversion_therapy,"""conversion therapy"" OR ""reparative therapy"" OR ""sexual orientation change"" OR ""sexual reorientation""",1952,0
T2_conversion_therapy,"""conversion therapy"" OR ""reparative therapy"" OR ""sexual orientation change"" OR ""sexual reorientation""",1953,0
T2_conversion_therapy,"""conversion therapy"" OR ""reparative therapy"" OR ""sexual orientation change"" OR ""sexual reorientation""",1954,0
T2_conversion_therapy,"""conversion therapy"" OR ""reparative therapy"" OR ""sexual orientation change"" OR ""sexual reorientation""",1955,0
T2_conversion_therapy,"""conversion therapy"" OR ""reparative therapy"" OR ""sexual orientation change"" OR ""sexual reorientation""",1956,0
T2_conversion_therapy,"""conversion therapy"" OR ""reparative therapy"" OR ""sexual orientation change"" OR ""sexual reorientation""",1957,0
T2_conversion_therapy,"""conversion therapy"" OR ""reparative therapy"" OR ""sexual orientation change"" OR ""sexual reorientation""",1958,0
T2_conversion_therapy,"""conversion therapy"" OR ""reparative therapy"" OR ""sexual orientation change"" OR ""sexual reorientation""",1959,0
T2_conversion_therapy,"""conversion therapy"" OR ""reparative therapy"" OR ""sexual orientation change"" OR ""sexual reorientation""",1960,0
T2_conversion_therapy,"""conversion therapy"" OR ""reparative therapy"" OR ""sexual orientation change"" OR ""sexual reorientation""",1961,0
T2_conversion_therapy,"""conversion therapy"" OR ""reparative therapy"" OR ""sexual orientation change"" OR ""sexual reorientation""",1962,1
T2_conversion_therapy,"""conversion therapy"" OR ""reparative therapy"" OR ""sexual orientation change"" OR ""sexual reorientation""",1963,0
T2_conversion_therapy,"""conversion therapy"" OR ""reparative therapy"" OR ""sexual orientation change"" OR ""sexual reorientation""",1964,0
T2_conversion_therapy,"""conversion therapy"" OR ""reparative therapy"" OR ""sexual orientation change"" OR ""sexual reorientation""",1965,0
T2_conversion_therapy,"""conversion therapy"" OR ""reparative therapy"" OR ""sexual orientation change"" OR ""sexual reorientation""",1966,0
T2_conversion_therapy,"""conversion therapy"" OR ""reparative therapy"" OR ""sexual orientation change"" OR ""sexual reorientation""",1967,0
T2_conversion_therapy,"""conversion therapy"" OR ""reparative therapy"" OR ""sexual orientation change"" OR ""sexual reorientation""",1968,0
T2_conversion_therapy,"""conversion therapy"" OR ""reparative therapy"" OR ""sexual orientation change"" OR ""sexual reorientation""",1969,1
T2_conversion_therapy,"""conversion therapy"" OR ""reparative therapy"" OR ""sexual orientation change"" OR ""sexual reorientation""",1970,1
T2_conversion_therapy,"""conversion therapy"" OR ""reparative therapy"" OR ""sexual orientation change"" OR ""sexual reorientation""",1971,0
T2_conversion_therapy,"""conversion therapy"" OR ""reparative therapy"" OR ""sexual orientation change"" OR ""sexual reorientation""",1972,0
T2_conversion_therapy,"""conversion therapy"" OR ""reparative therapy"" OR ""sexual orientation change"" OR ""sexual reorientation""",1973,0
T2_conversion_therapy,"""conversion therapy"" OR ""reparative therapy"" OR ""sexual orientation change"" OR ""sexual reorientation""",1974,0
T2_conversion_therapy,"""conversion therapy"" OR ""reparative therapy"" OR ""sexual orientation change"" OR ""sexual reorientation""",1975,0
T2_conversion_therapy,"""conversion therapy"" OR ""reparative therapy"" OR ""sexual orientation change"" OR ""sexual reorientation""",1976,0
T2_conversion_therapy,"""conversion therapy"" OR ""reparative therapy"" OR ""sexual orientation change"" OR ""sexual reorientation""",1977,1
T2_conversion_therapy,"""conversion therapy"" OR ""reparative therapy"" OR ""sexual orientation change"" OR ""sexual reorientation""",1978,0
T2_conversion_therapy,"""conversion therapy"" OR ""reparative therapy"" OR ""sexual orientation change"" OR ""sexual reorientation""",1979,0
T2_conversion_therapy,"""conversion therapy"" OR ""reparative therapy"" OR ""sexual orientation change"" OR ""sexual reorientation""",1980,0
T2_conversion_therapy,"""conversion therapy"" OR ""reparative therapy"" OR ""sexual orientation change"" OR ""sexual reorientation""",1981,0
T2_conversion_therapy,"""conversion therapy"" OR ""reparative therapy"" OR ""sexual orientation change"" OR ""sexual reorientation""",1982,0
T2_conversion_therapy,"""conversion therapy"" OR ""reparative therapy"" OR ""sexual orientation change"" OR ""sexual reorientation""",1983,1
T2_conversion_therapy,"""conversion therapy"" OR ""reparative therapy"" OR ""sexual orientation change"" OR ""sexual reorientation""",1984,1
T2_conversion_therapy,"""conversion therapy"" OR ""reparative therapy"" OR ""sexual orientation change"" OR ""sexual reorientation""",1985,2
T2_conversion_therapy,"""conversion therapy"" OR ""reparative therapy"" OR ""sexual orientation change"" OR ""sexual reorientation""",1986,0
T2_conversion_therapy,"""conversion therapy"" OR ""reparative therapy"" OR ""sexual orientation change"" OR ""sexual reorientation""",1987,0
T2_conversion_therapy,"""conversion therapy"" OR ""reparative therapy"" OR ""sexual orientation change"" OR ""sexual reorientation""",1988,0
T2_conversion_therapy,"""conversion therapy"" OR ""reparative therapy"" OR ""sexual orientation change"" OR ""sexual reorientation""",1989,0
T2_conversion_therapy,"""conversion therapy"" OR ""reparative therapy"" OR ""sexual orientation change"" OR ""sexual reorientation""",1990,1
T2_conversion_therapy,"""conversion therapy"" OR ""reparative therapy"" OR ""sexual orientation change"" OR ""sexual reorientation""",1991,1
T2_conversion_therapy,"""conversion therapy"" OR ""reparative therapy"" OR ""sexual orientation change"" OR ""sexual reorientation""",1992,2
T2_conversion_therapy,"""conversion therapy"" OR ""reparative therapy"" OR ""sexual orientation change"" OR ""sexual reorientation""",1993,0
T2_conversion_therapy,"""conversion therapy"" OR ""reparative therapy"" OR ""sexual orientation change"" OR ""sexual reorientation""",1994,5
T2_conversion_therapy,"""conversion therapy"" OR ""reparative therapy"" OR ""sexual orientation change"" OR ""sexual reorientation""",1995,0
T2_conversion_therapy,"""conversion therapy"" OR ""reparative therapy"" OR ""sexual orientation change"" OR ""sexual reorientation""",1996,1
T2_conversion_therapy,"""conversion therapy"" OR ""reparative therapy"" OR ""sexual orientation change"" OR ""sexual reorientation""",1997,0
T2_conversion_therapy,"""conversion therapy"" OR ""reparative therapy"" OR ""sexual orientation change"" OR ""sexual reorientation""",1998,2
T2_conversion_therapy,"""conversion therapy"" OR ""reparative therapy"" OR ""sexual orientation change"" OR ""sexual reorientation""",1999,2
T2_conversion_therapy,"""conversion therapy"" OR ""reparative therapy"" OR ""sexual orientation change"" OR ""sexual reorientation""",2000,4
T2_conversion_therapy,"""conversion therapy"" OR ""reparative therapy"" OR ""sexual orientation change"" OR ""sexual reorientation""",2001,3
T2_conversion_therapy,"""conversion therapy"" OR ""reparative therapy"" OR ""sexual orientation change"" OR ""sexual reorientation""",2002,0
T2_conversion_therapy,"""conversion therapy"" OR ""reparative therapy"" OR ""sexual orientation change"" OR ""sexual reorientation""",2003,4
T2_conversion_therapy,"""conversion therapy"" OR ""reparative therapy"" OR ""sexual orientation change"" OR ""sexual reorientation""",2004,8
T2_conversion_therapy,"""conversion therapy"" OR ""reparative therapy"" OR ""sexual orientation change"" OR ""sexual reorientation""",2005,3
T2_conversion_therapy,"""conversion therapy"" OR ""reparative therapy"" OR ""sexual orientation change"" OR ""sexual reorientation""",2006,3
T2_conversion_therapy,"""conversion therapy"" OR ""reparative therapy"" OR ""sexual orientation change"" OR ""sexual reorientation""",2007,5
T2_conversion_therapy,"""conversion therapy"" OR ""reparative therapy"" OR ""sexual orientation change"" OR ""sexual reorientation""",2008,7
T2_conversion_therapy,"""conversion therapy"" OR ""reparative therapy"" OR ""sexual orientation change"" OR ""sexual reorientation""",2009,2
T2_conversion_therapy,"""conversion therapy"" OR ""reparative therapy"" OR ""sexual orientation change"" OR ""sexual reorientation""",2010,6
T2_conversion_therapy,"""conversion therapy"" OR ""reparative therapy"" OR ""sexual orientation change"" OR ""sexual reorientation""",2011,14
T2_conversion_therapy,"""conversion therapy"" OR ""reparative therapy"" OR ""sexual orientation change"" OR ""sexual reorientation""",2012,18
T2_conversion_therapy,"""conversion therapy"" OR ""reparative therapy"" OR ""sexual orientation change"" OR ""sexual reorientation""",2013,10
T2_conversion_therapy,"""conversion therapy"" OR ""reparative therapy"" OR ""sexual orientation change"" OR ""sexual reorientation""",2014,25
T2_conversion_therapy,"""conversion therapy"" OR ""reparative therapy"" OR ""sexual orientation change"" OR ""sexual reorientation""",2015,25
T2_conversion_therapy,"""conversion therapy"" OR ""reparative therapy"" OR ""sexual orientation change"" OR ""sexual reorientation""",2016,32
T2_conversion_therapy,"""conversion therapy"" OR ""reparative therapy"" OR ""sexual orientation change"" OR ""sexual reorientation""",2017,34
T2_conversion_therapy,"""conversion therapy"" OR ""reparative therapy"" OR ""sexual orientation change"" OR ""sexual reorientation""",2018,45
T2_conversion_therapy,"""conversion therapy"" OR ""reparative therapy"" OR ""sexual orientation change"" OR ""sexual reorientation""",2019,33
T2_conversion_therapy,"""conversion therapy"" OR ""reparative therapy"" OR ""sexual orientation change"" OR ""sexual reorientation""",2020,48
T2_conversion_therapy,"""conversion therapy"" OR ""reparative therapy"" OR ""sexual orientation change"" OR ""sexual reorientation""",2021,91
T2_conversion_therapy,"""conversion therapy"" OR ""reparative therapy"" OR ""sexual orientation change"" OR ""sexual reorientation""",2022,118
T2_conversion_therapy,"""conversion therapy"" OR ""reparative therapy"" OR ""sexual orientation change"" OR ""sexual reorientation""",2023,137
T2_conversion_therapy,"""conversion therapy"" OR ""reparative therapy"" OR ""sexual orientation change"" OR ""sexual reorientation""",2024,154
T2_spastic_clinical,"""spastic child"" OR ""spastic children"" OR ""the spastics"" OR ""spastic diplegic""",1950,1
T2_spastic_clinical,"""spastic child"" OR ""spastic children"" OR ""the spastics"" OR ""spastic diplegic""",1951,2
T2_spastic_clinical,"""spastic child"" OR ""spastic children"" OR ""the spastics"" OR ""spastic diplegic""",1952,3
T2_spastic_clinical,"""spastic child"" OR ""spastic children"" OR ""the spastics"" OR ""spastic diplegic""",1953,3
T2_spastic_clinical,"""spastic child"" OR ""spastic children"" OR ""the spastics"" OR ""spastic diplegic""",1954,0
T2_spastic_clinical,"""spastic child"" OR ""spastic children"" OR ""the spastics"" OR ""spastic diplegic""",1955,3
T2_spastic_clinical,"""spastic child"" OR ""spastic children"" OR ""the spastics"" OR ""spastic diplegic""",1956,0
T2_spastic_clinical,"""spastic child"" OR ""spastic children"" OR ""the spastics"" OR ""spastic diplegic""",1957,1
T2_spastic_clinical,"""spastic child"" OR ""spastic children"" OR ""the spastics"" OR ""spastic diplegic""",1958,2
T2_spastic_clinical,"""spastic child"" OR ""spastic children"" OR ""the spastics"" OR ""spastic diplegic""",1959,1
T2_spastic_clinical,"""spastic child"" OR ""spastic children"" OR ""the spastics"" OR ""spastic diplegic""",1960,1
T2_spastic_clinical,"""spastic child"" OR ""spastic children"" OR ""the spastics"" OR ""spastic diplegic""",1961,4
T2_spastic_clinical,"""spastic child"" OR ""spastic children"" OR ""the spastics"" OR ""spastic diplegic""",1962,2
T2_spastic_clinical,"""spastic child"" OR ""spastic children"" OR ""the spastics"" OR ""spastic diplegic""",1963,0
T2_spastic_clinical,"""spastic child"" OR ""spastic children"" OR ""the spastics"" OR ""spastic diplegic""",1964,3
T2_spastic_clinical,"""spastic child"" OR ""spastic children"" OR ""the spastics"" OR ""spastic diplegic""",1965,4
T2_spastic_clinical,"""spastic child"" OR ""spastic children"" OR ""the spastics"" OR ""spastic diplegic""",1966,3
T2_spastic_clinical,"""spastic child"" OR ""spastic children"" OR ""the spastics"" OR ""spastic diplegic""",1967,1
T2_spastic_clinical,"""spastic child"" OR ""spastic children"" OR ""the spastics"" OR ""spastic diplegic""",1968,8
T2_spastic_clinical,"""spastic child"" OR ""spastic children"" OR ""the spastics"" OR ""spastic diplegic""",1969,3
T2_spastic_clinical,"""spastic child"" OR ""spastic children"" OR ""the spastics"" OR ""spastic diplegic""",1970,2
T2_spastic_clinical,"""spastic child"" OR ""spastic children"" OR ""the spastics"" OR ""spastic diplegic""",1971,2
T2_spastic_clinical,"""spastic child"" OR ""spastic children"" OR ""the spastics"" OR ""spastic diplegic""",1972,2
T2_spastic_clinical,"""spastic child"" OR ""spastic children"" OR ""the spastics"" OR ""spastic diplegic""",1973,3
T2_spastic_clinical,"""spastic child"" OR ""spastic children"" OR ""the spastics"" OR ""spastic diplegic""",1974,1
T2_spastic_clinical,"""spastic child"" OR ""spastic children"" OR ""the spastics"" OR ""spastic diplegic""",1975,2
T2_spastic_clinical,"""spastic child"" OR ""spastic children"" OR ""the spastics"" OR ""spastic diplegic""",1976,4
T2_spastic_clinical,"""spastic child"" OR ""spastic children"" OR ""the spastics"" OR ""spastic diplegic""",1977,2
T2_spastic_clinical,"""spastic child"" OR ""spastic children"" OR ""the spastics"" OR ""spastic diplegic""",1978,1
T2_spastic_clinical,"""spastic child"" OR ""spastic children"" OR ""the spastics"" OR ""spastic diplegic""",1979,3
T2_spastic_clinical,"""spastic child"" OR ""spastic children"" OR ""the spastics"" OR ""spastic diplegic""",1980,1
T2_spastic_clinical,"""spastic child"" OR ""spastic children"" OR ""the spastics"" OR ""spastic diplegic""",1981,1
T2_spastic_clinical,"""spastic child"" OR ""spastic children"" OR ""the spastics"" OR ""spastic diplegic""",1982,5
T2_spastic_clinical,"""spastic child"" OR ""spastic children"" OR ""the spastics"" OR ""spastic diplegic""",1983,0
T2_spastic_clinical,"""spastic child"" OR ""spastic children"" OR ""the spastics"" OR ""spastic diplegic""",1984,3
T2_spastic_clinical,"""spastic child"" OR ""spastic children"" OR ""the spastics"" OR ""spastic diplegic""",1985,5
T2_spastic_clinical,"""spastic child"" OR ""spastic children"" OR ""the spastics"" OR ""spastic diplegic""",1986,5
T2_spastic_clinical,"""spastic child"" OR ""spastic children"" OR ""the spastics"" OR ""spastic diplegic""",1987,1
T2_spastic_clinical,"""spastic child"" OR ""spastic children"" OR ""the spastics"" OR ""spastic diplegic""",1988,2
T2_spastic_clinical,"""spastic child"" OR ""spastic children"" OR ""the spastics"" OR ""spastic diplegic""",1989,4
T2_spastic_clinical,"""spastic child"" OR ""spastic children"" OR ""the spastics"" OR ""spastic diplegic""",1990,3
T2_spastic_clinical,"""spastic child"" OR ""spastic children"" OR ""the spastics"" OR ""spastic diplegic""",1991,2
T2_spastic_clinical,"""spastic child"" OR ""spastic children"" OR ""the spastics"" OR ""spastic diplegic""",1992,2
T2_spastic_clinical,"""spastic child"" OR ""spastic children"" OR ""the spastics"" OR ""spastic diplegic""",1993,3
T2_spastic_clinical,"""spastic child"" OR ""spastic children"" OR ""the spastics"" OR ""spastic diplegic""",1994,4
T2_spastic_clinical,"""spastic child"" OR ""spastic children"" OR ""the spastics"" OR ""spastic diplegic""",1995,6
T2_spastic_clinical,"""spastic child"" OR ""spastic children"" OR ""the spastics"" OR ""spastic diplegic""",1996,3
T2_spastic_clinical,"""spastic child"" OR ""spastic children"" OR ""the spastics"" OR ""spastic diplegic""",1997,6
T2_spastic_clinical,"""spastic child"" OR ""spastic children"" OR ""the spastics"" OR ""spastic diplegic""",1998,6
T2_spastic_clinical,"""spastic child"" OR ""spastic children"" OR ""the spastics"" OR ""spastic diplegic""",1999,7
T2_spastic_clinical,"""spastic child"" OR ""spastic children"" OR ""the spastics"" OR ""spastic diplegic""",2000,8
T2_spastic_clinical,"""spastic child"" OR ""spastic children"" OR ""the spastics"" OR ""spastic diplegic""",2001,13
T2_spastic_clinical,"""spastic child"" OR ""spastic children"" OR ""the spastics"" OR ""spastic diplegic""",2002,10
T2_spastic_clinical,"""spastic child"" OR ""spastic children"" OR ""the spastics"" OR ""spastic diplegic""",2003,8
T2_spastic_clinical,"""spastic child"" OR ""spastic children"" OR ""the spastics"" OR ""spastic diplegic""",2004,16
T2_spastic_clinical,"""spastic child"" OR ""spastic children"" OR ""the spastics"" OR ""spastic diplegic""",2005,14
T2_spastic_clinical,"""spastic child"" OR ""spastic children"" OR ""the spastics"" OR ""spastic diplegic""",2006,16
T2_spastic_clinical,"""spastic child"" OR ""spastic children"" OR ""the spastics"" OR ""spastic diplegic""",2007,28
T2_spastic_clinical,"""spastic child"" OR ""spastic children"" OR ""the spastics"" OR ""spastic diplegic""",2008,19
T2_spastic_clinical,"""spastic child"" OR ""spastic children"" OR ""the spastics"" OR ""spastic diplegic""",2009,23
T2_spastic_clinical,"""spastic child"" OR ""spastic children"" OR ""the spastics"" OR ""spastic diplegic""",2010,26
T2_spastic_clinical,"""spastic child"" OR ""spastic children"" OR ""the spastics"" OR ""spastic diplegic""",2011,16
T2_spastic_clinical,"""spastic child"" OR ""spastic children"" OR ""the spastics"" OR ""spastic diplegic""",2012,23
T2_spastic_clinical,"""spastic child"" OR ""spastic children"" OR ""the spastics"" OR ""spastic diplegic""",2013,23
T2_spastic_clinical,"""spastic child"" OR ""spastic children"" OR ""the spastics"" OR ""spastic diplegic""",2014,19
T2_spastic_clinical,"""spastic child"" OR ""spastic children"" OR ""the spastics"" OR ""spastic diplegic""",2015,15
T2_spastic_clinical,"""spastic child"" OR ""spastic children"" OR ""the spastics"" OR ""spastic diplegic""",2016,13
T2_spastic_clinical,"""spastic child"" OR ""spastic children"" OR ""the spastics"" OR ""spastic diplegic""",2017,17
T2_spastic_clinical,"""spastic child"" OR ""spastic children"" OR ""the spastics"" OR ""spastic diplegic""",2018,16
T2_spastic_clinical,"""spastic child"" OR ""spastic children"" OR ""the spastics"" OR ""spastic diplegic""",2019,20
T2_spastic_clinical,"""spastic child"" OR ""spastic children"" OR ""the spastics"" OR ""spastic diplegic""",2020,14
T2_spastic_clinical,"""spastic child"" OR ""spastic children"" OR ""the spastics"" OR ""spastic diplegic""",2021,20
T2_spastic_clinical,"""spastic child"" OR ""spastic children"" OR ""the spastics"" OR ""spastic diplegic""",2022,17
T2_spastic_clinical,"""spastic child"" OR ""spastic children"" OR ""the spastics"" OR ""spastic diplegic""",2023,15
T2_spastic_clinical,"""spastic child"" OR ""spastic children"" OR ""the spastics"" OR ""spastic diplegic""",2024,29
T2_junkie,junkie OR junkies,1950,0
T2_junkie,junkie OR junkies,1951,0
T2_junkie,junkie OR junkies,1952,0
T2_junkie,junkie OR junkies,1953,0
T2_junkie,junkie OR junkies,1954,0
T2_junkie,junkie OR junkies,1955,0
T2_junkie,junkie OR junkies,1956,0
T2_junkie,junkie OR junkies,1957,0
T2_junkie,junkie OR junkies,1958,0
T2_junkie,junkie OR junkies,1959,0
T2_junkie,junkie OR junkies,1960,0
T2_junkie,junkie OR junkies,1961,0
T2_junkie,junkie OR junkies,1962,0
T2_junkie,junkie OR junkies,1963,0
T2_junkie,junkie OR junkies,1964,0
T2_junkie,junkie OR junkies,1965,0
T2_junkie,junkie OR junkies,1966,0
T2_junkie,junkie OR junkies,1967,0
T2_junkie,junkie OR junkies,1968,2
T2_junkie,junkie OR junkies,1969,0
T2_junkie,junkie OR junkies,1970,1
T2_junkie,junkie OR junkies,1971,1
T2_junkie,junkie OR junkies,1972,2
T2_junkie,junkie OR junkies,1973,4
T2_junkie,junkie OR junkies,1974,3
T2_junkie,junkie OR junkies,1975,1
T2_junkie,junkie OR junkies,1976,1
T2_junkie,junkie OR junkies,1977,2
T2_junkie,junkie OR junkies,1978,0
T2_junkie,junkie OR junkies,1979,0
T2_junkie,junkie OR junkies,1980,1
T2_junkie,junkie OR junkies,1981,0
T2_junkie,junkie OR junkies,1982,0
T2_junkie,junkie OR junkies,1983,2
T2_junkie,junkie OR junkies,1984,1
T2_junkie,junkie OR junkies,1985,0
T2_junkie,junkie OR junkies,1986,0
T2_junkie,junkie OR junkies,1987,0
T2_junkie,junkie OR junkies,1988,2
T2_junkie,junkie OR junkies,1989,0
T2_junkie,junkie OR junkies,1990,2
T2_junkie,junkie OR junkies,1991,4
T2_junkie,junkie OR junkies,1992,3
T2_junkie,junkie OR junkies,1993,0
T2_junkie,junkie OR junkies,1994,1
T2_junkie,junkie OR junkies,1995,2
T2_junkie,junkie OR junkies,1996,0
T2_junkie,junkie OR junkies,1997,0
T2_junkie,junkie OR junkies,1998,3
T2_junkie,junkie OR junkies,1999,3
T2_junkie,junkie OR junkies,2000,1
T2_junkie,junkie OR junkies,2001,3
T2_junkie,junkie OR junkies,2002,2
T2_junkie,junkie OR junkies,2003,1
T2_junkie,junkie OR junkies,2004,2
T2_junkie,junkie OR junkies,2005,1
T2_junkie,junkie OR junkies,2006,1
T2_junkie,junkie OR junkies,2007,1
T2_junkie,junkie OR junkies,2008,2
T2_junkie,junkie OR junkies,2009,1
T2_junkie,junkie OR junkies,2010,1
T2_junkie,junkie OR junkies,2011,2
T2_junkie,junkie OR junkies,2012,5
T2_junkie,junkie OR junkies,2013,5
T2_junkie,junkie OR junkies,2014,2
T2_junkie,junkie OR junkies,2015,3
T2_junkie,junkie OR junkies,2016,1
T2_junkie,junkie OR junkies,2017,3
T2_junkie,junkie OR junkies,2018,1
T2_junkie,junkie OR junkies,2019,3
T2_junkie,junkie OR junkies,2020,4
T2_junkie,junkie OR junkies,2021,4
T2_junkie,junkie OR junkies,2022,1
T2_junkie,junkie OR junkies,2023,3
T2_junkie,junkie OR junkies,2024,0
T2_dope_fiend,"""dope fiend"" OR ""dope fiends"" OR ""dope addict"" OR ""dope addicts""",1950,0
T2_dope_fiend,"""dope fiend"" OR ""dope fiends"" OR ""dope addict"" OR ""dope addicts""",1951,0
T2_dope_fiend,"""dope fiend"" OR ""dope fiends"" OR ""dope addict"" OR ""dope addicts""",1952,0
T2_dope_fiend,"""dope fiend"" OR ""dope fiends"" OR ""dope addict"" OR ""dope addicts""",1953,0
T2_dope_fiend,"""dope fiend"" OR ""dope fiends"" OR ""dope addict"" OR ""dope addicts""",1954,0
T2_dope_fiend,"""dope fiend"" OR ""dope fiends"" OR ""dope addict"" OR ""dope addicts""",1955,0
T2_dope_fiend,"""dope fiend"" OR ""dope fiends"" OR ""dope addict"" OR ""dope addicts""",1956,0
T2_dope_fiend,"""dope fiend"" OR ""dope fiends"" OR ""dope addict"" OR ""dope addicts""",1957,0
T2_dope_fiend,"""dope fiend"" OR ""dope fiends"" OR ""dope addict"" OR ""dope addicts""",1958,0
T2_dope_fiend,"""dope fiend"" OR ""dope fiends"" OR ""dope addict"" OR ""dope addicts""",1959,0
T2_dope_fiend,"""dope fiend"" OR ""dope fiends"" OR ""dope addict"" OR ""dope addicts""",1960,0
T2_dope_fiend,"""dope fiend"" OR ""dope fiends"" OR ""dope addict"" OR ""dope addicts""",1961,0
T2_dope_fiend,"""dope fiend"" OR ""dope fiends"" OR ""dope addict"" OR ""dope addicts""",1962,0
T2_dope_fiend,"""dope fiend"" OR ""dope fiends"" OR ""dope addict"" OR ""dope addicts""",1963,0
T2_dope_fiend,"""dope fiend"" OR ""dope fiends"" OR ""dope addict"" OR ""dope addicts""",1964,0
T2_dope_fiend,"""dope fiend"" OR ""dope fiends"" OR ""dope addict"" OR ""dope addicts""",1965,0
T2_dope_fiend,"""dope fiend"" OR ""dope fiends"" OR ""dope addict"" OR ""dope addicts""",1966,0
T2_dope_fiend,"""dope fiend"" OR ""dope fiends"" OR ""dope addict"" OR ""dope addicts""",1967,0
T2_dope_fiend,"""dope fiend"" OR ""dope fiends"" OR ""dope addict"" OR ""dope addicts""",1968,0
T2_dope_fiend,"""dope fiend"" OR ""dope fiends"" OR ""dope addict"" OR ""dope addicts""",1969,0
T2_dope_fiend,"""dope fiend"" OR ""dope fiends"" OR ""dope addict"" OR ""dope addicts""",1970,0
T2_dope_fiend,"""dope fiend"" OR ""dope fiends"" OR ""dope addict"" OR ""dope addicts""",1971,0
T2_dope_fiend,"""dope fiend"" OR ""dope fiends"" OR ""dope addict"" OR ""dope addicts""",1972,2
T2_dope_fiend,"""dope fiend"" OR ""dope fiends"" OR ""dope addict"" OR ""dope addicts""",1973,0
T2_dope_fiend,"""dope fiend"" OR ""dope fiends"" OR ""dope addict"" OR ""dope addicts""",1974,0
T2_dope_fiend,"""dope fiend"" OR ""dope fiends"" OR ""dope addict"" OR ""dope addicts""",1975,0
T2_dope_fiend,"""dope fiend"" OR ""dope fiends"" OR ""dope addict"" OR ""dope addicts""",1976,0
T2_dope_fiend,"""dope fiend"" OR ""dope fiends"" OR ""dope addict"" OR ""dope addicts""",1977,0
T2_dope_fiend,"""dope fiend"" OR ""dope fiends"" OR ""dope addict"" OR ""dope addicts""",1978,0
T2_dope_fiend,"""dope fiend"" OR ""dope fiends"" OR ""dope addict"" OR ""dope addicts""",1979,0
T2_dope_fiend,"""dope fiend"" OR ""dope fiends"" OR ""dope addict"" OR ""dope addicts""",1980,0
T2_dope_fiend,"""dope fiend"" OR ""dope fiends"" OR ""dope addict"" OR ""dope addicts""",1981,0
T2_dope_fiend,"""dope fiend"" OR ""dope fiends"" OR ""dope addict"" OR ""dope addicts""",1982,0
T2_dope_fiend,"""dope fiend"" OR ""dope fiends"" OR ""dope addict"" OR ""dope addicts""",1983,0
T2_dope_fiend,"""dope fiend"" OR ""dope fiends"" OR ""dope addict"" OR ""dope addicts""",1984,0
T2_dope_fiend,"""dope fiend"" OR ""dope fiends"" OR ""dope addict"" OR ""dope addicts""",1985,1
T2_dope_fiend,"""dope fiend"" OR ""dope fiends"" OR ""dope addict"" OR ""dope addicts""",1986,0
T2_dope_fiend,"""dope fiend"" OR ""dope fiends"" OR ""dope addict"" OR ""dope addicts""",1987,0
T2_dope_fiend,"""dope fiend"" OR ""dope fiends"" OR ""dope addict"" OR ""dope addicts""",1988,0
T2_dope_fiend,"""dope fiend"" OR ""dope fiends"" OR ""dope addict"" OR ""dope addicts""",1989,0
T2_dope_fiend,"""dope fiend"" OR ""dope fiends"" OR ""dope addict"" OR ""dope addicts""",1990,0
T2_dope_fiend,"""dope fiend"" OR ""dope fiends"" OR ""dope addict"" OR ""dope addicts""",1991,0
T2_dope_fiend,"""dope fiend"" OR ""dope fiends"" OR ""dope addict"" OR ""dope addicts""",1992,0
T2_dope_fiend,"""dope fiend"" OR ""dope fiends"" OR ""dope addict"" OR ""dope addicts""",1993,0
T2_dope_fiend,"""dope fiend"" OR ""dope fiends"" OR ""dope addict"" OR ""dope addicts""",1994,1
T2_dope_fiend,"""dope fiend"" OR ""dope fiends"" OR ""dope addict"" OR ""dope addicts""",1995,0
T2_dope_fiend,"""dope fiend"" OR ""dope fiends"" OR ""dope addict"" OR ""dope addicts""",1996,0
T2_dope_fiend,"""dope fiend"" OR ""dope fiends"" OR ""dope addict"" OR ""dope addicts""",1997,0
T2_dope_fiend,"""dope fiend"" OR ""dope fiends"" OR ""dope addict"" OR ""dope addicts""",1998,0
T2_dope_fiend,"""dope fiend"" OR ""dope fiends"" OR ""dope addict"" OR ""dope addicts""",1999,0
T2_dope_fiend,"""dope fiend"" OR ""dope fiends"" OR ""dope addict"" OR ""dope addicts""",2000,0
T2_dope_fiend,"""dope fiend"" OR ""dope fiends"" OR ""dope addict"" OR ""dope addicts""",2001,0
T2_dope_fiend,"""dope fiend"" OR ""dope fiends"" OR ""dope addict"" OR ""dope addicts""",2002,0
T2_dope_fiend,"""dope fiend"" OR ""dope fiends"" OR ""dope addict"" OR ""dope addicts""",2003,0
T2_dope_fiend,"""dope fiend"" OR ""dope fiends"" OR ""dope addict"" OR ""dope addicts""",2004,0
T2_dope_fiend,"""dope fiend"" OR ""dope fiends"" OR ""dope addict"" OR ""dope addicts""",2005,0
T2_dope_fiend,"""dope fiend"" OR ""dope fiends"" OR ""dope addict"" OR ""dope addicts""",2006,0
T2_dope_fiend,"""dope fiend"" OR ""dope fiends"" OR ""dope addict"" OR ""dope addicts""",2007,0
T2_dope_fiend,"""dope fiend"" OR ""dope fiends"" OR ""dope addict"" OR ""dope addicts""",2008,0
T2_dope_fiend,"""dope fiend"" OR ""dope fiends"" OR ""dope addict"" OR ""dope addicts""",2009,0
T2_dope_fiend,"""dope fiend"" OR ""dope fiends"" OR ""dope addict"" OR ""dope addicts""",2010,1
T2_dope_fiend,"""dope fiend"" OR ""dope fiends"" OR ""dope addict"" OR ""dope addicts""",2011,0
T2_dope_fiend,"""dope fiend"" OR ""dope fiends"" OR ""dope addict"" OR ""dope addicts""",2012,0
T2_dope_fiend,"""dope fiend"" OR ""dope fiends"" OR ""dope addict"" OR ""dope addicts""",2013,0
T2_dope_fiend,"""dope fiend"" OR ""dope fiends"" OR ""dope addict"" OR ""dope addicts""",2014,0
T2_dope_fiend,"""dope fiend"" OR ""dope fiends"" OR ""dope addict"" OR ""dope addicts""",2015,0
T2_dope_fiend,"""dope fiend"" OR ""dope fiends"" OR ""dope addict"" OR ""dope addicts""",2016,0
T2_dope_fiend,"""dope fiend"" OR ""dope fiends"" OR ""dope addict"" OR ""dope addicts""",2017,0
T2_dope_fiend,"""dope fiend"" OR ""dope fiends"" OR ""dope addict"" OR ""dope addicts""",2018,0
T2_dope_fiend,"""dope fiend"" OR ""dope fiends"" OR ""dope addict"" OR ""dope addicts""",2019,0
T2_dope_fiend,"""dope fiend"" OR ""dope fiends"" OR ""dope addict"" OR ""dope addicts""",2020,0
T2_dope_fiend,"""dope fiend"" OR ""dope fiends"" OR ""dope addict"" OR ""dope addicts""",2021,0
T2_dope_fiend,"""dope fiend"" OR ""dope fiends"" OR ""dope addict"" OR ""dope addicts""",2022,0
T2_dope_fiend,"""dope fiend"" OR ""dope fiends"" OR ""dope addict"" OR ""dope addicts""",2023,0
T2_dope_fiend,"""dope fiend"" OR ""dope fiends"" OR ""dope addict"" OR ""dope addicts""",2024,0
T2_illegitimate,"""illegitimate child"" OR ""illegitimate children"" OR illegitimacy",1950,13
T2_illegitimate,"""illegitimate child"" OR ""illegitimate children"" OR illegitimacy",1951,10
T2_illegitimate,"""illegitimate child"" OR ""illegitimate children"" OR illegitimacy",1952,12
T2_illegitimate,"""illegitimate child"" OR ""illegitimate children"" OR illegitimacy",1953,9
T2_illegitimate,"""illegitimate child"" OR ""illegitimate children"" OR illegitimacy",1954,13
T2_illegitimate,"""illegitimate child"" OR ""illegitimate children"" OR illegitimacy",1955,11
T2_illegitimate,"""illegitimate child"" OR ""illegitimate children"" OR illegitimacy",1956,9
T2_illegitimate,"""illegitimate child"" OR ""illegitimate children"" OR illegitimacy",1957,4
T2_illegitimate,"""illegitimate child"" OR ""illegitimate children"" OR illegitimacy",1958,8
T2_illegitimate,"""illegitimate child"" OR ""illegitimate children"" OR illegitimacy",1959,10
T2_illegitimate,"""illegitimate child"" OR ""illegitimate children"" OR illegitimacy",1960,19
T2_illegitimate,"""illegitimate child"" OR ""illegitimate children"" OR illegitimacy",1961,15
T2_illegitimate,"""illegitimate child"" OR ""illegitimate children"" OR illegitimacy",1962,16
T2_illegitimate,"""illegitimate child"" OR ""illegitimate children"" OR illegitimacy",1963,26
T2_illegitimate,"""illegitimate child"" OR ""illegitimate children"" OR illegitimacy",1964,29
T2_illegitimate,"""illegitimate child"" OR ""illegitimate children"" OR illegitimacy",1965,38
T2_illegitimate,"""illegitimate child"" OR ""illegitimate children"" OR illegitimacy",1966,7
T2_illegitimate,"""illegitimate child"" OR ""illegitimate children"" OR illegitimacy",1967,10
T2_illegitimate,"""illegitimate child"" OR ""illegitimate children"" OR illegitimacy",1968,9
T2_illegitimate,"""illegitimate child"" OR ""illegitimate children"" OR illegitimacy",1969,10
T2_illegitimate,"""illegitimate child"" OR ""illegitimate children"" OR illegitimacy",1970,10
T2_illegitimate,"""illegitimate child"" OR ""illegitimate children"" OR illegitimacy",1971,10
T2_illegitimate,"""illegitimate child"" OR ""illegitimate children"" OR illegitimacy",1972,8
T2_illegitimate,"""illegitimate child"" OR ""illegitimate children"" OR illegitimacy",1973,7
T2_illegitimate,"""illegitimate child"" OR ""illegitimate children"" OR illegitimacy",1974,12
T2_illegitimate,"""illegitimate child"" OR ""illegitimate children"" OR illegitimacy",1975,13
T2_illegitimate,"""illegitimate child"" OR ""illegitimate children"" OR illegitimacy",1976,10
T2_illegitimate,"""illegitimate child"" OR ""illegitimate children"" OR illegitimacy",1977,12
T2_illegitimate,"""illegitimate child"" OR ""illegitimate children"" OR illegitimacy",1978,3
T2_illegitimate,"""illegitimate child"" OR ""illegitimate children"" OR illegitimacy",1979,9
T2_illegitimate,"""illegitimate child"" OR ""illegitimate children"" OR illegitimacy",1980,8
T2_illegitimate,"""illegitimate child"" OR ""illegitimate children"" OR illegitimacy",1981,12
T2_illegitimate,"""illegitimate child"" OR ""illegitimate children"" OR illegitimacy",1982,12
T2_illegitimate,"""illegitimate child"" OR ""illegitimate children"" OR illegitimacy",1983,7
T2_illegitimate,"""illegitimate child"" OR ""illegitimate children"" OR illegitimacy",1984,15
T2_illegitimate,"""illegitimate child"" OR ""illegitimate children"" OR illegitimacy",1985,15
T2_illegitimate,"""illegitimate child"" OR ""illegitimate children"" OR illegitimacy",1986,10
T2_illegitimate,"""illegitimate child"" OR ""illegitimate children"" OR illegitimacy",1987,21
T2_illegitimate,"""illegitimate child"" OR ""illegitimate children"" OR illegitimacy",1988,28
T2_illegitimate,"""illegitimate child"" OR ""illegitimate children"" OR illegitimacy",1989,15
T2_illegitimate,"""illegitimate child"" OR ""illegitimate children"" OR illegitimacy",1990,14
T2_illegitimate,"""illegitimate child"" OR ""illegitimate children"" OR illegitimacy",1991,9
T2_illegitimate,"""illegitimate child"" OR ""illegitimate children"" OR illegitimacy",1992,17
T2_illegitimate,"""illegitimate child"" OR ""illegitimate children"" OR illegitimacy",1993,7
T2_illegitimate,"""illegitimate child"" OR ""illegitimate children"" OR illegitimacy",1994,14
T2_illegitimate,"""illegitimate child"" OR ""illegitimate children"" OR illegitimacy",1995,12
T2_illegitimate,"""illegitimate child"" OR ""illegitimate children"" OR illegitimacy",1996,10
T2_illegitimate,"""illegitimate child"" OR ""illegitimate children"" OR illegitimacy",1997,6
T2_illegitimate,"""illegitimate child"" OR ""illegitimate children"" OR illegitimacy",1998,3
T2_illegitimate,"""illegitimate child"" OR ""illegitimate children"" OR illegitimacy",1999,9
T2_illegitimate,"""illegitimate child"" OR ""illegitimate children"" OR illegitimacy",2000,1
T2_illegitimate,"""illegitimate child"" OR ""illegitimate children"" OR illegitimacy",2001,5
T2_illegitimate,"""illegitimate child"" OR ""illegitimate children"" OR illegitimacy",2002,9
T2_illegitimate,"""illegitimate child"" OR ""illegitimate children"" OR illegitimacy",2003,6
T2_illegitimate,"""illegitimate child"" OR ""illegitimate children"" OR illegitimacy",2004,3
T2_illegitimate,"""illegitimate child"" OR ""illegitimate children"" OR illegitimacy",2005,4
T2_illegitimate,"""illegitimate child"" OR ""illegitimate children"" OR illegitimacy",2006,5
T2_illegitimate,"""illegitimate child"" OR ""illegitimate children"" OR illegitimacy",2007,8
T2_illegitimate,"""illegitimate child"" OR ""illegitimate children"" OR illegitimacy",2008,4
T2_illegitimate,"""illegitimate child"" OR ""illegitimate children"" OR illegitimacy",2009,4
T2_illegitimate,"""illegitimate child"" OR ""illegitimate children"" OR illegitimacy",2010,3
T2_illegitimate,"""illegitimate child"" OR ""illegitimate children"" OR illegitimacy",2011,9
T2_illegitimate,"""illegitimate child"" OR ""illegitimate children"" OR illegitimacy",2012,4
T2_illegitimate,"""illegitimate child"" OR ""illegitimate children"" OR illegitimacy",2013,5
T2_illegitimate,"""illegitimate child"" OR ""illegitimate children"" OR illegitimacy",2014,9
T2_illegitimate,"""illegitimate child"" OR ""illegitimate children"" OR illegitimacy",2015,4
T2_illegitimate,"""illegitimate child"" OR ""illegitimate children"" OR illegitimacy",2016,5
T2_illegitimate,"""illegitimate child"" OR ""illegitimate children"" OR illegitimacy",2017,4
T2_illegitimate,"""illegitimate child"" OR ""illegitimate children"" OR illegitimacy",2018,11
T2_illegitimate,"""illegitimate child"" OR ""illegitimate children"" OR illegitimacy",2019,7
T2_illegitimate,"""illegitimate child"" OR ""illegitimate children"" OR illegitimacy",2020,15
T2_illegitimate,"""illegitimate child"" OR ""illegitimate children"" OR illegitimacy",2021,13
T2_illegitimate,"""illegitimate child"" OR ""illegitimate children"" OR illegitimacy",2022,16
T2_illegitimate,"""illegitimate child"" OR ""illegitimate children"" OR illegitimacy",2023,12
T2_illegitimate,"""illegitimate child"" OR ""illegitimate children"" OR illegitimacy",2024,7
T2_unwed_mother,"""unwed mother"" OR ""unwed mothers"" OR ""out of wedlock""",1950,0
T2_unwed_mother,"""unwed mother"" OR ""unwed mothers"" OR ""out of wedlock""",1951,1
T2_unwed_mother,"""unwed mother"" OR ""unwed mothers"" OR ""out of wedlock""",1952,2
T2_unwed_mother,"""unwed mother"" OR ""unwed mothers"" OR ""out of wedlock""",1953,0
T2_unwed_mother,"""unwed mother"" OR ""unwed mothers"" OR ""out of wedlock""",1954,2
T2_unwed_mother,"""unwed mother"" OR ""unwed mothers"" OR ""out of wedlock""",1955,1
T2_unwed_mother,"""unwed mother"" OR ""unwed mothers"" OR ""out of wedlock""",1956,2
T2_unwed_mother,"""unwed mother"" OR ""unwed mothers"" OR ""out of wedlock""",1957,0
T2_unwed_mother,"""unwed mother"" OR ""unwed mothers"" OR ""out of wedlock""",1958,2
T2_unwed_mother,"""unwed mother"" OR ""unwed mothers"" OR ""out of wedlock""",1959,0
T2_unwed_mother,"""unwed mother"" OR ""unwed mothers"" OR ""out of wedlock""",1960,2
T2_unwed_mother,"""unwed mother"" OR ""unwed mothers"" OR ""out of wedlock""",1961,2
T2_unwed_mother,"""unwed mother"" OR ""unwed mothers"" OR ""out of wedlock""",1962,0
T2_unwed_mother,"""unwed mother"" OR ""unwed mothers"" OR ""out of wedlock""",1963,3
T2_unwed_mother,"""unwed mother"" OR ""unwed mothers"" OR ""out of wedlock""",1964,1
T2_unwed_mother,"""unwed mother"" OR ""unwed mothers"" OR ""out of wedlock""",1965,9
T2_unwed_mother,"""unwed mother"" OR ""unwed mothers"" OR ""out of wedlock""",1966,6
T2_unwed_mother,"""unwed mother"" OR ""unwed mothers"" OR ""out of wedlock""",1967,9
T2_unwed_mother,"""unwed mother"" OR ""unwed mothers"" OR ""out of wedlock""",1968,6
T2_unwed_mother,"""unwed mother"" OR ""unwed mothers"" OR ""out of wedlock""",1969,8
T2_unwed_mother,"""unwed mother"" OR ""unwed mothers"" OR ""out of wedlock""",1970,3
T2_unwed_mother,"""unwed mother"" OR ""unwed mothers"" OR ""out of wedlock""",1971,7
T2_unwed_mother,"""unwed mother"" OR ""unwed mothers"" OR ""out of wedlock""",1972,7
T2_unwed_mother,"""unwed mother"" OR ""unwed mothers"" OR ""out of wedlock""",1973,6
T2_unwed_mother,"""unwed mother"" OR ""unwed mothers"" OR ""out of wedlock""",1974,6
T2_unwed_mother,"""unwed mother"" OR ""unwed mothers"" OR ""out of wedlock""",1975,9
T2_unwed_mother,"""unwed mother"" OR ""unwed mothers"" OR ""out of wedlock""",1976,11
T2_unwed_mother,"""unwed mother"" OR ""unwed mothers"" OR ""out of wedlock""",1977,6
T2_unwed_mother,"""unwed mother"" OR ""unwed mothers"" OR ""out of wedlock""",1978,6
T2_unwed_mother,"""unwed mother"" OR ""unwed mothers"" OR ""out of wedlock""",1979,11
T2_unwed_mother,"""unwed mother"" OR ""unwed mothers"" OR ""out of wedlock""",1980,10
T2_unwed_mother,"""unwed mother"" OR ""unwed mothers"" OR ""out of wedlock""",1981,3
T2_unwed_mother,"""unwed mother"" OR ""unwed mothers"" OR ""out of wedlock""",1982,6
T2_unwed_mother,"""unwed mother"" OR ""unwed mothers"" OR ""out of wedlock""",1983,9
T2_unwed_mother,"""unwed mother"" OR ""unwed mothers"" OR ""out of wedlock""",1984,10
T2_unwed_mother,"""unwed mother"" OR ""unwed mothers"" OR ""out of wedlock""",1985,11
T2_unwed_mother,"""unwed mother"" OR ""unwed mothers"" OR ""out of wedlock""",1986,9
T2_unwed_mother,"""unwed mother"" OR ""unwed mothers"" OR ""out of wedlock""",1987,11
T2_unwed_mother,"""unwed mother"" OR ""unwed mothers"" OR ""out of wedlock""",1988,13
T2_unwed_mother,"""unwed mother"" OR ""unwed mothers"" OR ""out of wedlock""",1989,7
T2_unwed_mother,"""unwed mother"" OR ""unwed mothers"" OR ""out of wedlock""",1990,12
T2_unwed_mother,"""unwed mother"" OR ""unwed mothers"" OR ""out of wedlock""",1991,9
T2_unwed_mother,"""unwed mother"" OR ""unwed mothers"" OR ""out of wedlock""",1992,12
T2_unwed_mother,"""unwed mother"" OR ""unwed mothers"" OR ""out of wedlock""",1993,7
T2_unwed_mother,"""unwed mother"" OR ""unwed mothers"" OR ""out of wedlock""",1994,13
T2_unwed_mother,"""unwed mother"" OR ""unwed mothers"" OR ""out of wedlock""",1995,6
T2_unwed_mother,"""unwed mother"" OR ""unwed mothers"" OR ""out of wedlock""",1996,7
T2_unwed_mother,"""unwed mother"" OR ""unwed mothers"" OR ""out of wedlock""",1997,12
T2_unwed_mother,"""unwed mother"" OR ""unwed mothers"" OR ""out of wedlock""",1998,9
T2_unwed_mother,"""unwed mother"" OR ""unwed mothers"" OR ""out of wedlock""",1999,7
T2_unwed_mother,"""unwed mother"" OR ""unwed mothers"" OR ""out of wedlock""",2000,1
T2_unwed_mother,"""unwed mother"" OR ""unwed mothers"" OR ""out of wedlock""",2001,3
T2_unwed_mother,"""unwed mother"" OR ""unwed mothers"" OR ""out of wedlock""",2002,4
T2_unwed_mother,"""unwed mother"" OR ""unwed mothers"" OR ""out of wedlock""",2003,4
T2_unwed_mother,"""unwed mother"" OR ""unwed mothers"" OR ""out of wedlock""",2004,2
T2_unwed_mother,"""unwed mother"" OR ""unwed mothers"" OR ""out of wedlock""",2005,4
T2_unwed_mother,"""unwed mother"" OR ""unwed mothers"" OR ""out of wedlock""",2006,4
T2_unwed_mother,"""unwed mother"" OR ""unwed mothers"" OR ""out of wedlock""",2007,7
T2_unwed_mother,"""unwed mother"" OR ""unwed mothers"" OR ""out of wedlock""",2008,3
T2_unwed_mother,"""unwed mother"" OR ""unwed mothers"" OR ""out of wedlock""",2009,4
T2_unwed_mother,"""unwed mother"" OR ""unwed mothers"" OR ""out of wedlock""",2010,6
T2_unwed_mother,"""unwed mother"" OR ""unwed mothers"" OR ""out of wedlock""",2011,5
T2_unwed_mother,"""unwed mother"" OR ""unwed mothers"" OR ""out of wedlock""",2012,7
T2_unwed_mother,"""unwed mother"" OR ""unwed mothers"" OR ""out of wedlock""",2013,5
T2_unwed_mother,"""unwed mother"" OR ""unwed mothers"" OR ""out of wedlock""",2014,7
T2_unwed_mother,"""unwed mother"" OR ""unwed mothers"" OR ""out of wedlock""",2015,5
T2_unwed_mother,"""unwed mother"" OR ""unwed mothers"" OR ""out of wedlock""",2016,5
T2_unwed_mother,"""unwed mother"" OR ""unwed mothers"" OR ""out of wedlock""",2017,7
T2_unwed_mother,"""unwed mother"" OR ""unwed mothers"" OR ""out of wedlock""",2018,11
T2_unwed_mother,"""unwed mother"" OR ""unwed mothers"" OR ""out of wedlock""",2019,4
T2_unwed_mother,"""unwed mother"" OR ""unwed mothers"" OR ""out of wedlock""",2020,3
T2_unwed_mother,"""unwed mother"" OR ""unwed mothers"" OR ""out of wedlock""",2021,5
T2_unwed_mother,"""unwed mother"" OR ""unwed mothers"" OR ""out of wedlock""",2022,3
T2_unwed_mother,"""unwed mother"" OR ""unwed mothers"" OR ""out of wedlock""",2023,3
T2_unwed_mother,"""unwed mother"" OR ""unwed mothers"" OR ""out of wedlock""",2024,4
T2_hysteria,"hysteria OR hysterical OR hysterics OR ""hysterical neurosis""",1950,25
T2_hysteria,"hysteria OR hysterical OR hysterics OR ""hysterical neurosis""",1951,37
T2_hysteria,"hysteria OR hysterical OR hysterics OR ""hysterical neurosis""",1952,41
T2_hysteria,"hysteria OR hysterical OR hysterics OR ""hysterical neurosis""",1953,51
T2_hysteria,"hysteria OR hysterical OR hysterics OR ""hysterical neurosis""",1954,27
T2_hysteria,"hysteria OR hysterical OR hysterics OR ""hysterical neurosis""",1955,46
T2_hysteria,"hysteria OR hysterical OR hysterics OR ""hysterical neurosis""",1956,31
T2_hysteria,"hysteria OR hysterical OR hysterics OR ""hysterical neurosis""",1957,23
T2_hysteria,"hysteria OR hysterical OR hysterics OR ""hysterical neurosis""",1958,37
T2_hysteria,"hysteria OR hysterical OR hysterics OR ""hysterical neurosis""",1959,34
T2_hysteria,"hysteria OR hysterical OR hysterics OR ""hysterical neurosis""",1960,25
T2_hysteria,"hysteria OR hysterical OR hysterics OR ""hysterical neurosis""",1961,31
T2_hysteria,"hysteria OR hysterical OR hysterics OR ""hysterical neurosis""",1962,37
T2_hysteria,"hysteria OR hysterical OR hysterics OR ""hysterical neurosis""",1963,87
T2_hysteria,"hysteria OR hysterical OR hysterics OR ""hysterical neurosis""",1964,116
T2_hysteria,"hysteria OR hysterical OR hysterics OR ""hysterical neurosis""",1965,65
T2_hysteria,"hysteria OR hysterical OR hysterics OR ""hysterical neurosis""",1966,32
T2_hysteria,"hysteria OR hysterical OR hysterics OR ""hysterical neurosis""",1967,30
T2_hysteria,"hysteria OR hysterical OR hysterics OR ""hysterical neurosis""",1968,28
T2_hysteria,"hysteria OR hysterical OR hysterics OR ""hysterical neurosis""",1969,37
T2_hysteria,"hysteria OR hysterical OR hysterics OR ""hysterical neurosis""",1970,46
T2_hysteria,"hysteria OR hysterical OR hysterics OR ""hysterical neurosis""",1971,42
T2_hysteria,"hysteria OR hysterical OR hysterics OR ""hysterical neurosis""",1972,30
T2_hysteria,"hysteria OR hysterical OR hysterics OR ""hysterical neurosis""",1973,43
T2_hysteria,"hysteria OR hysterical OR hysterics OR ""hysterical neurosis""",1974,50
T2_hysteria,"hysteria OR hysterical OR hysterics OR ""hysterical neurosis""",1975,78
T2_hysteria,"hysteria OR hysterical OR hysterics OR ""hysterical neurosis""",1976,89
T2_hysteria,"hysteria OR hysterical OR hysterics OR ""hysterical neurosis""",1977,62
T2_hysteria,"hysteria OR hysterical OR hysterics OR ""hysterical neurosis""",1978,57
T2_hysteria,"hysteria OR hysterical OR hysterics OR ""hysterical neurosis""",1979,100
T2_hysteria,"hysteria OR hysterical OR hysterics OR ""hysterical neurosis""",1980,83
T2_hysteria,"hysteria OR hysterical OR hysterics OR ""hysterical neurosis""",1981,84
T2_hysteria,"hysteria OR hysterical OR hysterics OR ""hysterical neurosis""",1982,87
T2_hysteria,"hysteria OR hysterical OR hysterics OR ""hysterical neurosis""",1983,84
T2_hysteria,"hysteria OR hysterical OR hysterics OR ""hysterical neurosis""",1984,76
T2_hysteria,"hysteria OR hysterical OR hysterics OR ""hysterical neurosis""",1985,77
T2_hysteria,"hysteria OR hysterical OR hysterics OR ""hysterical neurosis""",1986,94
T2_hysteria,"hysteria OR hysterical OR hysterics OR ""hysterical neurosis""",1987,54
T2_hysteria,"hysteria OR hysterical OR hysterics OR ""hysterical neurosis""",1988,79
T2_hysteria,"hysteria OR hysterical OR hysterics OR ""hysterical neurosis""",1989,81
T2_hysteria,"hysteria OR hysterical OR hysterics OR ""hysterical neurosis""",1990,91
T2_hysteria,"hysteria OR hysterical OR hysterics OR ""hysterical neurosis""",1991,67
T2_hysteria,"hysteria OR hysterical OR hysterics OR ""hysterical neurosis""",1992,72
T2_hysteria,"hysteria OR hysterical OR hysterics OR ""hysterical neurosis""",1993,64
T2_hysteria,"hysteria OR hysterical OR hysterics OR ""hysterical neurosis""",1994,74
T2_hysteria,"hysteria OR hysterical OR hysterics OR ""hysterical neurosis""",1995,76
T2_hysteria,"hysteria OR hysterical OR hysterics OR ""hysterical neurosis""",1996,58
T2_hysteria,"hysteria OR hysterical OR hysterics OR ""hysterical neurosis""",1997,57
T2_hysteria,"hysteria OR hysterical OR hysterics OR ""hysterical neurosis""",1998,47
T2_hysteria,"hysteria OR hysterical OR hysterics OR ""hysterical neurosis""",1999,48
T2_hysteria,"hysteria OR hysterical OR hysterics OR ""hysterical neurosis""",2000,55
T2_hysteria,"hysteria OR hysterical OR hysterics OR ""hysterical neurosis""",2001,47
T2_hysteria,"hysteria OR hysterical OR hysterics OR ""hysterical neurosis""",2002,58
T2_hysteria,"hysteria OR hysterical OR hysterics OR ""hysterical neurosis""",2003,55
T2_hysteria,"hysteria OR hysterical OR hysterics OR ""hysterical neurosis""",2004,59
T2_hysteria,"hysteria OR hysterical OR hysterics OR ""hysterical neurosis""",2005,46
T2_hysteria,"hysteria OR hysterical OR hysterics OR ""hysterical neurosis""",2006,45
T2_hysteria,"hysteria OR hysterical OR hysterics OR ""hysterical neurosis""",2007,53
T2_hysteria,"hysteria OR hysterical OR hysterics OR ""hysterical neurosis""",2008,42
T2_hysteria,"hysteria OR hysterical OR hysterics OR ""hysterical neurosis""",2009,56
T2_hysteria,"hysteria OR hysterical OR hysterics OR ""hysterical neurosis""",2010,56
T2_hysteria,"hysteria OR hysterical OR hysterics OR ""hysterical neurosis""",2011,64
T2_hysteria,"hysteria OR hysterical OR hysterics OR ""hysterical neurosis""",2012,67
T2_hysteria,"hysteria OR hysterical OR hysterics OR ""hysterical neurosis""",2013,72
T2_hysteria,"hysteria OR hysterical OR hysterics OR ""hysterical neurosis""",2014,91
T2_hysteria,"hysteria OR hysterical OR hysterics OR ""hysterical neurosis""",2015,53
T2_hysteria,"hysteria OR hysterical OR hysterics OR ""hysterical neurosis""",2016,54
T2_hysteria,"hysteria OR hysterical OR hysterics OR ""hysterical neurosis""",2017,49
T2_hysteria,"hysteria OR hysterical OR hysterics OR ""hysterical neurosis""",2018,56
T2_hysteria,"hysteria OR hysterical OR hysterics OR ""hysterical neurosis""",2019,52
T2_hysteria,"hysteria OR hysterical OR hysterics OR ""hysterical neurosis""",2020,63
T2_hysteria,"hysteria OR hysterical OR hysterics OR ""hysterical neurosis""",2021,57
T2_hysteria,"hysteria OR hysterical OR hysterics OR ""hysterical neurosis""",2022,50
T2_hysteria,"hysteria OR hysterical OR hysterics OR ""hysterical neurosis""",2023,51
T2_hysteria,"hysteria OR hysterical OR hysterics OR ""hysterical neurosis""",2024,56
T2_neurasthenia,neurasthenia OR neurasthenic,1950,15
T2_neurasthenia,neurasthenia OR neurasthenic,1951,9
T2_neurasthenia,neurasthenia OR neurasthenic,1952,9
T2_neurasthenia,neurasthenia OR neurasthenic,1953,8
T2_neurasthenia,neurasthenia OR neurasthenic,1954,10
T2_neurasthenia,neurasthenia OR neurasthenic,1955,15
T2_neurasthenia,neurasthenia OR neurasthenic,1956,7
T2_neurasthenia,neurasthenia OR neurasthenic,1957,10
T2_neurasthenia,neurasthenia OR neurasthenic,1958,6
T2_neurasthenia,neurasthenia OR neurasthenic,1959,5
T2_neurasthenia,neurasthenia OR neurasthenic,1960,9
T2_neurasthenia,neurasthenia OR neurasthenic,1961,10
T2_neurasthenia,neurasthenia OR neurasthenic,1962,15
T2_neurasthenia,neurasthenia OR neurasthenic,1963,44
T2_neurasthenia,neurasthenia OR neurasthenic,1964,38
T2_neurasthenia,neurasthenia OR neurasthenic,1965,9
T2_neurasthenia,neurasthenia OR neurasthenic,1966,6
T2_neurasthenia,neurasthenia OR neurasthenic,1967,6
T2_neurasthenia,neurasthenia OR neurasthenic,1968,6
T2_neurasthenia,neurasthenia OR neurasthenic,1969,8
T2_neurasthenia,neurasthenia OR neurasthenic,1970,6
T2_neurasthenia,neurasthenia OR neurasthenic,1971,6
T2_neurasthenia,neurasthenia OR neurasthenic,1972,8
T2_neurasthenia,neurasthenia OR neurasthenic,1973,4
T2_neurasthenia,neurasthenia OR neurasthenic,1974,7
T2_neurasthenia,neurasthenia OR neurasthenic,1975,11
T2_neurasthenia,neurasthenia OR neurasthenic,1976,15
T2_neurasthenia,neurasthenia OR neurasthenic,1977,8
T2_neurasthenia,neurasthenia OR neurasthenic,1978,9
T2_neurasthenia,neurasthenia OR neurasthenic,1979,10
T2_neurasthenia,neurasthenia OR neurasthenic,1980,9
T2_neurasthenia,neurasthenia OR neurasthenic,1981,7
T2_neurasthenia,neurasthenia OR neurasthenic,1982,11
T2_neurasthenia,neurasthenia OR neurasthenic,1983,9
T2_neurasthenia,neurasthenia OR neurasthenic,1984,8
T2_neurasthenia,neurasthenia OR neurasthenic,1985,9
T2_neurasthenia,neurasthenia OR neurasthenic,1986,12
T2_neurasthenia,neurasthenia OR neurasthenic,1987,7
T2_neurasthenia,neurasthenia OR neurasthenic,1988,12
T2_neurasthenia,neurasthenia OR neurasthenic,1989,31
T2_neurasthenia,neurasthenia OR neurasthenic,1990,15
T2_neurasthenia,neurasthenia OR neurasthenic,1991,12
T2_neurasthenia,neurasthenia OR neurasthenic,1992,12
T2_neurasthenia,neurasthenia OR neurasthenic,1993,14
T2_neurasthenia,neurasthenia OR neurasthenic,1994,19
T2_neurasthenia,neurasthenia OR neurasthenic,1995,9
T2_neurasthenia,neurasthenia OR neurasthenic,1996,18
T2_neurasthenia,neurasthenia OR neurasthenic,1997,22
T2_neurasthenia,neurasthenia OR neurasthenic,1998,13
T2_neurasthenia,neurasthenia OR neurasthenic,1999,14
T2_neurasthenia,neurasthenia OR neurasthenic,2000,12
T2_neurasthenia,neurasthenia OR neurasthenic,2001,29
T2_neurasthenia,neurasthenia OR neurasthenic,2002,17
T2_neurasthenia,neurasthenia OR neurasthenic,2003,19
T2_neurasthenia,neurasthenia OR neurasthenic,2004,11
T2_neurasthenia,neurasthenia OR neurasthenic,2005,20
T2_neurasthenia,neurasthenia OR neurasthenic,2006,12
T2_neurasthenia,neurasthenia OR neurasthenic,2007,16
T2_neurasthenia,neurasthenia OR neurasthenic,2008,16
T2_neurasthenia,neurasthenia OR neurasthenic,2009,12
T2_neurasthenia,neurasthenia OR neurasthenic,2010,12
T2_neurasthenia,neurasthenia OR neurasthenic,2011,16
T2_neurasthenia,neurasthenia OR neurasthenic,2012,22
T2_neurasthenia,neurasthenia OR neurasthenic,2013,20
T2_neurasthenia,neurasthenia OR neurasthenic,2014,13
T2_neurasthenia,neurasthenia OR neurasthenic,2015,14
T2_neurasthenia,neurasthenia OR neurasthenic,2016,17
T2_neurasthenia,neurasthenia OR neurasthenic,2017,15
T2_neurasthenia,neurasthenia OR neurasthenic,2018,12
T2_neurasthenia,neurasthenia OR neurasthenic,2019,18
T2_neurasthenia,neurasthenia OR neurasthenic,2020,24
T2_neurasthenia,neurasthenia OR neurasthenic,2021,23
T2_neurasthenia,neurasthenia OR neurasthenic,2022,18
T2_neurasthenia,neurasthenia OR neurasthenic,2023,8
T2_neurasthenia,neurasthenia OR neurasthenic,2024,24
T2_moral_insanity,"""moral insanity"" OR ""moral imbecile"" OR ""moral imbecility""",1950,0
T2_moral_insanity,"""moral insanity"" OR ""moral imbecile"" OR ""moral imbecility""",1951,0
T2_moral_insanity,"""moral insanity"" OR ""moral imbecile"" OR ""moral imbecility""",1952,0
T2_moral_insanity,"""moral insanity"" OR ""moral imbecile"" OR ""moral imbecility""",1953,0
T2_moral_insanity,"""moral insanity"" OR ""moral imbecile"" OR ""moral imbecility""",1954,0
T2_moral_insanity,"""moral insanity"" OR ""moral imbecile"" OR ""moral imbecility""",1955,0
T2_moral_insanity,"""moral insanity"" OR ""moral imbecile"" OR ""moral imbecility""",1956,1
T2_moral_insanity,"""moral insanity"" OR ""moral imbecile"" OR ""moral imbecility""",1957,0
T2_moral_insanity,"""moral insanity"" OR ""moral imbecile"" OR ""moral imbecility""",1958,0
T2_moral_insanity,"""moral insanity"" OR ""moral imbecile"" OR ""moral imbecility""",1959,2
T2_moral_insanity,"""moral insanity"" OR ""moral imbecile"" OR ""moral imbecility""",1960,0
T2_moral_insanity,"""moral insanity"" OR ""moral imbecile"" OR ""moral imbecility""",1961,0
T2_moral_insanity,"""moral insanity"" OR ""moral imbecile"" OR ""moral imbecility""",1962,2
T2_moral_insanity,"""moral insanity"" OR ""moral imbecile"" OR ""moral imbecility""",1963,0
T2_moral_insanity,"""moral insanity"" OR ""moral imbecile"" OR ""moral imbecility""",1964,0
T2_moral_insanity,"""moral insanity"" OR ""moral imbecile"" OR ""moral imbecility""",1965,0
T2_moral_insanity,"""moral insanity"" OR ""moral imbecile"" OR ""moral imbecility""",1966,1
T2_moral_insanity,"""moral insanity"" OR ""moral imbecile"" OR ""moral imbecility""",1967,0
T2_moral_insanity,"""moral insanity"" OR ""moral imbecile"" OR ""moral imbecility""",1968,0
T2_moral_insanity,"""moral insanity"" OR ""moral imbecile"" OR ""moral imbecility""",1969,0
T2_moral_insanity,"""moral insanity"" OR ""moral imbecile"" OR ""moral imbecility""",1970,0
T2_moral_insanity,"""moral insanity"" OR ""moral imbecile"" OR ""moral imbecility""",1971,0
T2_moral_insanity,"""moral insanity"" OR ""moral imbecile"" OR ""moral imbecility""",1972,0
T2_moral_insanity,"""moral insanity"" OR ""moral imbecile"" OR ""moral imbecility""",1973,0
T2_moral_insanity,"""moral insanity"" OR ""moral imbecile"" OR ""moral imbecility""",1974,0
T2_moral_insanity,"""moral insanity"" OR ""moral imbecile"" OR ""moral imbecility""",1975,1
T2_moral_insanity,"""moral insanity"" OR ""moral imbecile"" OR ""moral imbecility""",1976,0
T2_moral_insanity,"""moral insanity"" OR ""moral imbecile"" OR ""moral imbecility""",1977,0
T2_moral_insanity,"""moral insanity"" OR ""moral imbecile"" OR ""moral imbecility""",1978,0
T2_moral_insanity,"""moral insanity"" OR ""moral imbecile"" OR ""moral imbecility""",1979,1
T2_moral_insanity,"""moral insanity"" OR ""moral imbecile"" OR ""moral imbecility""",1980,0
T2_moral_insanity,"""moral insanity"" OR ""moral imbecile"" OR ""moral imbecility""",1981,0
T2_moral_insanity,"""moral insanity"" OR ""moral imbecile"" OR ""moral imbecility""",1982,0
T2_moral_insanity,"""moral insanity"" OR ""moral imbecile"" OR ""moral imbecility""",1983,0
T2_moral_insanity,"""moral insanity"" OR ""moral imbecile"" OR ""moral imbecility""",1984,0
T2_moral_insanity,"""moral insanity"" OR ""moral imbecile"" OR ""moral imbecility""",1985,0
T2_moral_insanity,"""moral insanity"" OR ""moral imbecile"" OR ""moral imbecility""",1986,1
T2_moral_insanity,"""moral insanity"" OR ""moral imbecile"" OR ""moral imbecility""",1987,0
T2_moral_insanity,"""moral insanity"" OR ""moral imbecile"" OR ""moral imbecility""",1988,2
T2_moral_insanity,"""moral insanity"" OR ""moral imbecile"" OR ""moral imbecility""",1989,1
T2_moral_insanity,"""moral insanity"" OR ""moral imbecile"" OR ""moral imbecility""",1990,0
T2_moral_insanity,"""moral insanity"" OR ""moral imbecile"" OR ""moral imbecility""",1991,0
T2_moral_insanity,"""moral insanity"" OR ""moral imbecile"" OR ""moral imbecility""",1992,0
T2_moral_insanity,"""moral insanity"" OR ""moral imbecile"" OR ""moral imbecility""",1993,0
T2_moral_insanity,"""moral insanity"" OR ""moral imbecile"" OR ""moral imbecility""",1994,0
T2_moral_insanity,"""moral insanity"" OR ""moral imbecile"" OR ""moral imbecility""",1995,0
T2_moral_insanity,"""moral insanity"" OR ""moral imbecile"" OR ""moral imbecility""",1996,3
T2_moral_insanity,"""moral insanity"" OR ""moral imbecile"" OR ""moral imbecility""",1997,1
T2_moral_insanity,"""moral insanity"" OR ""moral imbecile"" OR ""moral imbecility""",1998,0
T2_moral_insanity,"""moral insanity"" OR ""moral imbecile"" OR ""moral imbecility""",1999,1
T2_moral_insanity,"""moral insanity"" OR ""moral imbecile"" OR ""moral imbecility""",2000,0
T2_moral_insanity,"""moral insanity"" OR ""moral imbecile"" OR ""moral imbecility""",2001,0
T2_moral_insanity,"""moral insanity"" OR ""moral imbecile"" OR ""moral imbecility""",2002,0
T2_moral_insanity,"""moral insanity"" OR ""moral imbecile"" OR ""moral imbecility""",2003,0
T2_moral_insanity,"""moral insanity"" OR ""moral imbecile"" OR ""moral imbecility""",2004,0
T2_moral_insanity,"""moral insanity"" OR ""moral imbecile"" OR ""moral imbecility""",2005,0
T2_moral_insanity,"""moral insanity"" OR ""moral imbecile"" OR ""moral imbecility""",2006,0
T2_moral_insanity,"""moral insanity"" OR ""moral imbecile"" OR ""moral imbecility""",2007,0
T2_moral_insanity,"""moral insanity"" OR ""moral imbecile"" OR ""moral imbecility""",2008,0
T2_moral_insanity,"""moral insanity"" OR ""moral imbecile"" OR ""moral imbecility""",2009,0
T2_moral_insanity,"""moral insanity"" OR ""moral imbecile"" OR ""moral imbecility""",2010,1
T2_moral_insanity,"""moral insanity"" OR ""moral imbecile"" OR ""moral imbecility""",2011,0
T2_moral_insanity,"""moral insanity"" OR ""moral imbecile"" OR ""moral imbecility""",2012,2
T2_moral_insanity,"""moral insanity"" OR ""moral imbecile"" OR ""moral imbecility""",2013,1
T2_moral_insanity,"""moral insanity"" OR ""moral imbecile"" OR ""moral imbecility""",2014,0
T2_moral_insanity,"""moral insanity"" OR ""moral imbecile"" OR ""moral imbecility""",2015,1
T2_moral_insanity,"""moral insanity"" OR ""moral imbecile"" OR ""moral imbecility""",2016,1
T2_moral_insanity,"""moral insanity"" OR ""moral imbecile"" OR ""moral imbecility""",2017,2
T2_moral_insanity,"""moral insanity"" OR ""moral imbecile"" OR ""moral imbecility""",2018,0
T2_moral_insanity,"""moral insanity"" OR ""moral imbecile"" OR ""moral imbecility""",2019,4
T2_moral_insanity,"""moral insanity"" OR ""moral imbecile"" OR ""moral imbecility""",2020,1
T2_moral_insanity,"""moral insanity"" OR ""moral imbecile"" OR ""moral imbecility""",2021,0
T2_moral_insanity,"""moral insanity"" OR ""moral imbecile"" OR ""moral imbecility""",2022,0
T2_moral_insanity,"""moral insanity"" OR ""moral imbecile"" OR ""moral imbecility""",2023,1
T2_moral_insanity,"""moral insanity"" OR ""moral imbecile"" OR ""moral imbecility""",2024,0
T2_puerperal_insanity,"""puerperal insanity"" OR ""puerperal psychosis"" OR ""puerperal mania""",1950,0
T2_puerperal_insanity,"""puerperal insanity"" OR ""puerperal psychosis"" OR ""puerperal mania""",1951,1
T2_puerperal_insanity,"""puerperal insanity"" OR ""puerperal psychosis"" OR ""puerperal mania""",1952,2
T2_puerperal_insanity,"""puerperal insanity"" OR ""puerperal psychosis"" OR ""puerperal mania""",1953,0
T2_puerperal_insanity,"""puerperal insanity"" OR ""puerperal psychosis"" OR ""puerperal mania""",1954,2
T2_puerperal_insanity,"""puerperal insanity"" OR ""puerperal psychosis"" OR ""puerperal mania""",1955,2
T2_puerperal_insanity,"""puerperal insanity"" OR ""puerperal psychosis"" OR ""puerperal mania""",1956,1
T2_puerperal_insanity,"""puerperal insanity"" OR ""puerperal psychosis"" OR ""puerperal mania""",1957,3
T2_puerperal_insanity,"""puerperal insanity"" OR ""puerperal psychosis"" OR ""puerperal mania""",1958,0
T2_puerperal_insanity,"""puerperal insanity"" OR ""puerperal psychosis"" OR ""puerperal mania""",1959,0
T2_puerperal_insanity,"""puerperal insanity"" OR ""puerperal psychosis"" OR ""puerperal mania""",1960,0
T2_puerperal_insanity,"""puerperal insanity"" OR ""puerperal psychosis"" OR ""puerperal mania""",1961,0
T2_puerperal_insanity,"""puerperal insanity"" OR ""puerperal psychosis"" OR ""puerperal mania""",1962,0
T2_puerperal_insanity,"""puerperal insanity"" OR ""puerperal psychosis"" OR ""puerperal mania""",1963,0
T2_puerperal_insanity,"""puerperal insanity"" OR ""puerperal psychosis"" OR ""puerperal mania""",1964,3
T2_puerperal_insanity,"""puerperal insanity"" OR ""puerperal psychosis"" OR ""puerperal mania""",1965,1
T2_puerperal_insanity,"""puerperal insanity"" OR ""puerperal psychosis"" OR ""puerperal mania""",1966,1
T2_puerperal_insanity,"""puerperal insanity"" OR ""puerperal psychosis"" OR ""puerperal mania""",1967,1
T2_puerperal_insanity,"""puerperal insanity"" OR ""puerperal psychosis"" OR ""puerperal mania""",1968,0
T2_puerperal_insanity,"""puerperal insanity"" OR ""puerperal psychosis"" OR ""puerperal mania""",1969,0
T2_puerperal_insanity,"""puerperal insanity"" OR ""puerperal psychosis"" OR ""puerperal mania""",1970,1
T2_puerperal_insanity,"""puerperal insanity"" OR ""puerperal psychosis"" OR ""puerperal mania""",1971,0
T2_puerperal_insanity,"""puerperal insanity"" OR ""puerperal psychosis"" OR ""puerperal mania""",1972,1
T2_puerperal_insanity,"""puerperal insanity"" OR ""puerperal psychosis"" OR ""puerperal mania""",1973,1
T2_puerperal_insanity,"""puerperal insanity"" OR ""puerperal psychosis"" OR ""puerperal mania""",1974,2
T2_puerperal_insanity,"""puerperal insanity"" OR ""puerperal psychosis"" OR ""puerperal mania""",1975,4
T2_puerperal_insanity,"""puerperal insanity"" OR ""puerperal psychosis"" OR ""puerperal mania""",1976,1
T2_puerperal_insanity,"""puerperal insanity"" OR ""puerperal psychosis"" OR ""puerperal mania""",1977,3
T2_puerperal_insanity,"""puerperal insanity"" OR ""puerperal psychosis"" OR ""puerperal mania""",1978,3
T2_puerperal_insanity,"""puerperal insanity"" OR ""puerperal psychosis"" OR ""puerperal mania""",1979,1
T2_puerperal_insanity,"""puerperal insanity"" OR ""puerperal psychosis"" OR ""puerperal mania""",1980,3
T2_puerperal_insanity,"""puerperal insanity"" OR ""puerperal psychosis"" OR ""puerperal mania""",1981,8
T2_puerperal_insanity,"""puerperal insanity"" OR ""puerperal psychosis"" OR ""puerperal mania""",1982,3
T2_puerperal_insanity,"""puerperal insanity"" OR ""puerperal psychosis"" OR ""puerperal mania""",1983,3
T2_puerperal_insanity,"""puerperal insanity"" OR ""puerperal psychosis"" OR ""puerperal mania""",1984,2
T2_puerperal_insanity,"""puerperal insanity"" OR ""puerperal psychosis"" OR ""puerperal mania""",1985,2
T2_puerperal_insanity,"""puerperal insanity"" OR ""puerperal psychosis"" OR ""puerperal mania""",1986,3
T2_puerperal_insanity,"""puerperal insanity"" OR ""puerperal psychosis"" OR ""puerperal mania""",1987,2
T2_puerperal_insanity,"""puerperal insanity"" OR ""puerperal psychosis"" OR ""puerperal mania""",1988,5
T2_puerperal_insanity,"""puerperal insanity"" OR ""puerperal psychosis"" OR ""puerperal mania""",1989,5
T2_puerperal_insanity,"""puerperal insanity"" OR ""puerperal psychosis"" OR ""puerperal mania""",1990,8
T2_puerperal_insanity,"""puerperal insanity"" OR ""puerperal psychosis"" OR ""puerperal mania""",1991,14
T2_puerperal_insanity,"""puerperal insanity"" OR ""puerperal psychosis"" OR ""puerperal mania""",1992,2
T2_puerperal_insanity,"""puerperal insanity"" OR ""puerperal psychosis"" OR ""puerperal mania""",1993,1
T2_puerperal_insanity,"""puerperal insanity"" OR ""puerperal psychosis"" OR ""puerperal mania""",1994,5
T2_puerperal_insanity,"""puerperal insanity"" OR ""puerperal psychosis"" OR ""puerperal mania""",1995,6
T2_puerperal_insanity,"""puerperal insanity"" OR ""puerperal psychosis"" OR ""puerperal mania""",1996,2
T2_puerperal_insanity,"""puerperal insanity"" OR ""puerperal psychosis"" OR ""puerperal mania""",1997,4
T2_puerperal_insanity,"""puerperal insanity"" OR ""puerperal psychosis"" OR ""puerperal mania""",1998,6
T2_puerperal_insanity,"""puerperal insanity"" OR ""puerperal psychosis"" OR ""puerperal mania""",1999,2
T2_puerperal_insanity,"""puerperal insanity"" OR ""puerperal psychosis"" OR ""puerperal mania""",2000,8
T2_puerperal_insanity,"""puerperal insanity"" OR ""puerperal psychosis"" OR ""puerperal mania""",2001,10
T2_puerperal_insanity,"""puerperal insanity"" OR ""puerperal psychosis"" OR ""puerperal mania""",2002,6
T2_puerperal_insanity,"""puerperal insanity"" OR ""puerperal psychosis"" OR ""puerperal mania""",2003,6
T2_puerperal_insanity,"""puerperal insanity"" OR ""puerperal psychosis"" OR ""puerperal mania""",2004,3
T2_puerperal_insanity,"""puerperal insanity"" OR ""puerperal psychosis"" OR ""puerperal mania""",2005,5
T2_puerperal_insanity,"""puerperal insanity"" OR ""puerperal psychosis"" OR ""puerperal mania""",2006,3
T2_puerperal_insanity,"""puerperal insanity"" OR ""puerperal psychosis"" OR ""puerperal mania""",2007,10
T2_puerperal_insanity,"""puerperal insanity"" OR ""puerperal psychosis"" OR ""puerperal mania""",2008,5
T2_puerperal_insanity,"""puerperal insanity"" OR ""puerperal psychosis"" OR ""puerperal mania""",2009,4
T2_puerperal_insanity,"""puerperal insanity"" OR ""puerperal psychosis"" OR ""puerperal mania""",2010,5
T2_puerperal_insanity,"""puerperal insanity"" OR ""puerperal psychosis"" OR ""puerperal mania""",2011,0
T2_puerperal_insanity,"""puerperal insanity"" OR ""puerperal psychosis"" OR ""puerperal mania""",2012,7
T2_puerperal_insanity,"""puerperal insanity"" OR ""puerperal psychosis"" OR ""puerperal mania""",2013,6
T2_puerperal_insanity,"""puerperal insanity"" OR ""puerperal psychosis"" OR ""puerperal mania""",2014,3
T2_puerperal_insanity,"""puerperal insanity"" OR ""puerperal psychosis"" OR ""puerperal mania""",2015,4
T2_puerperal_insanity,"""puerperal insanity"" OR ""puerperal psychosis"" OR ""puerperal mania""",2016,7
T2_puerperal_insanity,"""puerperal insanity"" OR ""puerperal psychosis"" OR ""puerperal mania""",2017,9
T2_puerperal_insanity,"""puerperal insanity"" OR ""puerperal psychosis"" OR ""puerperal mania""",2018,2
T2_puerperal_insanity,"""puerperal insanity"" OR ""puerperal psychosis"" OR ""puerperal mania""",2019,3
T2_puerperal_insanity,"""puerperal insanity"" OR ""puerperal psychosis"" OR ""puerperal mania""",2020,3
T2_puerperal_insanity,"""puerperal insanity"" OR ""puerperal psychosis"" OR ""puerperal mania""",2021,1
T2_puerperal_insanity,"""puerperal insanity"" OR ""puerperal psychosis"" OR ""puerperal mania""",2022,0
T2_puerperal_insanity,"""puerperal insanity"" OR ""puerperal psychosis"" OR ""puerperal mania""",2023,6
T2_puerperal_insanity,"""puerperal insanity"" OR ""puerperal psychosis"" OR ""puerperal mania""",2024,3
T2_psychopath_socio,"psychopath OR sociopath OR ""psychopathic personality""",1950,7
T2_psychopath_socio,"psychopath OR sociopath OR ""psychopathic personality""",1951,11
T2_psychopath_socio,"psychopath OR sociopath OR ""psychopathic personality""",1952,10
T2_psychopath_socio,"psychopath OR sociopath OR ""psychopathic personality""",1953,2
T2_psychopath_socio,"psychopath OR sociopath OR ""psychopathic personality""",1954,5
T2_psychopath_socio,"psychopath OR sociopath OR ""psychopathic personality""",1955,5
T2_psychopath_socio,"psychopath OR sociopath OR ""psychopathic personality""",1956,4
T2_psychopath_socio,"psychopath OR sociopath OR ""psychopathic personality""",1957,3
T2_psychopath_socio,"psychopath OR sociopath OR ""psychopathic personality""",1958,7
T2_psychopath_socio,"psychopath OR sociopath OR ""psychopathic personality""",1959,24
T2_psychopath_socio,"psychopath OR sociopath OR ""psychopathic personality""",1960,35
T2_psychopath_socio,"psychopath OR sociopath OR ""psychopathic personality""",1961,29
T2_psychopath_socio,"psychopath OR sociopath OR ""psychopathic personality""",1962,16
T2_psychopath_socio,"psychopath OR sociopath OR ""psychopathic personality""",1963,9
T2_psychopath_socio,"psychopath OR sociopath OR ""psychopathic personality""",1964,9
T2_psychopath_socio,"psychopath OR sociopath OR ""psychopathic personality""",1965,5
T2_psychopath_socio,"psychopath OR sociopath OR ""psychopathic personality""",1966,5
T2_psychopath_socio,"psychopath OR sociopath OR ""psychopathic personality""",1967,6
T2_psychopath_socio,"psychopath OR sociopath OR ""psychopathic personality""",1968,3
T2_psychopath_socio,"psychopath OR sociopath OR ""psychopathic personality""",1969,7
T2_psychopath_socio,"psychopath OR sociopath OR ""psychopathic personality""",1970,3
T2_psychopath_socio,"psychopath OR sociopath OR ""psychopathic personality""",1971,5
T2_psychopath_socio,"psychopath OR sociopath OR ""psychopathic personality""",1972,1
T2_psychopath_socio,"psychopath OR sociopath OR ""psychopathic personality""",1973,1
T2_psychopath_socio,"psychopath OR sociopath OR ""psychopathic personality""",1974,8
T2_psychopath_socio,"psychopath OR sociopath OR ""psychopathic personality""",1975,11
T2_psychopath_socio,"psychopath OR sociopath OR ""psychopathic personality""",1976,12
T2_psychopath_socio,"psychopath OR sociopath OR ""psychopathic personality""",1977,12
T2_psychopath_socio,"psychopath OR sociopath OR ""psychopathic personality""",1978,11
T2_psychopath_socio,"psychopath OR sociopath OR ""psychopathic personality""",1979,3
T2_psychopath_socio,"psychopath OR sociopath OR ""psychopathic personality""",1980,4
T2_psychopath_socio,"psychopath OR sociopath OR ""psychopathic personality""",1981,4
T2_psychopath_socio,"psychopath OR sociopath OR ""psychopathic personality""",1982,3
T2_psychopath_socio,"psychopath OR sociopath OR ""psychopathic personality""",1983,8
T2_psychopath_socio,"psychopath OR sociopath OR ""psychopathic personality""",1984,8
T2_psychopath_socio,"psychopath OR sociopath OR ""psychopathic personality""",1985,4
T2_psychopath_socio,"psychopath OR sociopath OR ""psychopathic personality""",1986,8
T2_psychopath_socio,"psychopath OR sociopath OR ""psychopathic personality""",1987,4
T2_psychopath_socio,"psychopath OR sociopath OR ""psychopathic personality""",1988,3
T2_psychopath_socio,"psychopath OR sociopath OR ""psychopathic personality""",1989,10
T2_psychopath_socio,"psychopath OR sociopath OR ""psychopathic personality""",1990,2
T2_psychopath_socio,"psychopath OR sociopath OR ""psychopathic personality""",1991,4
T2_psychopath_socio,"psychopath OR sociopath OR ""psychopathic personality""",1992,7
T2_psychopath_socio,"psychopath OR sociopath OR ""psychopathic personality""",1993,4
T2_psychopath_socio,"psychopath OR sociopath OR ""psychopathic personality""",1994,6
T2_psychopath_socio,"psychopath OR sociopath OR ""psychopathic personality""",1995,2
T2_psychopath_socio,"psychopath OR sociopath OR ""psychopathic personality""",1996,8
T2_psychopath_socio,"psychopath OR sociopath OR ""psychopathic personality""",1997,2
T2_psychopath_socio,"psychopath OR sociopath OR ""psychopathic personality""",1998,7
T2_psychopath_socio,"psychopath OR sociopath OR ""psychopathic personality""",1999,5
T2_psychopath_socio,"psychopath OR sociopath OR ""psychopathic personality""",2000,10
T2_psychopath_socio,"psychopath OR sociopath OR ""psychopathic personality""",2001,8
T2_psychopath_socio,"psychopath OR sociopath OR ""psychopathic personality""",2002,10
T2_psychopath_socio,"psychopath OR sociopath OR ""psychopathic personality""",2003,12
T2_psychopath_socio,"psychopath OR sociopath OR ""psychopathic personality""",2004,12
T2_psychopath_socio,"psychopath OR sociopath OR ""psychopathic personality""",2005,15
T2_psychopath_socio,"psychopath OR sociopath OR ""psychopathic personality""",2006,15
T2_psychopath_socio,"psychopath OR sociopath OR ""psychopathic personality""",2007,15
T2_psychopath_socio,"psychopath OR sociopath OR ""psychopathic personality""",2008,24
T2_psychopath_socio,"psychopath OR sociopath OR ""psychopathic personality""",2009,29
T2_psychopath_socio,"psychopath OR sociopath OR ""psychopathic personality""",2010,31
T2_psychopath_socio,"psychopath OR sociopath OR ""psychopathic personality""",2011,44
T2_psychopath_socio,"psychopath OR sociopath OR ""psychopathic personality""",2012,44
T2_psychopath_socio,"psychopath OR sociopath OR ""psychopathic personality""",2013,45
T2_psychopath_socio,"psychopath OR sociopath OR ""psychopathic personality""",2014,45
T2_psychopath_socio,"psychopath OR sociopath OR ""psychopathic personality""",2015,34
T2_psychopath_socio,"psychopath OR sociopath OR ""psychopathic personality""",2016,47
T2_psychopath_socio,"psychopath OR sociopath OR ""psychopathic personality""",2017,35
T2_psychopath_socio,"psychopath OR sociopath OR ""psychopathic personality""",2018,57
T2_psychopath_socio,"psychopath OR sociopath OR ""psychopathic personality""",2019,54
T2_psychopath_socio,"psychopath OR sociopath OR ""psychopathic personality""",2020,37
T2_psychopath_socio,"psychopath OR sociopath OR ""psychopathic personality""",2021,49
T2_psychopath_socio,"psychopath OR sociopath OR ""psychopathic personality""",2022,29
T2_psychopath_socio,"psychopath OR sociopath OR ""psychopathic personality""",2023,33
T2_psychopath_socio,"psychopath OR sociopath OR ""psychopathic personality""",2024,25
T2_hermaphrodite,"hermaphrodite OR hermaphroditism OR ""pseudohermaphrodite"" OR ""pseudohermaphroditism"" OR ""true hermaphrodite""",1950,36
T2_hermaphrodite,"hermaphrodite OR hermaphroditism OR ""pseudohermaphrodite"" OR ""pseudohermaphroditism"" OR ""true hermaphrodite""",1951,45
T2_hermaphrodite,"hermaphrodite OR hermaphroditism OR ""pseudohermaphrodite"" OR ""pseudohermaphroditism"" OR ""true hermaphrodite""",1952,45
T2_hermaphrodite,"hermaphrodite OR hermaphroditism OR ""pseudohermaphrodite"" OR ""pseudohermaphroditism"" OR ""true hermaphrodite""",1953,55
T2_hermaphrodite,"hermaphrodite OR hermaphroditism OR ""pseudohermaphrodite"" OR ""pseudohermaphroditism"" OR ""true hermaphrodite""",1954,56
T2_hermaphrodite,"hermaphrodite OR hermaphroditism OR ""pseudohermaphrodite"" OR ""pseudohermaphroditism"" OR ""true hermaphrodite""",1955,60
T2_hermaphrodite,"hermaphrodite OR hermaphroditism OR ""pseudohermaphrodite"" OR ""pseudohermaphroditism"" OR ""true hermaphrodite""",1956,59
T2_hermaphrodite,"hermaphrodite OR hermaphroditism OR ""pseudohermaphrodite"" OR ""pseudohermaphroditism"" OR ""true hermaphrodite""",1957,75
T2_hermaphrodite,"hermaphrodite OR hermaphroditism OR ""pseudohermaphrodite"" OR ""pseudohermaphroditism"" OR ""true hermaphrodite""",1958,90
T2_hermaphrodite,"hermaphrodite OR hermaphroditism OR ""pseudohermaphrodite"" OR ""pseudohermaphroditism"" OR ""true hermaphrodite""",1959,82
T2_hermaphrodite,"hermaphrodite OR hermaphroditism OR ""pseudohermaphrodite"" OR ""pseudohermaphroditism"" OR ""true hermaphrodite""",1960,84
T2_hermaphrodite,"hermaphrodite OR hermaphroditism OR ""pseudohermaphrodite"" OR ""pseudohermaphroditism"" OR ""true hermaphrodite""",1961,88
T2_hermaphrodite,"hermaphrodite OR hermaphroditism OR ""pseudohermaphrodite"" OR ""pseudohermaphroditism"" OR ""true hermaphrodite""",1962,100
T2_hermaphrodite,"hermaphrodite OR hermaphroditism OR ""pseudohermaphrodite"" OR ""pseudohermaphroditism"" OR ""true hermaphrodite""",1963,121
T2_hermaphrodite,"hermaphrodite OR hermaphroditism OR ""pseudohermaphrodite"" OR ""pseudohermaphroditism"" OR ""true hermaphrodite""",1964,137
T2_hermaphrodite,"hermaphrodite OR hermaphroditism OR ""pseudohermaphrodite"" OR ""pseudohermaphroditism"" OR ""true hermaphrodite""",1965,112
T2_hermaphrodite,"hermaphrodite OR hermaphroditism OR ""pseudohermaphrodite"" OR ""pseudohermaphroditism"" OR ""true hermaphrodite""",1966,30
T2_hermaphrodite,"hermaphrodite OR hermaphroditism OR ""pseudohermaphrodite"" OR ""pseudohermaphroditism"" OR ""true hermaphrodite""",1967,42
T2_hermaphrodite,"hermaphrodite OR hermaphroditism OR ""pseudohermaphrodite"" OR ""pseudohermaphroditism"" OR ""true hermaphrodite""",1968,31
T2_hermaphrodite,"hermaphrodite OR hermaphroditism OR ""pseudohermaphrodite"" OR ""pseudohermaphroditism"" OR ""true hermaphrodite""",1969,50
T2_hermaphrodite,"hermaphrodite OR hermaphroditism OR ""pseudohermaphrodite"" OR ""pseudohermaphroditism"" OR ""true hermaphrodite""",1970,57
T2_hermaphrodite,"hermaphrodite OR hermaphroditism OR ""pseudohermaphrodite"" OR ""pseudohermaphroditism"" OR ""true hermaphrodite""",1971,50
T2_hermaphrodite,"hermaphrodite OR hermaphroditism OR ""pseudohermaphrodite"" OR ""pseudohermaphroditism"" OR ""true hermaphrodite""",1972,44
T2_hermaphrodite,"hermaphrodite OR hermaphroditism OR ""pseudohermaphrodite"" OR ""pseudohermaphroditism"" OR ""true hermaphrodite""",1973,35
T2_hermaphrodite,"hermaphrodite OR hermaphroditism OR ""pseudohermaphrodite"" OR ""pseudohermaphroditism"" OR ""true hermaphrodite""",1974,41
T2_hermaphrodite,"hermaphrodite OR hermaphroditism OR ""pseudohermaphrodite"" OR ""pseudohermaphroditism"" OR ""true hermaphrodite""",1975,54
T2_hermaphrodite,"hermaphrodite OR hermaphroditism OR ""pseudohermaphrodite"" OR ""pseudohermaphroditism"" OR ""true hermaphrodite""",1976,67
T2_hermaphrodite,"hermaphrodite OR hermaphroditism OR ""pseudohermaphrodite"" OR ""pseudohermaphroditism"" OR ""true hermaphrodite""",1977,39
T2_hermaphrodite,"hermaphrodite OR hermaphroditism OR ""pseudohermaphrodite"" OR ""pseudohermaphroditism"" OR ""true hermaphrodite""",1978,61
T2_hermaphrodite,"hermaphrodite OR hermaphroditism OR ""pseudohermaphrodite"" OR ""pseudohermaphroditism"" OR ""true hermaphrodite""",1979,58
T2_hermaphrodite,"hermaphrodite OR hermaphroditism OR ""pseudohermaphrodite"" OR ""pseudohermaphroditism"" OR ""true hermaphrodite""",1980,48
T2_hermaphrodite,"hermaphrodite OR hermaphroditism OR ""pseudohermaphrodite"" OR ""pseudohermaphroditism"" OR ""true hermaphrodite""",1981,47
T2_hermaphrodite,"hermaphrodite OR hermaphroditism OR ""pseudohermaphrodite"" OR ""pseudohermaphroditism"" OR ""true hermaphrodite""",1982,44
T2_hermaphrodite,"hermaphrodite OR hermaphroditism OR ""pseudohermaphrodite"" OR ""pseudohermaphroditism"" OR ""true hermaphrodite""",1983,50
T2_hermaphrodite,"hermaphrodite OR hermaphroditism OR ""pseudohermaphrodite"" OR ""pseudohermaphroditism"" OR ""true hermaphrodite""",1984,52
T2_hermaphrodite,"hermaphrodite OR hermaphroditism OR ""pseudohermaphrodite"" OR ""pseudohermaphroditism"" OR ""true hermaphrodite""",1985,50
T2_hermaphrodite,"hermaphrodite OR hermaphroditism OR ""pseudohermaphrodite"" OR ""pseudohermaphroditism"" OR ""true hermaphrodite""",1986,49
T2_hermaphrodite,"hermaphrodite OR hermaphroditism OR ""pseudohermaphrodite"" OR ""pseudohermaphroditism"" OR ""true hermaphrodite""",1987,68
T2_hermaphrodite,"hermaphrodite OR hermaphroditism OR ""pseudohermaphrodite"" OR ""pseudohermaphroditism"" OR ""true hermaphrodite""",1988,43
T2_hermaphrodite,"hermaphrodite OR hermaphroditism OR ""pseudohermaphrodite"" OR ""pseudohermaphroditism"" OR ""true hermaphrodite""",1989,41
T2_hermaphrodite,"hermaphrodite OR hermaphroditism OR ""pseudohermaphrodite"" OR ""pseudohermaphroditism"" OR ""true hermaphrodite""",1990,47
T2_hermaphrodite,"hermaphrodite OR hermaphroditism OR ""pseudohermaphrodite"" OR ""pseudohermaphroditism"" OR ""true hermaphrodite""",1991,51
T2_hermaphrodite,"hermaphrodite OR hermaphroditism OR ""pseudohermaphrodite"" OR ""pseudohermaphroditism"" OR ""true hermaphrodite""",1992,74
T2_hermaphrodite,"hermaphrodite OR hermaphroditism OR ""pseudohermaphrodite"" OR ""pseudohermaphroditism"" OR ""true hermaphrodite""",1993,55
T2_hermaphrodite,"hermaphrodite OR hermaphroditism OR ""pseudohermaphrodite"" OR ""pseudohermaphroditism"" OR ""true hermaphrodite""",1994,68
T2_hermaphrodite,"hermaphrodite OR hermaphroditism OR ""pseudohermaphrodite"" OR ""pseudohermaphroditism"" OR ""true hermaphrodite""",1995,68
T2_hermaphrodite,"hermaphrodite OR hermaphroditism OR ""pseudohermaphrodite"" OR ""pseudohermaphroditism"" OR ""true hermaphrodite""",1996,82
T2_hermaphrodite,"hermaphrodite OR hermaphroditism OR ""pseudohermaphrodite"" OR ""pseudohermaphroditism"" OR ""true hermaphrodite""",1997,74
T2_hermaphrodite,"hermaphrodite OR hermaphroditism OR ""pseudohermaphrodite"" OR ""pseudohermaphroditism"" OR ""true hermaphrodite""",1998,86
T2_hermaphrodite,"hermaphrodite OR hermaphroditism OR ""pseudohermaphrodite"" OR ""pseudohermaphroditism"" OR ""true hermaphrodite""",1999,81
T2_hermaphrodite,"hermaphrodite OR hermaphroditism OR ""pseudohermaphrodite"" OR ""pseudohermaphroditism"" OR ""true hermaphrodite""",2000,83
T2_hermaphrodite,"hermaphrodite OR hermaphroditism OR ""pseudohermaphrodite"" OR ""pseudohermaphroditism"" OR ""true hermaphrodite""",2001,84
T2_hermaphrodite,"hermaphrodite OR hermaphroditism OR ""pseudohermaphrodite"" OR ""pseudohermaphroditism"" OR ""true hermaphrodite""",2002,73
T2_hermaphrodite,"hermaphrodite OR hermaphroditism OR ""pseudohermaphrodite"" OR ""pseudohermaphroditism"" OR ""true hermaphrodite""",2003,82
T2_hermaphrodite,"hermaphrodite OR hermaphroditism OR ""pseudohermaphrodite"" OR ""pseudohermaphroditism"" OR ""true hermaphrodite""",2004,107
T2_hermaphrodite,"hermaphrodite OR hermaphroditism OR ""pseudohermaphrodite"" OR ""pseudohermaphroditism"" OR ""true hermaphrodite""",2005,116
T2_hermaphrodite,"hermaphrodite OR hermaphroditism OR ""pseudohermaphrodite"" OR ""pseudohermaphroditism"" OR ""true hermaphrodite""",2006,121
T2_hermaphrodite,"hermaphrodite OR hermaphroditism OR ""pseudohermaphrodite"" OR ""pseudohermaphroditism"" OR ""true hermaphrodite""",2007,111
T2_hermaphrodite,"hermaphrodite OR hermaphroditism OR ""pseudohermaphrodite"" OR ""pseudohermaphroditism"" OR ""true hermaphrodite""",2008,113
T2_hermaphrodite,"hermaphrodite OR hermaphroditism OR ""pseudohermaphrodite"" OR ""pseudohermaphroditism"" OR ""true hermaphrodite""",2009,113
T2_hermaphrodite,"hermaphrodite OR hermaphroditism OR ""pseudohermaphrodite"" OR ""pseudohermaphroditism"" OR ""true hermaphrodite""",2010,102
T2_hermaphrodite,"hermaphrodite OR hermaphroditism OR ""pseudohermaphrodite"" OR ""pseudohermaphroditism"" OR ""true hermaphrodite""",2011,114
T2_hermaphrodite,"hermaphrodite OR hermaphroditism OR ""pseudohermaphrodite"" OR ""pseudohermaphroditism"" OR ""true hermaphrodite""",2012,114
T2_hermaphrodite,"hermaphrodite OR hermaphroditism OR ""pseudohermaphrodite"" OR ""pseudohermaphroditism"" OR ""true hermaphrodite""",2013,124
T2_hermaphrodite,"hermaphrodite OR hermaphroditism OR ""pseudohermaphrodite"" OR ""pseudohermaphroditism"" OR ""true hermaphrodite""",2014,129
T2_hermaphrodite,"hermaphrodite OR hermaphroditism OR ""pseudohermaphrodite"" OR ""pseudohermaphroditism"" OR ""true hermaphrodite""",2015,103
T2_hermaphrodite,"hermaphrodite OR hermaphroditism OR ""pseudohermaphrodite"" OR ""pseudohermaphroditism"" OR ""true hermaphrodite""",2016,116
T2_hermaphrodite,"hermaphrodite OR hermaphroditism OR ""pseudohermaphrodite"" OR ""pseudohermaphroditism"" OR ""true hermaphrodite""",2017,138
T2_hermaphrodite,"hermaphrodite OR hermaphroditism OR ""pseudohermaphrodite"" OR ""pseudohermaphroditism"" OR ""true hermaphrodite""",2018,140
T2_hermaphrodite,"hermaphrodite OR hermaphroditism OR ""pseudohermaphrodite"" OR ""pseudohermaphroditism"" OR ""true hermaphrodite""",2019,107
T2_hermaphrodite,"hermaphrodite OR hermaphroditism OR ""pseudohermaphrodite"" OR ""pseudohermaphroditism"" OR ""true hermaphrodite""",2020,117
T2_hermaphrodite,"hermaphrodite OR hermaphroditism OR ""pseudohermaphrodite"" OR ""pseudohermaphroditism"" OR ""true hermaphrodite""",2021,106
T2_hermaphrodite,"hermaphrodite OR hermaphroditism OR ""pseudohermaphrodite"" OR ""pseudohermaphroditism"" OR ""true hermaphrodite""",2022,127
T2_hermaphrodite,"hermaphrodite OR hermaphroditism OR ""pseudohermaphrodite"" OR ""pseudohermaphroditism"" OR ""true hermaphrodite""",2023,116
T2_hermaphrodite,"hermaphrodite OR hermaphroditism OR ""pseudohermaphrodite"" OR ""pseudohermaphroditism"" OR ""true hermaphrodite""",2024,113
T2_transsexual_xvest,"transsexual OR transsexualism OR transvestite OR transvestism OR ""gender identity disorder""",1950,0
T2_transsexual_xvest,"transsexual OR transsexualism OR transvestite OR transvestism OR ""gender identity disorder""",1951,1
T2_transsexual_xvest,"transsexual OR transsexualism OR transvestite OR transvestism OR ""gender identity disorder""",1952,1
T2_transsexual_xvest,"transsexual OR transsexualism OR transvestite OR transvestism OR ""gender identity disorder""",1953,5
T2_transsexual_xvest,"transsexual OR transsexualism OR transvestite OR transvestism OR ""gender identity disorder""",1954,8
T2_transsexual_xvest,"transsexual OR transsexualism OR transvestite OR transvestism OR ""gender identity disorder""",1955,3
T2_transsexual_xvest,"transsexual OR transsexualism OR transvestite OR transvestism OR ""gender identity disorder""",1956,7
T2_transsexual_xvest,"transsexual OR transsexualism OR transvestite OR transvestism OR ""gender identity disorder""",1957,7
T2_transsexual_xvest,"transsexual OR transsexualism OR transvestite OR transvestism OR ""gender identity disorder""",1958,4
T2_transsexual_xvest,"transsexual OR transsexualism OR transvestite OR transvestism OR ""gender identity disorder""",1959,9
T2_transsexual_xvest,"transsexual OR transsexualism OR transvestite OR transvestism OR ""gender identity disorder""",1960,13
T2_transsexual_xvest,"transsexual OR transsexualism OR transvestite OR transvestism OR ""gender identity disorder""",1961,6
T2_transsexual_xvest,"transsexual OR transsexualism OR transvestite OR transvestism OR ""gender identity disorder""",1962,5
T2_transsexual_xvest,"transsexual OR transsexualism OR transvestite OR transvestism OR ""gender identity disorder""",1963,10
T2_transsexual_xvest,"transsexual OR transsexualism OR transvestite OR transvestism OR ""gender identity disorder""",1964,21
T2_transsexual_xvest,"transsexual OR transsexualism OR transvestite OR transvestism OR ""gender identity disorder""",1965,17
T2_transsexual_xvest,"transsexual OR transsexualism OR transvestite OR transvestism OR ""gender identity disorder""",1966,5
T2_transsexual_xvest,"transsexual OR transsexualism OR transvestite OR transvestism OR ""gender identity disorder""",1967,15
T2_transsexual_xvest,"transsexual OR transsexualism OR transvestite OR transvestism OR ""gender identity disorder""",1968,16
T2_transsexual_xvest,"transsexual OR transsexualism OR transvestite OR transvestism OR ""gender identity disorder""",1969,22
T2_transsexual_xvest,"transsexual OR transsexualism OR transvestite OR transvestism OR ""gender identity disorder""",1970,20
T2_transsexual_xvest,"transsexual OR transsexualism OR transvestite OR transvestism OR ""gender identity disorder""",1971,20
T2_transsexual_xvest,"transsexual OR transsexualism OR transvestite OR transvestism OR ""gender identity disorder""",1972,15
T2_transsexual_xvest,"transsexual OR transsexualism OR transvestite OR transvestism OR ""gender identity disorder""",1973,22
T2_transsexual_xvest,"transsexual OR transsexualism OR transvestite OR transvestism OR ""gender identity disorder""",1974,26
T2_transsexual_xvest,"transsexual OR transsexualism OR transvestite OR transvestism OR ""gender identity disorder""",1975,20
T2_transsexual_xvest,"transsexual OR transsexualism OR transvestite OR transvestism OR ""gender identity disorder""",1976,32
T2_transsexual_xvest,"transsexual OR transsexualism OR transvestite OR transvestism OR ""gender identity disorder""",1977,43
T2_transsexual_xvest,"transsexual OR transsexualism OR transvestite OR transvestism OR ""gender identity disorder""",1978,43
T2_transsexual_xvest,"transsexual OR transsexualism OR transvestite OR transvestism OR ""gender identity disorder""",1979,39
T2_transsexual_xvest,"transsexual OR transsexualism OR transvestite OR transvestism OR ""gender identity disorder""",1980,37
T2_transsexual_xvest,"transsexual OR transsexualism OR transvestite OR transvestism OR ""gender identity disorder""",1981,34
T2_transsexual_xvest,"transsexual OR transsexualism OR transvestite OR transvestism OR ""gender identity disorder""",1982,32
T2_transsexual_xvest,"transsexual OR transsexualism OR transvestite OR transvestism OR ""gender identity disorder""",1983,21
T2_transsexual_xvest,"transsexual OR transsexualism OR transvestite OR transvestism OR ""gender identity disorder""",1984,31
T2_transsexual_xvest,"transsexual OR transsexualism OR transvestite OR transvestism OR ""gender identity disorder""",1985,27
T2_transsexual_xvest,"transsexual OR transsexualism OR transvestite OR transvestism OR ""gender identity disorder""",1986,31
T2_transsexual_xvest,"transsexual OR transsexualism OR transvestite OR transvestism OR ""gender identity disorder""",1987,19
T2_transsexual_xvest,"transsexual OR transsexualism OR transvestite OR transvestism OR ""gender identity disorder""",1988,22
T2_transsexual_xvest,"transsexual OR transsexualism OR transvestite OR transvestism OR ""gender identity disorder""",1989,28
T2_transsexual_xvest,"transsexual OR transsexualism OR transvestite OR transvestism OR ""gender identity disorder""",1990,39
T2_transsexual_xvest,"transsexual OR transsexualism OR transvestite OR transvestism OR ""gender identity disorder""",1991,24
T2_transsexual_xvest,"transsexual OR transsexualism OR transvestite OR transvestism OR ""gender identity disorder""",1992,32
T2_transsexual_xvest,"transsexual OR transsexualism OR transvestite OR transvestism OR ""gender identity disorder""",1993,39
T2_transsexual_xvest,"transsexual OR transsexualism OR transvestite OR transvestism OR ""gender identity disorder""",1994,34
T2_transsexual_xvest,"transsexual OR transsexualism OR transvestite OR transvestism OR ""gender identity disorder""",1995,39
T2_transsexual_xvest,"transsexual OR transsexualism OR transvestite OR transvestism OR ""gender identity disorder""",1996,41
T2_transsexual_xvest,"transsexual OR transsexualism OR transvestite OR transvestism OR ""gender identity disorder""",1997,36
T2_transsexual_xvest,"transsexual OR transsexualism OR transvestite OR transvestism OR ""gender identity disorder""",1998,41
T2_transsexual_xvest,"transsexual OR transsexualism OR transvestite OR transvestism OR ""gender identity disorder""",1999,44
T2_transsexual_xvest,"transsexual OR transsexualism OR transvestite OR transvestism OR ""gender identity disorder""",2000,44
T2_transsexual_xvest,"transsexual OR transsexualism OR transvestite OR transvestism OR ""gender identity disorder""",2001,39
T2_transsexual_xvest,"transsexual OR transsexualism OR transvestite OR transvestism OR ""gender identity disorder""",2002,26
T2_transsexual_xvest,"transsexual OR transsexualism OR transvestite OR transvestism OR ""gender identity disorder""",2003,47
T2_transsexual_xvest,"transsexual OR transsexualism OR transvestite OR transvestism OR ""gender identity disorder""",2004,37
T2_transsexual_xvest,"transsexual OR transsexualism OR transvestite OR transvestism OR ""gender identity disorder""",2005,44
T2_transsexual_xvest,"transsexual OR transsexualism OR transvestite OR transvestism OR ""gender identity disorder""",2006,52
T2_transsexual_xvest,"transsexual OR transsexualism OR transvestite OR transvestism OR ""gender identity disorder""",2007,62
T2_transsexual_xvest,"transsexual OR transsexualism OR transvestite OR transvestism OR ""gender identity disorder""",2008,77
T2_transsexual_xvest,"transsexual OR transsexualism OR transvestite OR transvestism OR ""gender identity disorder""",2009,95
T2_transsexual_xvest,"transsexual OR transsexualism OR transvestite OR transvestism OR ""gender identity disorder""",2010,78
T2_transsexual_xvest,"transsexual OR transsexualism OR transvestite OR transvestism OR ""gender identity disorder""",2011,78
T2_transsexual_xvest,"transsexual OR transsexualism OR transvestite OR transvestism OR ""gender identity disorder""",2012,97
T2_transsexual_xvest,"transsexual OR transsexualism OR transvestite OR transvestism OR ""gender identity disorder""",2013,117
T2_transsexual_xvest,"transsexual OR transsexualism OR transvestite OR transvestism OR ""gender identity disorder""",2014,143
T2_transsexual_xvest,"transsexual OR transsexualism OR transvestite OR transvestism OR ""gender identity disorder""",2015,119
T2_transsexual_xvest,"transsexual OR transsexualism OR transvestite OR transvestism OR ""gender identity disorder""",2016,125
T2_transsexual_xvest,"transsexual OR transsexualism OR transvestite OR transvestism OR ""gender identity disorder""",2017,111
T2_transsexual_xvest,"transsexual OR transsexualism OR transvestite OR transvestism OR ""gender identity disorder""",2018,103
T2_transsexual_xvest,"transsexual OR transsexualism OR transvestite OR transvestism OR ""gender identity disorder""",2019,64
T2_transsexual_xvest,"transsexual OR transsexualism OR transvestite OR transvestism OR ""gender identity disorder""",2020,83
T2_transsexual_xvest,"transsexual OR transsexualism OR transvestite OR transvestism OR ""gender identity disorder""",2021,76
T2_transsexual_xvest,"transsexual OR transsexualism OR transvestite OR transvestism OR ""gender identity disorder""",2022,51
T2_transsexual_xvest,"transsexual OR transsexualism OR transvestite OR transvestism OR ""gender identity disorder""",2023,50
T2_transsexual_xvest,"transsexual OR transsexualism OR transvestite OR transvestism OR ""gender identity disorder""",2024,52
T2_drunkard_inebriate,drunkard OR drunkards OR inebriate OR inebriates OR dipsomania OR dipsomaniac,1950,0
T2_drunkard_inebriate,drunkard OR drunkards OR inebriate OR inebriates OR dipsomania OR dipsomaniac,1951,1
T2_drunkard_inebriate,drunkard OR drunkards OR inebriate OR inebriates OR dipsomania OR dipsomaniac,1952,0
T2_drunkard_inebriate,drunkard OR drunkards OR inebriate OR inebriates OR dipsomania OR dipsomaniac,1953,0
T2_drunkard_inebriate,drunkard OR drunkards OR inebriate OR inebriates OR dipsomania OR dipsomaniac,1954,0
T2_drunkard_inebriate,drunkard OR drunkards OR inebriate OR inebriates OR dipsomania OR dipsomaniac,1955,2
T2_drunkard_inebriate,drunkard OR drunkards OR inebriate OR inebriates OR dipsomania OR dipsomaniac,1956,1
T2_drunkard_inebriate,drunkard OR drunkards OR inebriate OR inebriates OR dipsomania OR dipsomaniac,1957,2
T2_drunkard_inebriate,drunkard OR drunkards OR inebriate OR inebriates OR dipsomania OR dipsomaniac,1958,1
T2_drunkard_inebriate,drunkard OR drunkards OR inebriate OR inebriates OR dipsomania OR dipsomaniac,1959,0
T2_drunkard_inebriate,drunkard OR drunkards OR inebriate OR inebriates OR dipsomania OR dipsomaniac,1960,4
T2_drunkard_inebriate,drunkard OR drunkards OR inebriate OR inebriates OR dipsomania OR dipsomaniac,1961,1
T2_drunkard_inebriate,drunkard OR drunkards OR inebriate OR inebriates OR dipsomania OR dipsomaniac,1962,1
T2_drunkard_inebriate,drunkard OR drunkards OR inebriate OR inebriates OR dipsomania OR dipsomaniac,1963,0
T2_drunkard_inebriate,drunkard OR drunkards OR inebriate OR inebriates OR dipsomania OR dipsomaniac,1964,4
T2_drunkard_inebriate,drunkard OR drunkards OR inebriate OR inebriates OR dipsomania OR dipsomaniac,1965,0
T2_drunkard_inebriate,drunkard OR drunkards OR inebriate OR inebriates OR dipsomania OR dipsomaniac,1966,0
T2_drunkard_inebriate,drunkard OR drunkards OR inebriate OR inebriates OR dipsomania OR dipsomaniac,1967,1
T2_drunkard_inebriate,drunkard OR drunkards OR inebriate OR inebriates OR dipsomania OR dipsomaniac,1968,1
T2_drunkard_inebriate,drunkard OR drunkards OR inebriate OR inebriates OR dipsomania OR dipsomaniac,1969,2
T2_drunkard_inebriate,drunkard OR drunkards OR inebriate OR inebriates OR dipsomania OR dipsomaniac,1970,1
T2_drunkard_inebriate,drunkard OR drunkards OR inebriate OR inebriates OR dipsomania OR dipsomaniac,1971,0
T2_drunkard_inebriate,drunkard OR drunkards OR inebriate OR inebriates OR dipsomania OR dipsomaniac,1972,0
T2_drunkard_inebriate,drunkard OR drunkards OR inebriate OR inebriates OR dipsomania OR dipsomaniac,1973,1
T2_drunkard_inebriate,drunkard OR drunkards OR inebriate OR inebriates OR dipsomania OR dipsomaniac,1974,3
T2_drunkard_inebriate,drunkard OR drunkards OR inebriate OR inebriates OR dipsomania OR dipsomaniac,1975,4
T2_drunkard_inebriate,drunkard OR drunkards OR inebriate OR inebriates OR dipsomania OR dipsomaniac,1976,2
T2_drunkard_inebriate,drunkard OR drunkards OR inebriate OR inebriates OR dipsomania OR dipsomaniac,1977,0
T2_drunkard_inebriate,drunkard OR drunkards OR inebriate OR inebriates OR dipsomania OR dipsomaniac,1978,4
T2_drunkard_inebriate,drunkard OR drunkards OR inebriate OR inebriates OR dipsomania OR dipsomaniac,1979,1
T2_drunkard_inebriate,drunkard OR drunkards OR inebriate OR inebriates OR dipsomania OR dipsomaniac,1980,2
T2_drunkard_inebriate,drunkard OR drunkards OR inebriate OR inebriates OR dipsomania OR dipsomaniac,1981,1
T2_drunkard_inebriate,drunkard OR drunkards OR inebriate OR inebriates OR dipsomania OR dipsomaniac,1982,0
T2_drunkard_inebriate,drunkard OR drunkards OR inebriate OR inebriates OR dipsomania OR dipsomaniac,1983,0
T2_drunkard_inebriate,drunkard OR drunkards OR inebriate OR inebriates OR dipsomania OR dipsomaniac,1984,2
T2_drunkard_inebriate,drunkard OR drunkards OR inebriate OR inebriates OR dipsomania OR dipsomaniac,1985,8
T2_drunkard_inebriate,drunkard OR drunkards OR inebriate OR inebriates OR dipsomania OR dipsomaniac,1986,1
T2_drunkard_inebriate,drunkard OR drunkards OR inebriate OR inebriates OR dipsomania OR dipsomaniac,1987,3
T2_drunkard_inebriate,drunkard OR drunkards OR inebriate OR inebriates OR dipsomania OR dipsomaniac,1988,1
T2_drunkard_inebriate,drunkard OR drunkards OR inebriate OR inebriates OR dipsomania OR dipsomaniac,1989,2
T2_drunkard_inebriate,drunkard OR drunkards OR inebriate OR inebriates OR dipsomania OR dipsomaniac,1990,2
T2_drunkard_inebriate,drunkard OR drunkards OR inebriate OR inebriates OR dipsomania OR dipsomaniac,1991,1
T2_drunkard_inebriate,drunkard OR drunkards OR inebriate OR inebriates OR dipsomania OR dipsomaniac,1992,2
T2_drunkard_inebriate,drunkard OR drunkards OR inebriate OR inebriates OR dipsomania OR dipsomaniac,1993,1
T2_drunkard_inebriate,drunkard OR drunkards OR inebriate OR inebriates OR dipsomania OR dipsomaniac,1994,2
T2_drunkard_inebriate,drunkard OR drunkards OR inebriate OR inebriates OR dipsomania OR dipsomaniac,1995,0
T2_drunkard_inebriate,drunkard OR drunkards OR inebriate OR inebriates OR dipsomania OR dipsomaniac,1996,4
T2_drunkard_inebriate,drunkard OR drunkards OR inebriate OR inebriates OR dipsomania OR dipsomaniac,1997,3
T2_drunkard_inebriate,drunkard OR drunkards OR inebriate OR inebriates OR dipsomania OR dipsomaniac,1998,3
T2_drunkard_inebriate,drunkard OR drunkards OR inebriate OR inebriates OR dipsomania OR dipsomaniac,1999,4
T2_drunkard_inebriate,drunkard OR drunkards OR inebriate OR inebriates OR dipsomania OR dipsomaniac,2000,3
T2_drunkard_inebriate,drunkard OR drunkards OR inebriate OR inebriates OR dipsomania OR dipsomaniac,2001,1
T2_drunkard_inebriate,drunkard OR drunkards OR inebriate OR inebriates OR dipsomania OR dipsomaniac,2002,3
T2_drunkard_inebriate,drunkard OR drunkards OR inebriate OR inebriates OR dipsomania OR dipsomaniac,2003,2
T2_drunkard_inebriate,drunkard OR drunkards OR inebriate OR inebriates OR dipsomania OR dipsomaniac,2004,2
T2_drunkard_inebriate,drunkard OR drunkards OR inebriate OR inebriates OR dipsomania OR dipsomaniac,2005,6
T2_drunkard_inebriate,drunkard OR drunkards OR inebriate OR inebriates OR dipsomania OR dipsomaniac,2006,1
T2_drunkard_inebriate,drunkard OR drunkards OR inebriate OR inebriates OR dipsomania OR dipsomaniac,2007,3
T2_drunkard_inebriate,drunkard OR drunkards OR inebriate OR inebriates OR dipsomania OR dipsomaniac,2008,0
T2_drunkard_inebriate,drunkard OR drunkards OR inebriate OR inebriates OR dipsomania OR dipsomaniac,2009,3
T2_drunkard_inebriate,drunkard OR drunkards OR inebriate OR inebriates OR dipsomania OR dipsomaniac,2010,0
T2_drunkard_inebriate,drunkard OR drunkards OR inebriate OR inebriates OR dipsomania OR dipsomaniac,2011,1
T2_drunkard_inebriate,drunkard OR drunkards OR inebriate OR inebriates OR dipsomania OR dipsomaniac,2012,1
T2_drunkard_inebriate,drunkard OR drunkards OR inebriate OR inebriates OR dipsomania OR dipsomaniac,2013,1
T2_drunkard_inebriate,drunkard OR drunkards OR inebriate OR inebriates OR dipsomania OR dipsomaniac,2014,3
T2_drunkard_inebriate,drunkard OR drunkards OR inebriate OR inebriates OR dipsomania OR dipsomaniac,2015,1
T2_drunkard_inebriate,drunkard OR drunkards OR inebriate OR inebriates OR dipsomania OR dipsomaniac,2016,2
T2_drunkard_inebriate,drunkard OR drunkards OR inebriate OR inebriates OR dipsomania OR dipsomaniac,2017,2
T2_drunkard_inebriate,drunkard OR drunkards OR inebriate OR inebriates OR dipsomania OR dipsomaniac,2018,6
T2_drunkard_inebriate,drunkard OR drunkards OR inebriate OR inebriates OR dipsomania OR dipsomaniac,2019,1
T2_drunkard_inebriate,drunkard OR drunkards OR inebriate OR inebriates OR dipsomania OR dipsomaniac,2020,0
T2_drunkard_inebriate,drunkard OR drunkards OR inebriate OR inebriates OR dipsomania OR dipsomaniac,2021,2
T2_drunkard_inebriate,drunkard OR drunkards OR inebriate OR inebriates OR dipsomania OR dipsomaniac,2022,0
T2_drunkard_inebriate,drunkard OR drunkards OR inebriate OR inebriates OR dipsomania OR dipsomaniac,2023,2
T2_drunkard_inebriate,drunkard OR drunkards OR inebriate OR inebriates OR dipsomania OR dipsomaniac,2024,2
T2_mongolian_spot,"""Mongolian spot"" OR ""Mongolian spots"" OR ""Mongolian blue spot""",1950,3
T2_mongolian_spot,"""Mongolian spot"" OR ""Mongolian spots"" OR ""Mongolian blue spot""",1951,2
T2_mongolian_spot,"""Mongolian spot"" OR ""Mongolian spots"" OR ""Mongolian blue spot""",1952,0
T2_mongolian_spot,"""Mongolian spot"" OR ""Mongolian spots"" OR ""Mongolian blue spot""",1953,2
T2_mongolian_spot,"""Mongolian spot"" OR ""Mongolian spots"" OR ""Mongolian blue spot""",1954,2
T2_mongolian_spot,"""Mongolian spot"" OR ""Mongolian spots"" OR ""Mongolian blue spot""",1955,0
T2_mongolian_spot,"""Mongolian spot"" OR ""Mongolian spots"" OR ""Mongolian blue spot""",1956,0
T2_mongolian_spot,"""Mongolian spot"" OR ""Mongolian spots"" OR ""Mongolian blue spot""",1957,0
T2_mongolian_spot,"""Mongolian spot"" OR ""Mongolian spots"" OR ""Mongolian blue spot""",1958,0
T2_mongolian_spot,"""Mongolian spot"" OR ""Mongolian spots"" OR ""Mongolian blue spot""",1959,0
T2_mongolian_spot,"""Mongolian spot"" OR ""Mongolian spots"" OR ""Mongolian blue spot""",1960,1
T2_mongolian_spot,"""Mongolian spot"" OR ""Mongolian spots"" OR ""Mongolian blue spot""",1961,0
T2_mongolian_spot,"""Mongolian spot"" OR ""Mongolian spots"" OR ""Mongolian blue spot""",1962,0
T2_mongolian_spot,"""Mongolian spot"" OR ""Mongolian spots"" OR ""Mongolian blue spot""",1963,1
T2_mongolian_spot,"""Mongolian spot"" OR ""Mongolian spots"" OR ""Mongolian blue spot""",1964,0
T2_mongolian_spot,"""Mongolian spot"" OR ""Mongolian spots"" OR ""Mongolian blue spot""",1965,2
T2_mongolian_spot,"""Mongolian spot"" OR ""Mongolian spots"" OR ""Mongolian blue spot""",1966,0
T2_mongolian_spot,"""Mongolian spot"" OR ""Mongolian spots"" OR ""Mongolian blue spot""",1967,0
T2_mongolian_spot,"""Mongolian spot"" OR ""Mongolian spots"" OR ""Mongolian blue spot""",1968,0
T2_mongolian_spot,"""Mongolian spot"" OR ""Mongolian spots"" OR ""Mongolian blue spot""",1969,2
T2_mongolian_spot,"""Mongolian spot"" OR ""Mongolian spots"" OR ""Mongolian blue spot""",1970,1
T2_mongolian_spot,"""Mongolian spot"" OR ""Mongolian spots"" OR ""Mongolian blue spot""",1971,2
T2_mongolian_spot,"""Mongolian spot"" OR ""Mongolian spots"" OR ""Mongolian blue spot""",1972,0
T2_mongolian_spot,"""Mongolian spot"" OR ""Mongolian spots"" OR ""Mongolian blue spot""",1973,0
T2_mongolian_spot,"""Mongolian spot"" OR ""Mongolian spots"" OR ""Mongolian blue spot""",1974,0
T2_mongolian_spot,"""Mongolian spot"" OR ""Mongolian spots"" OR ""Mongolian blue spot""",1975,1
T2_mongolian_spot,"""Mongolian spot"" OR ""Mongolian spots"" OR ""Mongolian blue spot""",1976,0
T2_mongolian_spot,"""Mongolian spot"" OR ""Mongolian spots"" OR ""Mongolian blue spot""",1977,1
T2_mongolian_spot,"""Mongolian spot"" OR ""Mongolian spots"" OR ""Mongolian blue spot""",1978,1
T2_mongolian_spot,"""Mongolian spot"" OR ""Mongolian spots"" OR ""Mongolian blue spot""",1979,1
T2_mongolian_spot,"""Mongolian spot"" OR ""Mongolian spots"" OR ""Mongolian blue spot""",1980,4
T2_mongolian_spot,"""Mongolian spot"" OR ""Mongolian spots"" OR ""Mongolian blue spot""",1981,5
T2_mongolian_spot,"""Mongolian spot"" OR ""Mongolian spots"" OR ""Mongolian blue spot""",1982,3
T2_mongolian_spot,"""Mongolian spot"" OR ""Mongolian spots"" OR ""Mongolian blue spot""",1983,1
T2_mongolian_spot,"""Mongolian spot"" OR ""Mongolian spots"" OR ""Mongolian blue spot""",1984,3
T2_mongolian_spot,"""Mongolian spot"" OR ""Mongolian spots"" OR ""Mongolian blue spot""",1985,1
T2_mongolian_spot,"""Mongolian spot"" OR ""Mongolian spots"" OR ""Mongolian blue spot""",1986,4
T2_mongolian_spot,"""Mongolian spot"" OR ""Mongolian spots"" OR ""Mongolian blue spot""",1987,2
T2_mongolian_spot,"""Mongolian spot"" OR ""Mongolian spots"" OR ""Mongolian blue spot""",1988,3
T2_mongolian_spot,"""Mongolian spot"" OR ""Mongolian spots"" OR ""Mongolian blue spot""",1989,7
T2_mongolian_spot,"""Mongolian spot"" OR ""Mongolian spots"" OR ""Mongolian blue spot""",1990,4
T2_mongolian_spot,"""Mongolian spot"" OR ""Mongolian spots"" OR ""Mongolian blue spot""",1991,3
T2_mongolian_spot,"""Mongolian spot"" OR ""Mongolian spots"" OR ""Mongolian blue spot""",1992,3
T2_mongolian_spot,"""Mongolian spot"" OR ""Mongolian spots"" OR ""Mongolian blue spot""",1993,10
T2_mongolian_spot,"""Mongolian spot"" OR ""Mongolian spots"" OR ""Mongolian blue spot""",1994,2
T2_mongolian_spot,"""Mongolian spot"" OR ""Mongolian spots"" OR ""Mongolian blue spot""",1995,5
T2_mongolian_spot,"""Mongolian spot"" OR ""Mongolian spots"" OR ""Mongolian blue spot""",1996,4
T2_mongolian_spot,"""Mongolian spot"" OR ""Mongolian spots"" OR ""Mongolian blue spot""",1997,3
T2_mongolian_spot,"""Mongolian spot"" OR ""Mongolian spots"" OR ""Mongolian blue spot""",1998,4
T2_mongolian_spot,"""Mongolian spot"" OR ""Mongolian spots"" OR ""Mongolian blue spot""",1999,4
T2_mongolian_spot,"""Mongolian spot"" OR ""Mongolian spots"" OR ""Mongolian blue spot""",2000,2
T2_mongolian_spot,"""Mongolian spot"" OR ""Mongolian spots"" OR ""Mongolian blue spot""",2001,2
T2_mongolian_spot,"""Mongolian spot"" OR ""Mongolian spots"" OR ""Mongolian blue spot""",2002,2
T2_mongolian_spot,"""Mongolian spot"" OR ""Mongolian spots"" OR ""Mongolian blue spot""",2003,5
T2_mongolian_spot,"""Mongolian spot"" OR ""Mongolian spots"" OR ""Mongolian blue spot""",2004,2
T2_mongolian_spot,"""Mongolian spot"" OR ""Mongolian spots"" OR ""Mongolian blue spot""",2005,2
T2_mongolian_spot,"""Mongolian spot"" OR ""Mongolian spots"" OR ""Mongolian blue spot""",2006,6
T2_mongolian_spot,"""Mongolian spot"" OR ""Mongolian spots"" OR ""Mongolian blue spot""",2007,10
T2_mongolian_spot,"""Mongolian spot"" OR ""Mongolian spots"" OR ""Mongolian blue spot""",2008,6
T2_mongolian_spot,"""Mongolian spot"" OR ""Mongolian spots"" OR ""Mongolian blue spot""",2009,6
T2_mongolian_spot,"""Mongolian spot"" OR ""Mongolian spots"" OR ""Mongolian blue spot""",2010,7
T2_mongolian_spot,"""Mongolian spot"" OR ""Mongolian spots"" OR ""Mongolian blue spot""",2011,5
T2_mongolian_spot,"""Mongolian spot"" OR ""Mongolian spots"" OR ""Mongolian blue spot""",2012,9
T2_mongolian_spot,"""Mongolian spot"" OR ""Mongolian spots"" OR ""Mongolian blue spot""",2013,18
T2_mongolian_spot,"""Mongolian spot"" OR ""Mongolian spots"" OR ""Mongolian blue spot""",2014,5
T2_mongolian_spot,"""Mongolian spot"" OR ""Mongolian spots"" OR ""Mongolian blue spot""",2015,10
T2_mongolian_spot,"""Mongolian spot"" OR ""Mongolian spots"" OR ""Mongolian blue spot""",2016,9
T2_mongolian_spot,"""Mongolian spot"" OR ""Mongolian spots"" OR ""Mongolian blue spot""",2017,3
T2_mongolian_spot,"""Mongolian spot"" OR ""Mongolian spots"" OR ""Mongolian blue spot""",2018,9
T2_mongolian_spot,"""Mongolian spot"" OR ""Mongolian spots"" OR ""Mongolian blue spot""",2019,9
T2_mongolian_spot,"""Mongolian spot"" OR ""Mongolian spots"" OR ""Mongolian blue spot""",2020,7
T2_mongolian_spot,"""Mongolian spot"" OR ""Mongolian spots"" OR ""Mongolian blue spot""",2021,7
T2_mongolian_spot,"""Mongolian spot"" OR ""Mongolian spots"" OR ""Mongolian blue spot""",2022,4
T2_mongolian_spot,"""Mongolian spot"" OR ""Mongolian spots"" OR ""Mongolian blue spot""",2023,12
T2_mongolian_spot,"""Mongolian spot"" OR ""Mongolian spots"" OR ""Mongolian blue spot""",2024,9
T2_negroid_descriptor,"""Negroid race"" OR ""Negroid descent"" OR ""Negroid ancestry"" OR ""Negroid patient"" OR ""Negroid subject""",1950,0
T2_negroid_descriptor,"""Negroid race"" OR ""Negroid descent"" OR ""Negroid ancestry"" OR ""Negroid patient"" OR ""Negroid subject""",1951,0
T2_negroid_descriptor,"""Negroid race"" OR ""Negroid descent"" OR ""Negroid ancestry"" OR ""Negroid patient"" OR ""Negroid subject""",1952,0
T2_negroid_descriptor,"""Negroid race"" OR ""Negroid descent"" OR ""Negroid ancestry"" OR ""Negroid patient"" OR ""Negroid subject""",1953,0
T2_negroid_descriptor,"""Negroid race"" OR ""Negroid descent"" OR ""Negroid ancestry"" OR ""Negroid patient"" OR ""Negroid subject""",1954,0
T2_negroid_descriptor,"""Negroid race"" OR ""Negroid descent"" OR ""Negroid ancestry"" OR ""Negroid patient"" OR ""Negroid subject""",1955,0
T2_negroid_descriptor,"""Negroid race"" OR ""Negroid descent"" OR ""Negroid ancestry"" OR ""Negroid patient"" OR ""Negroid subject""",1956,0
T2_negroid_descriptor,"""Negroid race"" OR ""Negroid descent"" OR ""Negroid ancestry"" OR ""Negroid patient"" OR ""Negroid subject""",1957,0
T2_negroid_descriptor,"""Negroid race"" OR ""Negroid descent"" OR ""Negroid ancestry"" OR ""Negroid patient"" OR ""Negroid subject""",1958,0
T2_negroid_descriptor,"""Negroid race"" OR ""Negroid descent"" OR ""Negroid ancestry"" OR ""Negroid patient"" OR ""Negroid subject""",1959,0
T2_negroid_descriptor,"""Negroid race"" OR ""Negroid descent"" OR ""Negroid ancestry"" OR ""Negroid patient"" OR ""Negroid subject""",1960,0
T2_negroid_descriptor,"""Negroid race"" OR ""Negroid descent"" OR ""Negroid ancestry"" OR ""Negroid patient"" OR ""Negroid subject""",1961,0
T2_negroid_descriptor,"""Negroid race"" OR ""Negroid descent"" OR ""Negroid ancestry"" OR ""Negroid patient"" OR ""Negroid subject""",1962,0
T2_negroid_descriptor,"""Negroid race"" OR ""Negroid descent"" OR ""Negroid ancestry"" OR ""Negroid patient"" OR ""Negroid subject""",1963,0
T2_negroid_descriptor,"""Negroid race"" OR ""Negroid descent"" OR ""Negroid ancestry"" OR ""Negroid patient"" OR ""Negroid subject""",1964,0
T2_negroid_descriptor,"""Negroid race"" OR ""Negroid descent"" OR ""Negroid ancestry"" OR ""Negroid patient"" OR ""Negroid subject""",1965,0
T2_negroid_descriptor,"""Negroid race"" OR ""Negroid descent"" OR ""Negroid ancestry"" OR ""Negroid patient"" OR ""Negroid subject""",1966,0
T2_negroid_descriptor,"""Negroid race"" OR ""Negroid descent"" OR ""Negroid ancestry"" OR ""Negroid patient"" OR ""Negroid subject""",1967,0
T2_negroid_descriptor,"""Negroid race"" OR ""Negroid descent"" OR ""Negroid ancestry"" OR ""Negroid patient"" OR ""Negroid subject""",1968,0
T2_negroid_descriptor,"""Negroid race"" OR ""Negroid descent"" OR ""Negroid ancestry"" OR ""Negroid patient"" OR ""Negroid subject""",1969,0
T2_negroid_descriptor,"""Negroid race"" OR ""Negroid descent"" OR ""Negroid ancestry"" OR ""Negroid patient"" OR ""Negroid subject""",1970,0
T2_negroid_descriptor,"""Negroid race"" OR ""Negroid descent"" OR ""Negroid ancestry"" OR ""Negroid patient"" OR ""Negroid subject""",1971,0
T2_negroid_descriptor,"""Negroid race"" OR ""Negroid descent"" OR ""Negroid ancestry"" OR ""Negroid patient"" OR ""Negroid subject""",1972,1
T2_negroid_descriptor,"""Negroid race"" OR ""Negroid descent"" OR ""Negroid ancestry"" OR ""Negroid patient"" OR ""Negroid subject""",1973,1
T2_negroid_descriptor,"""Negroid race"" OR ""Negroid descent"" OR ""Negroid ancestry"" OR ""Negroid patient"" OR ""Negroid subject""",1974,0
T2_negroid_descriptor,"""Negroid race"" OR ""Negroid descent"" OR ""Negroid ancestry"" OR ""Negroid patient"" OR ""Negroid subject""",1975,1
T2_negroid_descriptor,"""Negroid race"" OR ""Negroid descent"" OR ""Negroid ancestry"" OR ""Negroid patient"" OR ""Negroid subject""",1976,0
T2_negroid_descriptor,"""Negroid race"" OR ""Negroid descent"" OR ""Negroid ancestry"" OR ""Negroid patient"" OR ""Negroid subject""",1977,0
T2_negroid_descriptor,"""Negroid race"" OR ""Negroid descent"" OR ""Negroid ancestry"" OR ""Negroid patient"" OR ""Negroid subject""",1978,0
T2_negroid_descriptor,"""Negroid race"" OR ""Negroid descent"" OR ""Negroid ancestry"" OR ""Negroid patient"" OR ""Negroid subject""",1979,1
T2_negroid_descriptor,"""Negroid race"" OR ""Negroid descent"" OR ""Negroid ancestry"" OR ""Negroid patient"" OR ""Negroid subject""",1980,1
T2_negroid_descriptor,"""Negroid race"" OR ""Negroid descent"" OR ""Negroid ancestry"" OR ""Negroid patient"" OR ""Negroid subject""",1981,0
T2_negroid_descriptor,"""Negroid race"" OR ""Negroid descent"" OR ""Negroid ancestry"" OR ""Negroid patient"" OR ""Negroid subject""",1982,0
T2_negroid_descriptor,"""Negroid race"" OR ""Negroid descent"" OR ""Negroid ancestry"" OR ""Negroid patient"" OR ""Negroid subject""",1983,1
T2_negroid_descriptor,"""Negroid race"" OR ""Negroid descent"" OR ""Negroid ancestry"" OR ""Negroid patient"" OR ""Negroid subject""",1984,3
T2_negroid_descriptor,"""Negroid race"" OR ""Negroid descent"" OR ""Negroid ancestry"" OR ""Negroid patient"" OR ""Negroid subject""",1985,0
T2_negroid_descriptor,"""Negroid race"" OR ""Negroid descent"" OR ""Negroid ancestry"" OR ""Negroid patient"" OR ""Negroid subject""",1986,0
T2_negroid_descriptor,"""Negroid race"" OR ""Negroid descent"" OR ""Negroid ancestry"" OR ""Negroid patient"" OR ""Negroid subject""",1987,1
T2_negroid_descriptor,"""Negroid race"" OR ""Negroid descent"" OR ""Negroid ancestry"" OR ""Negroid patient"" OR ""Negroid subject""",1988,2
T2_negroid_descriptor,"""Negroid race"" OR ""Negroid descent"" OR ""Negroid ancestry"" OR ""Negroid patient"" OR ""Negroid subject""",1989,3
T2_negroid_descriptor,"""Negroid race"" OR ""Negroid descent"" OR ""Negroid ancestry"" OR ""Negroid patient"" OR ""Negroid subject""",1990,2
T2_negroid_descriptor,"""Negroid race"" OR ""Negroid descent"" OR ""Negroid ancestry"" OR ""Negroid patient"" OR ""Negroid subject""",1991,1
T2_negroid_descriptor,"""Negroid race"" OR ""Negroid descent"" OR ""Negroid ancestry"" OR ""Negroid patient"" OR ""Negroid subject""",1992,1
T2_negroid_descriptor,"""Negroid race"" OR ""Negroid descent"" OR ""Negroid ancestry"" OR ""Negroid patient"" OR ""Negroid subject""",1993,2
T2_negroid_descriptor,"""Negroid race"" OR ""Negroid descent"" OR ""Negroid ancestry"" OR ""Negroid patient"" OR ""Negroid subject""",1994,0
T2_negroid_descriptor,"""Negroid race"" OR ""Negroid descent"" OR ""Negroid ancestry"" OR ""Negroid patient"" OR ""Negroid subject""",1995,0
T2_negroid_descriptor,"""Negroid race"" OR ""Negroid descent"" OR ""Negroid ancestry"" OR ""Negroid patient"" OR ""Negroid subject""",1996,0
T2_negroid_descriptor,"""Negroid race"" OR ""Negroid descent"" OR ""Negroid ancestry"" OR ""Negroid patient"" OR ""Negroid subject""",1997,1
T2_negroid_descriptor,"""Negroid race"" OR ""Negroid descent"" OR ""Negroid ancestry"" OR ""Negroid patient"" OR ""Negroid subject""",1998,1
T2_negroid_descriptor,"""Negroid race"" OR ""Negroid descent"" OR ""Negroid ancestry"" OR ""Negroid patient"" OR ""Negroid subject""",1999,0
T2_negroid_descriptor,"""Negroid race"" OR ""Negroid descent"" OR ""Negroid ancestry"" OR ""Negroid patient"" OR ""Negroid subject""",2000,2
T2_negroid_descriptor,"""Negroid race"" OR ""Negroid descent"" OR ""Negroid ancestry"" OR ""Negroid patient"" OR ""Negroid subject""",2001,0
T2_negroid_descriptor,"""Negroid race"" OR ""Negroid descent"" OR ""Negroid ancestry"" OR ""Negroid patient"" OR ""Negroid subject""",2002,2
T2_negroid_descriptor,"""Negroid race"" OR ""Negroid descent"" OR ""Negroid ancestry"" OR ""Negroid patient"" OR ""Negroid subject""",2003,0
T2_negroid_descriptor,"""Negroid race"" OR ""Negroid descent"" OR ""Negroid ancestry"" OR ""Negroid patient"" OR ""Negroid subject""",2004,1
T2_negroid_descriptor,"""Negroid race"" OR ""Negroid descent"" OR ""Negroid ancestry"" OR ""Negroid patient"" OR ""Negroid subject""",2005,1
T2_negroid_descriptor,"""Negroid race"" OR ""Negroid descent"" OR ""Negroid ancestry"" OR ""Negroid patient"" OR ""Negroid subject""",2006,5
T2_negroid_descriptor,"""Negroid race"" OR ""Negroid descent"" OR ""Negroid ancestry"" OR ""Negroid patient"" OR ""Negroid subject""",2007,1
T2_negroid_descriptor,"""Negroid race"" OR ""Negroid descent"" OR ""Negroid ancestry"" OR ""Negroid patient"" OR ""Negroid subject""",2008,0
T2_negroid_descriptor,"""Negroid race"" OR ""Negroid descent"" OR ""Negroid ancestry"" OR ""Negroid patient"" OR ""Negroid subject""",2009,0
T2_negroid_descriptor,"""Negroid race"" OR ""Negroid descent"" OR ""Negroid ancestry"" OR ""Negroid patient"" OR ""Negroid subject""",2010,1
T2_negroid_descriptor,"""Negroid race"" OR ""Negroid descent"" OR ""Negroid ancestry"" OR ""Negroid patient"" OR ""Negroid subject""",2011,0
T2_negroid_descriptor,"""Negroid race"" OR ""Negroid descent"" OR ""Negroid ancestry"" OR ""Negroid patient"" OR ""Negroid subject""",2012,0
T2_negroid_descriptor,"""Negroid race"" OR ""Negroid descent"" OR ""Negroid ancestry"" OR ""Negroid patient"" OR ""Negroid subject""",2013,0
T2_negroid_descriptor,"""Negroid race"" OR ""Negroid descent"" OR ""Negroid ancestry"" OR ""Negroid patient"" OR ""Negroid subject""",2014,0
T2_negroid_descriptor,"""Negroid race"" OR ""Negroid descent"" OR ""Negroid ancestry"" OR ""Negroid patient"" OR ""Negroid subject""",2015,1
T2_negroid_descriptor,"""Negroid race"" OR ""Negroid descent"" OR ""Negroid ancestry"" OR ""Negroid patient"" OR ""Negroid subject""",2016,0
T2_negroid_descriptor,"""Negroid race"" OR ""Negroid descent"" OR ""Negroid ancestry"" OR ""Negroid patient"" OR ""Negroid subject""",2017,0
T2_negroid_descriptor,"""Negroid race"" OR ""Negroid descent"" OR ""Negroid ancestry"" OR ""Negroid patient"" OR ""Negroid subject""",2018,0
T2_negroid_descriptor,"""Negroid race"" OR ""Negroid descent"" OR ""Negroid ancestry"" OR ""Negroid patient"" OR ""Negroid subject""",2019,1
T2_negroid_descriptor,"""Negroid race"" OR ""Negroid descent"" OR ""Negroid ancestry"" OR ""Negroid patient"" OR ""Negroid subject""",2020,1
T2_negroid_descriptor,"""Negroid race"" OR ""Negroid descent"" OR ""Negroid ancestry"" OR ""Negroid patient"" OR ""Negroid subject""",2021,0
T2_negroid_descriptor,"""Negroid race"" OR ""Negroid descent"" OR ""Negroid ancestry"" OR ""Negroid patient"" OR ""Negroid subject""",2022,0
T2_negroid_descriptor,"""Negroid race"" OR ""Negroid descent"" OR ""Negroid ancestry"" OR ""Negroid patient"" OR ""Negroid subject""",2023,0
T2_negroid_descriptor,"""Negroid race"" OR ""Negroid descent"" OR ""Negroid ancestry"" OR ""Negroid patient"" OR ""Negroid subject""",2024,0
T2_electroshock,"electroshock OR ""electric shock therapy"" OR ""shock therapy""",1940,0
T2_electroshock,"electroshock OR ""electric shock therapy"" OR ""shock therapy""",1941,1
T2_electroshock,"electroshock OR ""electric shock therapy"" OR ""shock therapy""",1942,3
T2_electroshock,"electroshock OR ""electric shock therapy"" OR ""shock therapy""",1943,3
T2_electroshock,"electroshock OR ""electric shock therapy"" OR ""shock therapy""",1944,2
T2_electroshock,"electroshock OR ""electric shock therapy"" OR ""shock therapy""",1945,29
T2_electroshock,"electroshock OR ""electric shock therapy"" OR ""shock therapy""",1946,95
T2_electroshock,"electroshock OR ""electric shock therapy"" OR ""shock therapy""",1947,102
T2_electroshock,"electroshock OR ""electric shock therapy"" OR ""shock therapy""",1948,167
T2_electroshock,"electroshock OR ""electric shock therapy"" OR ""shock therapy""",1949,119
T2_electroshock,"electroshock OR ""electric shock therapy"" OR ""shock therapy""",1950,254
T2_electroshock,"electroshock OR ""electric shock therapy"" OR ""shock therapy""",1951,268
T2_electroshock,"electroshock OR ""electric shock therapy"" OR ""shock therapy""",1952,324
T2_electroshock,"electroshock OR ""electric shock therapy"" OR ""shock therapy""",1953,293
T2_electroshock,"electroshock OR ""electric shock therapy"" OR ""shock therapy""",1954,313
T2_electroshock,"electroshock OR ""electric shock therapy"" OR ""shock therapy""",1955,238
T2_electroshock,"electroshock OR ""electric shock therapy"" OR ""shock therapy""",1956,242
T2_electroshock,"electroshock OR ""electric shock therapy"" OR ""shock therapy""",1957,219
T2_electroshock,"electroshock OR ""electric shock therapy"" OR ""shock therapy""",1958,207
T2_electroshock,"electroshock OR ""electric shock therapy"" OR ""shock therapy""",1959,199
T2_electroshock,"electroshock OR ""electric shock therapy"" OR ""shock therapy""",1960,208
T2_electroshock,"electroshock OR ""electric shock therapy"" OR ""shock therapy""",1961,175
T2_electroshock,"electroshock OR ""electric shock therapy"" OR ""shock therapy""",1962,162
T2_electroshock,"electroshock OR ""electric shock therapy"" OR ""shock therapy""",1963,183
T2_electroshock,"electroshock OR ""electric shock therapy"" OR ""shock therapy""",1964,268
T2_electroshock,"electroshock OR ""electric shock therapy"" OR ""shock therapy""",1965,167
T2_electroshock,"electroshock OR ""electric shock therapy"" OR ""shock therapy""",1966,44
T2_electroshock,"electroshock OR ""electric shock therapy"" OR ""shock therapy""",1967,34
T2_electroshock,"electroshock OR ""electric shock therapy"" OR ""shock therapy""",1968,50
T2_electroshock,"electroshock OR ""electric shock therapy"" OR ""shock therapy""",1969,32
T2_electroshock,"electroshock OR ""electric shock therapy"" OR ""shock therapy""",1970,31
T2_electroshock,"electroshock OR ""electric shock therapy"" OR ""shock therapy""",1971,31
T2_electroshock,"electroshock OR ""electric shock therapy"" OR ""shock therapy""",1972,19
T2_electroshock,"electroshock OR ""electric shock therapy"" OR ""shock therapy""",1973,21
T2_electroshock,"electroshock OR ""electric shock therapy"" OR ""shock therapy""",1974,13
T2_electroshock,"electroshock OR ""electric shock therapy"" OR ""shock therapy""",1975,51
T2_electroshock,"electroshock OR ""electric shock therapy"" OR ""shock therapy""",1976,51
T2_electroshock,"electroshock OR ""electric shock therapy"" OR ""shock therapy""",1977,52
T2_electroshock,"electroshock OR ""electric shock therapy"" OR ""shock therapy""",1978,55
T2_electroshock,"electroshock OR ""electric shock therapy"" OR ""shock therapy""",1979,40
T2_electroshock,"electroshock OR ""electric shock therapy"" OR ""shock therapy""",1980,38
T2_electroshock,"electroshock OR ""electric shock therapy"" OR ""shock therapy""",1981,49
T2_electroshock,"electroshock OR ""electric shock therapy"" OR ""shock therapy""",1982,71
T2_electroshock,"electroshock OR ""electric shock therapy"" OR ""shock therapy""",1983,66
T2_electroshock,"electroshock OR ""electric shock therapy"" OR ""shock therapy""",1984,70
T2_electroshock,"electroshock OR ""electric shock therapy"" OR ""shock therapy""",1985,64
T2_electroshock,"electroshock OR ""electric shock therapy"" OR ""shock therapy""",1986,69
T2_electroshock,"electroshock OR ""electric shock therapy"" OR ""shock therapy""",1987,64
T2_electroshock,"electroshock OR ""electric shock therapy"" OR ""shock therapy""",1988,71
T2_electroshock,"electroshock OR ""electric shock therapy"" OR ""shock therapy""",1989,60
T2_electroshock,"electroshock OR ""electric shock therapy"" OR ""shock therapy""",1990,65
T2_electroshock,"electroshock OR ""electric shock therapy"" OR ""shock therapy""",1991,68
T2_electroshock,"electroshock OR ""electric shock therapy"" OR ""shock therapy""",1992,68
T2_electroshock,"electroshock OR ""electric shock therapy"" OR ""shock therapy""",1993,67
T2_electroshock,"electroshock OR ""electric shock therapy"" OR ""shock therapy""",1994,69
T2_electroshock,"electroshock OR ""electric shock therapy"" OR ""shock therapy""",1995,68
T2_electroshock,"electroshock OR ""electric shock therapy"" OR ""shock therapy""",1996,72
T2_electroshock,"electroshock OR ""electric shock therapy"" OR ""shock therapy""",1997,63
T2_electroshock,"electroshock OR ""electric shock therapy"" OR ""shock therapy""",1998,82
T2_electroshock,"electroshock OR ""electric shock therapy"" OR ""shock therapy""",1999,63
T2_electroshock,"electroshock OR ""electric shock therapy"" OR ""shock therapy""",2000,66
T2_electroshock,"electroshock OR ""electric shock therapy"" OR ""shock therapy""",2001,61
T2_electroshock,"electroshock OR ""electric shock therapy"" OR ""shock therapy""",2002,66
T2_electroshock,"electroshock OR ""electric shock therapy"" OR ""shock therapy""",2003,68
T2_electroshock,"electroshock OR ""electric shock therapy"" OR ""shock therapy""",2004,84
T2_electroshock,"electroshock OR ""electric shock therapy"" OR ""shock therapy""",2005,72
T2_electroshock,"electroshock OR ""electric shock therapy"" OR ""shock therapy""",2006,72
T2_electroshock,"electroshock OR ""electric shock therapy"" OR ""shock therapy""",2007,93
T2_electroshock,"electroshock OR ""electric shock therapy"" OR ""shock therapy""",2008,90
T2_electroshock,"electroshock OR ""electric shock therapy"" OR ""shock therapy""",2009,96
T2_electroshock,"electroshock OR ""electric shock therapy"" OR ""shock therapy""",2010,118
T2_electroshock,"electroshock OR ""electric shock therapy"" OR ""shock therapy""",2011,112
T2_electroshock,"electroshock OR ""electric shock therapy"" OR ""shock therapy""",2012,118
T2_electroshock,"electroshock OR ""electric shock therapy"" OR ""shock therapy""",2013,126
T2_electroshock,"electroshock OR ""electric shock therapy"" OR ""shock therapy""",2014,110
T2_electroshock,"electroshock OR ""electric shock therapy"" OR ""shock therapy""",2015,103
T2_electroshock,"electroshock OR ""electric shock therapy"" OR ""shock therapy""",2016,119
T2_electroshock,"electroshock OR ""electric shock therapy"" OR ""shock therapy""",2017,125
T2_electroshock,"electroshock OR ""electric shock therapy"" OR ""shock therapy""",2018,88
T2_electroshock,"electroshock OR ""electric shock therapy"" OR ""shock therapy""",2019,101
T2_electroshock,"electroshock OR ""electric shock therapy"" OR ""shock therapy""",2020,85
T2_electroshock,"electroshock OR ""electric shock therapy"" OR ""shock therapy""",2021,100
T2_electroshock,"electroshock OR ""electric shock therapy"" OR ""shock therapy""",2022,85
T2_electroshock,"electroshock OR ""electric shock therapy"" OR ""shock therapy""",2023,84
T2_electroshock,"electroshock OR ""electric shock therapy"" OR ""shock therapy""",2024,82
T2_metrazol,"metrazol OR cardiazol OR ""convulsive therapy"" OR ""pentylenetetrazol convulsive""",1940,2
T2_metrazol,"metrazol OR cardiazol OR ""convulsive therapy"" OR ""pentylenetetrazol convulsive""",1941,0
T2_metrazol,"metrazol OR cardiazol OR ""convulsive therapy"" OR ""pentylenetetrazol convulsive""",1942,2
T2_metrazol,"metrazol OR cardiazol OR ""convulsive therapy"" OR ""pentylenetetrazol convulsive""",1943,0
T2_metrazol,"metrazol OR cardiazol OR ""convulsive therapy"" OR ""pentylenetetrazol convulsive""",1944,2
T2_metrazol,"metrazol OR cardiazol OR ""convulsive therapy"" OR ""pentylenetetrazol convulsive""",1945,11
T2_metrazol,"metrazol OR cardiazol OR ""convulsive therapy"" OR ""pentylenetetrazol convulsive""",1946,32
T2_metrazol,"metrazol OR cardiazol OR ""convulsive therapy"" OR ""pentylenetetrazol convulsive""",1947,21
T2_metrazol,"metrazol OR cardiazol OR ""convulsive therapy"" OR ""pentylenetetrazol convulsive""",1948,31
T2_metrazol,"metrazol OR cardiazol OR ""convulsive therapy"" OR ""pentylenetetrazol convulsive""",1949,16
T2_metrazol,"metrazol OR cardiazol OR ""convulsive therapy"" OR ""pentylenetetrazol convulsive""",1950,36
T2_metrazol,"metrazol OR cardiazol OR ""convulsive therapy"" OR ""pentylenetetrazol convulsive""",1951,33
T2_metrazol,"metrazol OR cardiazol OR ""convulsive therapy"" OR ""pentylenetetrazol convulsive""",1952,37
T2_metrazol,"metrazol OR cardiazol OR ""convulsive therapy"" OR ""pentylenetetrazol convulsive""",1953,44
T2_metrazol,"metrazol OR cardiazol OR ""convulsive therapy"" OR ""pentylenetetrazol convulsive""",1954,36
T2_metrazol,"metrazol OR cardiazol OR ""convulsive therapy"" OR ""pentylenetetrazol convulsive""",1955,34
T2_metrazol,"metrazol OR cardiazol OR ""convulsive therapy"" OR ""pentylenetetrazol convulsive""",1956,23
T2_metrazol,"metrazol OR cardiazol OR ""convulsive therapy"" OR ""pentylenetetrazol convulsive""",1957,23
T2_metrazol,"metrazol OR cardiazol OR ""convulsive therapy"" OR ""pentylenetetrazol convulsive""",1958,26
T2_metrazol,"metrazol OR cardiazol OR ""convulsive therapy"" OR ""pentylenetetrazol convulsive""",1959,21
T2_metrazol,"metrazol OR cardiazol OR ""convulsive therapy"" OR ""pentylenetetrazol convulsive""",1960,15
T2_metrazol,"metrazol OR cardiazol OR ""convulsive therapy"" OR ""pentylenetetrazol convulsive""",1961,13
T2_metrazol,"metrazol OR cardiazol OR ""convulsive therapy"" OR ""pentylenetetrazol convulsive""",1962,13
T2_metrazol,"metrazol OR cardiazol OR ""convulsive therapy"" OR ""pentylenetetrazol convulsive""",1963,18
T2_metrazol,"metrazol OR cardiazol OR ""convulsive therapy"" OR ""pentylenetetrazol convulsive""",1964,12
T2_metrazol,"metrazol OR cardiazol OR ""convulsive therapy"" OR ""pentylenetetrazol convulsive""",1965,16
T2_metrazol,"metrazol OR cardiazol OR ""convulsive therapy"" OR ""pentylenetetrazol convulsive""",1966,17
T2_metrazol,"metrazol OR cardiazol OR ""convulsive therapy"" OR ""pentylenetetrazol convulsive""",1967,14
T2_metrazol,"metrazol OR cardiazol OR ""convulsive therapy"" OR ""pentylenetetrazol convulsive""",1968,14
T2_metrazol,"metrazol OR cardiazol OR ""convulsive therapy"" OR ""pentylenetetrazol convulsive""",1969,18
T2_metrazol,"metrazol OR cardiazol OR ""convulsive therapy"" OR ""pentylenetetrazol convulsive""",1970,18
T2_metrazol,"metrazol OR cardiazol OR ""convulsive therapy"" OR ""pentylenetetrazol convulsive""",1971,9
T2_metrazol,"metrazol OR cardiazol OR ""convulsive therapy"" OR ""pentylenetetrazol convulsive""",1972,13
T2_metrazol,"metrazol OR cardiazol OR ""convulsive therapy"" OR ""pentylenetetrazol convulsive""",1973,13
T2_metrazol,"metrazol OR cardiazol OR ""convulsive therapy"" OR ""pentylenetetrazol convulsive""",1974,11
T2_metrazol,"metrazol OR cardiazol OR ""convulsive therapy"" OR ""pentylenetetrazol convulsive""",1975,21
T2_metrazol,"metrazol OR cardiazol OR ""convulsive therapy"" OR ""pentylenetetrazol convulsive""",1976,21
T2_metrazol,"metrazol OR cardiazol OR ""convulsive therapy"" OR ""pentylenetetrazol convulsive""",1977,7
T2_metrazol,"metrazol OR cardiazol OR ""convulsive therapy"" OR ""pentylenetetrazol convulsive""",1978,14
T2_metrazol,"metrazol OR cardiazol OR ""convulsive therapy"" OR ""pentylenetetrazol convulsive""",1979,9
T2_metrazol,"metrazol OR cardiazol OR ""convulsive therapy"" OR ""pentylenetetrazol convulsive""",1980,22
T2_metrazol,"metrazol OR cardiazol OR ""convulsive therapy"" OR ""pentylenetetrazol convulsive""",1981,16
T2_metrazol,"metrazol OR cardiazol OR ""convulsive therapy"" OR ""pentylenetetrazol convulsive""",1982,14
T2_metrazol,"metrazol OR cardiazol OR ""convulsive therapy"" OR ""pentylenetetrazol convulsive""",1983,14
T2_metrazol,"metrazol OR cardiazol OR ""convulsive therapy"" OR ""pentylenetetrazol convulsive""",1984,13
T2_metrazol,"metrazol OR cardiazol OR ""convulsive therapy"" OR ""pentylenetetrazol convulsive""",1985,22
T2_metrazol,"metrazol OR cardiazol OR ""convulsive therapy"" OR ""pentylenetetrazol convulsive""",1986,18
T2_metrazol,"metrazol OR cardiazol OR ""convulsive therapy"" OR ""pentylenetetrazol convulsive""",1987,16
T2_metrazol,"metrazol OR cardiazol OR ""convulsive therapy"" OR ""pentylenetetrazol convulsive""",1988,14
T2_metrazol,"metrazol OR cardiazol OR ""convulsive therapy"" OR ""pentylenetetrazol convulsive""",1989,20
T2_metrazol,"metrazol OR cardiazol OR ""convulsive therapy"" OR ""pentylenetetrazol convulsive""",1990,19
T2_metrazol,"metrazol OR cardiazol OR ""convulsive therapy"" OR ""pentylenetetrazol convulsive""",1991,15
T2_metrazol,"metrazol OR cardiazol OR ""convulsive therapy"" OR ""pentylenetetrazol convulsive""",1992,16
T2_metrazol,"metrazol OR cardiazol OR ""convulsive therapy"" OR ""pentylenetetrazol convulsive""",1993,11
T2_metrazol,"metrazol OR cardiazol OR ""convulsive therapy"" OR ""pentylenetetrazol convulsive""",1994,9
T2_metrazol,"metrazol OR cardiazol OR ""convulsive therapy"" OR ""pentylenetetrazol convulsive""",1995,9
T2_metrazol,"metrazol OR cardiazol OR ""convulsive therapy"" OR ""pentylenetetrazol convulsive""",1996,10
T2_metrazol,"metrazol OR cardiazol OR ""convulsive therapy"" OR ""pentylenetetrazol convulsive""",1997,10
T2_metrazol,"metrazol OR cardiazol OR ""convulsive therapy"" OR ""pentylenetetrazol convulsive""",1998,5
T2_metrazol,"metrazol OR cardiazol OR ""convulsive therapy"" OR ""pentylenetetrazol convulsive""",1999,12
T2_metrazol,"metrazol OR cardiazol OR ""convulsive therapy"" OR ""pentylenetetrazol convulsive""",2000,6
T2_metrazol,"metrazol OR cardiazol OR ""convulsive therapy"" OR ""pentylenetetrazol convulsive""",2001,8
T2_metrazol,"metrazol OR cardiazol OR ""convulsive therapy"" OR ""pentylenetetrazol convulsive""",2002,12
T2_metrazol,"metrazol OR cardiazol OR ""convulsive therapy"" OR ""pentylenetetrazol convulsive""",2003,16
T2_metrazol,"metrazol OR cardiazol OR ""convulsive therapy"" OR ""pentylenetetrazol convulsive""",2004,12
T2_metrazol,"metrazol OR cardiazol OR ""convulsive therapy"" OR ""pentylenetetrazol convulsive""",2005,9
T2_metrazol,"metrazol OR cardiazol OR ""convulsive therapy"" OR ""pentylenetetrazol convulsive""",2006,9
T2_metrazol,"metrazol OR cardiazol OR ""convulsive therapy"" OR ""pentylenetetrazol convulsive""",2007,9
T2_metrazol,"metrazol OR cardiazol OR ""convulsive therapy"" OR ""pentylenetetrazol convulsive""",2008,10
T2_metrazol,"metrazol OR cardiazol OR ""convulsive therapy"" OR ""pentylenetetrazol convulsive""",2009,17
T2_metrazol,"metrazol OR cardiazol OR ""convulsive therapy"" OR ""pentylenetetrazol convulsive""",2010,15
T2_metrazol,"metrazol OR cardiazol OR ""convulsive therapy"" OR ""pentylenetetrazol convulsive""",2011,15
T2_metrazol,"metrazol OR cardiazol OR ""convulsive therapy"" OR ""pentylenetetrazol convulsive""",2012,18
T2_metrazol,"metrazol OR cardiazol OR ""convulsive therapy"" OR ""pentylenetetrazol convulsive""",2013,16
T2_metrazol,"metrazol OR cardiazol OR ""convulsive therapy"" OR ""pentylenetetrazol convulsive""",2014,11
T2_metrazol,"metrazol OR cardiazol OR ""convulsive therapy"" OR ""pentylenetetrazol convulsive""",2015,7
T2_metrazol,"metrazol OR cardiazol OR ""convulsive therapy"" OR ""pentylenetetrazol convulsive""",2016,10
T2_metrazol,"metrazol OR cardiazol OR ""convulsive therapy"" OR ""pentylenetetrazol convulsive""",2017,10
T2_metrazol,"metrazol OR cardiazol OR ""convulsive therapy"" OR ""pentylenetetrazol convulsive""",2018,11
T2_metrazol,"metrazol OR cardiazol OR ""convulsive therapy"" OR ""pentylenetetrazol convulsive""",2019,11
T2_metrazol,"metrazol OR cardiazol OR ""convulsive therapy"" OR ""pentylenetetrazol convulsive""",2020,17
T2_metrazol,"metrazol OR cardiazol OR ""convulsive therapy"" OR ""pentylenetetrazol convulsive""",2021,19
T2_metrazol,"metrazol OR cardiazol OR ""convulsive therapy"" OR ""pentylenetetrazol convulsive""",2022,18
T2_metrazol,"metrazol OR cardiazol OR ""convulsive therapy"" OR ""pentylenetetrazol convulsive""",2023,14
T2_metrazol,"metrazol OR cardiazol OR ""convulsive therapy"" OR ""pentylenetetrazol convulsive""",2024,13
T2_deep_sleep_therapy,"""deep sleep therapy"" OR ""continuous narcosis"" OR ""sleep cure""",1940,0
T2_deep_sleep_therapy,"""deep sleep therapy"" OR ""continuous narcosis"" OR ""sleep cure""",1941,0
T2_deep_sleep_therapy,"""deep sleep therapy"" OR ""continuous narcosis"" OR ""sleep cure""",1942,0
T2_deep_sleep_therapy,"""deep sleep therapy"" OR ""continuous narcosis"" OR ""sleep cure""",1943,0
T2_deep_sleep_therapy,"""deep sleep therapy"" OR ""continuous narcosis"" OR ""sleep cure""",1944,0
T2_deep_sleep_therapy,"""deep sleep therapy"" OR ""continuous narcosis"" OR ""sleep cure""",1945,0
T2_deep_sleep_therapy,"""deep sleep therapy"" OR ""continuous narcosis"" OR ""sleep cure""",1946,0
T2_deep_sleep_therapy,"""deep sleep therapy"" OR ""continuous narcosis"" OR ""sleep cure""",1947,1
T2_deep_sleep_therapy,"""deep sleep therapy"" OR ""continuous narcosis"" OR ""sleep cure""",1948,0
T2_deep_sleep_therapy,"""deep sleep therapy"" OR ""continuous narcosis"" OR ""sleep cure""",1949,0
T2_deep_sleep_therapy,"""deep sleep therapy"" OR ""continuous narcosis"" OR ""sleep cure""",1950,1
T2_deep_sleep_therapy,"""deep sleep therapy"" OR ""continuous narcosis"" OR ""sleep cure""",1951,0
T2_deep_sleep_therapy,"""deep sleep therapy"" OR ""continuous narcosis"" OR ""sleep cure""",1952,0
T2_deep_sleep_therapy,"""deep sleep therapy"" OR ""continuous narcosis"" OR ""sleep cure""",1953,3
T2_deep_sleep_therapy,"""deep sleep therapy"" OR ""continuous narcosis"" OR ""sleep cure""",1954,0
T2_deep_sleep_therapy,"""deep sleep therapy"" OR ""continuous narcosis"" OR ""sleep cure""",1955,0
T2_deep_sleep_therapy,"""deep sleep therapy"" OR ""continuous narcosis"" OR ""sleep cure""",1956,0
T2_deep_sleep_therapy,"""deep sleep therapy"" OR ""continuous narcosis"" OR ""sleep cure""",1957,0
T2_deep_sleep_therapy,"""deep sleep therapy"" OR ""continuous narcosis"" OR ""sleep cure""",1958,0
T2_deep_sleep_therapy,"""deep sleep therapy"" OR ""continuous narcosis"" OR ""sleep cure""",1959,0
T2_deep_sleep_therapy,"""deep sleep therapy"" OR ""continuous narcosis"" OR ""sleep cure""",1960,0
T2_deep_sleep_therapy,"""deep sleep therapy"" OR ""continuous narcosis"" OR ""sleep cure""",1961,0
T2_deep_sleep_therapy,"""deep sleep therapy"" OR ""continuous narcosis"" OR ""sleep cure""",1962,0
T2_deep_sleep_therapy,"""deep sleep therapy"" OR ""continuous narcosis"" OR ""sleep cure""",1963,0
T2_deep_sleep_therapy,"""deep sleep therapy"" OR ""continuous narcosis"" OR ""sleep cure""",1964,0
T2_deep_sleep_therapy,"""deep sleep therapy"" OR ""continuous narcosis"" OR ""sleep cure""",1965,0
T2_deep_sleep_therapy,"""deep sleep therapy"" OR ""continuous narcosis"" OR ""sleep cure""",1966,0
T2_deep_sleep_therapy,"""deep sleep therapy"" OR ""continuous narcosis"" OR ""sleep cure""",1967,0
T2_deep_sleep_therapy,"""deep sleep therapy"" OR ""continuous narcosis"" OR ""sleep cure""",1968,0
T2_deep_sleep_therapy,"""deep sleep therapy"" OR ""continuous narcosis"" OR ""sleep cure""",1969,1
T2_deep_sleep_therapy,"""deep sleep therapy"" OR ""continuous narcosis"" OR ""sleep cure""",1970,0
T2_deep_sleep_therapy,"""deep sleep therapy"" OR ""continuous narcosis"" OR ""sleep cure""",1971,2
T2_deep_sleep_therapy,"""deep sleep therapy"" OR ""continuous narcosis"" OR ""sleep cure""",1972,0
T2_deep_sleep_therapy,"""deep sleep therapy"" OR ""continuous narcosis"" OR ""sleep cure""",1973,0
T2_deep_sleep_therapy,"""deep sleep therapy"" OR ""continuous narcosis"" OR ""sleep cure""",1974,0
T2_deep_sleep_therapy,"""deep sleep therapy"" OR ""continuous narcosis"" OR ""sleep cure""",1975,1
T2_deep_sleep_therapy,"""deep sleep therapy"" OR ""continuous narcosis"" OR ""sleep cure""",1976,0
T2_deep_sleep_therapy,"""deep sleep therapy"" OR ""continuous narcosis"" OR ""sleep cure""",1977,0
T2_deep_sleep_therapy,"""deep sleep therapy"" OR ""continuous narcosis"" OR ""sleep cure""",1978,0
T2_deep_sleep_therapy,"""deep sleep therapy"" OR ""continuous narcosis"" OR ""sleep cure""",1979,0
T2_deep_sleep_therapy,"""deep sleep therapy"" OR ""continuous narcosis"" OR ""sleep cure""",1980,0
T2_deep_sleep_therapy,"""deep sleep therapy"" OR ""continuous narcosis"" OR ""sleep cure""",1981,0
T2_deep_sleep_therapy,"""deep sleep therapy"" OR ""continuous narcosis"" OR ""sleep cure""",1982,0
T2_deep_sleep_therapy,"""deep sleep therapy"" OR ""continuous narcosis"" OR ""sleep cure""",1983,0
T2_deep_sleep_therapy,"""deep sleep therapy"" OR ""continuous narcosis"" OR ""sleep cure""",1984,0
T2_deep_sleep_therapy,"""deep sleep therapy"" OR ""continuous narcosis"" OR ""sleep cure""",1985,0
T2_deep_sleep_therapy,"""deep sleep therapy"" OR ""continuous narcosis"" OR ""sleep cure""",1986,0
T2_deep_sleep_therapy,"""deep sleep therapy"" OR ""continuous narcosis"" OR ""sleep cure""",1987,0
T2_deep_sleep_therapy,"""deep sleep therapy"" OR ""continuous narcosis"" OR ""sleep cure""",1988,0
T2_deep_sleep_therapy,"""deep sleep therapy"" OR ""continuous narcosis"" OR ""sleep cure""",1989,0
T2_deep_sleep_therapy,"""deep sleep therapy"" OR ""continuous narcosis"" OR ""sleep cure""",1990,0
T2_deep_sleep_therapy,"""deep sleep therapy"" OR ""continuous narcosis"" OR ""sleep cure""",1991,0
T2_deep_sleep_therapy,"""deep sleep therapy"" OR ""continuous narcosis"" OR ""sleep cure""",1992,0
T2_deep_sleep_therapy,"""deep sleep therapy"" OR ""continuous narcosis"" OR ""sleep cure""",1993,1
T2_deep_sleep_therapy,"""deep sleep therapy"" OR ""continuous narcosis"" OR ""sleep cure""",1994,0
T2_deep_sleep_therapy,"""deep sleep therapy"" OR ""continuous narcosis"" OR ""sleep cure""",1995,0
T2_deep_sleep_therapy,"""deep sleep therapy"" OR ""continuous narcosis"" OR ""sleep cure""",1996,0
T2_deep_sleep_therapy,"""deep sleep therapy"" OR ""continuous narcosis"" OR ""sleep cure""",1997,0
T2_deep_sleep_therapy,"""deep sleep therapy"" OR ""continuous narcosis"" OR ""sleep cure""",1998,1
T2_deep_sleep_therapy,"""deep sleep therapy"" OR ""continuous narcosis"" OR ""sleep cure""",1999,1
T2_deep_sleep_therapy,"""deep sleep therapy"" OR ""continuous narcosis"" OR ""sleep cure""",2000,0
T2_deep_sleep_therapy,"""deep sleep therapy"" OR ""continuous narcosis"" OR ""sleep cure""",2001,0
T2_deep_sleep_therapy,"""deep sleep therapy"" OR ""continuous narcosis"" OR ""sleep cure""",2002,0
T2_deep_sleep_therapy,"""deep sleep therapy"" OR ""continuous narcosis"" OR ""sleep cure""",2003,1
T2_deep_sleep_therapy,"""deep sleep therapy"" OR ""continuous narcosis"" OR ""sleep cure""",2004,0
T2_deep_sleep_therapy,"""deep sleep therapy"" OR ""continuous narcosis"" OR ""sleep cure""",2005,0
T2_deep_sleep_therapy,"""deep sleep therapy"" OR ""continuous narcosis"" OR ""sleep cure""",2006,0
T2_deep_sleep_therapy,"""deep sleep therapy"" OR ""continuous narcosis"" OR ""sleep cure""",2007,0
T2_deep_sleep_therapy,"""deep sleep therapy"" OR ""continuous narcosis"" OR ""sleep cure""",2008,0
T2_deep_sleep_therapy,"""deep sleep therapy"" OR ""continuous narcosis"" OR ""sleep cure""",2009,0
T2_deep_sleep_therapy,"""deep sleep therapy"" OR ""continuous narcosis"" OR ""sleep cure""",2010,0
T2_deep_sleep_therapy,"""deep sleep therapy"" OR ""continuous narcosis"" OR ""sleep cure""",2011,0
T2_deep_sleep_therapy,"""deep sleep therapy"" OR ""continuous narcosis"" OR ""sleep cure""",2012,0
T2_deep_sleep_therapy,"""deep sleep therapy"" OR ""continuous narcosis"" OR ""sleep cure""",2013,0
T2_deep_sleep_therapy,"""deep sleep therapy"" OR ""continuous narcosis"" OR ""sleep cure""",2014,0
T2_deep_sleep_therapy,"""deep sleep therapy"" OR ""continuous narcosis"" OR ""sleep cure""",2015,0
T2_deep_sleep_therapy,"""deep sleep therapy"" OR ""continuous narcosis"" OR ""sleep cure""",2016,0
T2_deep_sleep_therapy,"""deep sleep therapy"" OR ""continuous narcosis"" OR ""sleep cure""",2017,0
T2_deep_sleep_therapy,"""deep sleep therapy"" OR ""continuous narcosis"" OR ""sleep cure""",2018,0
T2_deep_sleep_therapy,"""deep sleep therapy"" OR ""continuous narcosis"" OR ""sleep cure""",2019,0
T2_deep_sleep_therapy,"""deep sleep therapy"" OR ""continuous narcosis"" OR ""sleep cure""",2020,0
T2_deep_sleep_therapy,"""deep sleep therapy"" OR ""continuous narcosis"" OR ""sleep cure""",2021,0
T2_deep_sleep_therapy,"""deep sleep therapy"" OR ""continuous narcosis"" OR ""sleep cure""",2022,0
T2_deep_sleep_therapy,"""deep sleep therapy"" OR ""continuous narcosis"" OR ""sleep cure""",2023,0
T2_deep_sleep_therapy,"""deep sleep therapy"" OR ""continuous narcosis"" OR ""sleep cure""",2024,0
T2_psychosurgery,"psychosurgery OR ""prefrontal leucotomy"" OR ""prefrontal leukotomy""",1940,0
T2_psychosurgery,"psychosurgery OR ""prefrontal leucotomy"" OR ""prefrontal leukotomy""",1941,0
T2_psychosurgery,"psychosurgery OR ""prefrontal leucotomy"" OR ""prefrontal leukotomy""",1942,0
T2_psychosurgery,"psychosurgery OR ""prefrontal leucotomy"" OR ""prefrontal leukotomy""",1943,0
T2_psychosurgery,"psychosurgery OR ""prefrontal leucotomy"" OR ""prefrontal leukotomy""",1944,1
T2_psychosurgery,"psychosurgery OR ""prefrontal leucotomy"" OR ""prefrontal leukotomy""",1945,3
T2_psychosurgery,"psychosurgery OR ""prefrontal leucotomy"" OR ""prefrontal leukotomy""",1946,13
T2_psychosurgery,"psychosurgery OR ""prefrontal leucotomy"" OR ""prefrontal leukotomy""",1947,21
T2_psychosurgery,"psychosurgery OR ""prefrontal leucotomy"" OR ""prefrontal leukotomy""",1948,135
T2_psychosurgery,"psychosurgery OR ""prefrontal leucotomy"" OR ""prefrontal leukotomy""",1949,78
T2_psychosurgery,"psychosurgery OR ""prefrontal leucotomy"" OR ""prefrontal leukotomy""",1950,132
T2_psychosurgery,"psychosurgery OR ""prefrontal leucotomy"" OR ""prefrontal leukotomy""",1951,138
T2_psychosurgery,"psychosurgery OR ""prefrontal leucotomy"" OR ""prefrontal leukotomy""",1952,186
T2_psychosurgery,"psychosurgery OR ""prefrontal leucotomy"" OR ""prefrontal leukotomy""",1953,177
T2_psychosurgery,"psychosurgery OR ""prefrontal leucotomy"" OR ""prefrontal leukotomy""",1954,111
T2_psychosurgery,"psychosurgery OR ""prefrontal leucotomy"" OR ""prefrontal leukotomy""",1955,87
T2_psychosurgery,"psychosurgery OR ""prefrontal leucotomy"" OR ""prefrontal leukotomy""",1956,59
T2_psychosurgery,"psychosurgery OR ""prefrontal leucotomy"" OR ""prefrontal leukotomy""",1957,62
T2_psychosurgery,"psychosurgery OR ""prefrontal leucotomy"" OR ""prefrontal leukotomy""",1958,49
T2_psychosurgery,"psychosurgery OR ""prefrontal leucotomy"" OR ""prefrontal leukotomy""",1959,32
T2_psychosurgery,"psychosurgery OR ""prefrontal leucotomy"" OR ""prefrontal leukotomy""",1960,33
T2_psychosurgery,"psychosurgery OR ""prefrontal leucotomy"" OR ""prefrontal leukotomy""",1961,112
T2_psychosurgery,"psychosurgery OR ""prefrontal leucotomy"" OR ""prefrontal leukotomy""",1962,243
T2_psychosurgery,"psychosurgery OR ""prefrontal leucotomy"" OR ""prefrontal leukotomy""",1963,39
T2_psychosurgery,"psychosurgery OR ""prefrontal leucotomy"" OR ""prefrontal leukotomy""",1964,45
T2_psychosurgery,"psychosurgery OR ""prefrontal leucotomy"" OR ""prefrontal leukotomy""",1965,19
T2_psychosurgery,"psychosurgery OR ""prefrontal leucotomy"" OR ""prefrontal leukotomy""",1966,4
T2_psychosurgery,"psychosurgery OR ""prefrontal leucotomy"" OR ""prefrontal leukotomy""",1967,2
T2_psychosurgery,"psychosurgery OR ""prefrontal leucotomy"" OR ""prefrontal leukotomy""",1968,2
T2_psychosurgery,"psychosurgery OR ""prefrontal leucotomy"" OR ""prefrontal leukotomy""",1969,7
T2_psychosurgery,"psychosurgery OR ""prefrontal leucotomy"" OR ""prefrontal leukotomy""",1970,8
T2_psychosurgery,"psychosurgery OR ""prefrontal leucotomy"" OR ""prefrontal leukotomy""",1971,5
T2_psychosurgery,"psychosurgery OR ""prefrontal leucotomy"" OR ""prefrontal leukotomy""",1972,10
T2_psychosurgery,"psychosurgery OR ""prefrontal leucotomy"" OR ""prefrontal leukotomy""",1973,30
T2_psychosurgery,"psychosurgery OR ""prefrontal leucotomy"" OR ""prefrontal leukotomy""",1974,32
T2_psychosurgery,"psychosurgery OR ""prefrontal leucotomy"" OR ""prefrontal leukotomy""",1975,27
T2_psychosurgery,"psychosurgery OR ""prefrontal leucotomy"" OR ""prefrontal leukotomy""",1976,19
T2_psychosurgery,"psychosurgery OR ""prefrontal leucotomy"" OR ""prefrontal leukotomy""",1977,18
T2_psychosurgery,"psychosurgery OR ""prefrontal leucotomy"" OR ""prefrontal leukotomy""",1978,19
T2_psychosurgery,"psychosurgery OR ""prefrontal leucotomy"" OR ""prefrontal leukotomy""",1979,20
T2_psychosurgery,"psychosurgery OR ""prefrontal leucotomy"" OR ""prefrontal leukotomy""",1980,11
T2_psychosurgery,"psychosurgery OR ""prefrontal leucotomy"" OR ""prefrontal leukotomy""",1981,15
T2_psychosurgery,"psychosurgery OR ""prefrontal leucotomy"" OR ""prefrontal leukotomy""",1982,11
T2_psychosurgery,"psychosurgery OR ""prefrontal leucotomy"" OR ""prefrontal leukotomy""",1983,6
T2_psychosurgery,"psychosurgery OR ""prefrontal leucotomy"" OR ""prefrontal leukotomy""",1984,9
T2_psychosurgery,"psychosurgery OR ""prefrontal leucotomy"" OR ""prefrontal leukotomy""",1985,3
T2_psychosurgery,"psychosurgery OR ""prefrontal leucotomy"" OR ""prefrontal leukotomy""",1986,6
T2_psychosurgery,"psychosurgery OR ""prefrontal leucotomy"" OR ""prefrontal leukotomy""",1987,9
T2_psychosurgery,"psychosurgery OR ""prefrontal leucotomy"" OR ""prefrontal leukotomy""",1988,17
T2_psychosurgery,"psychosurgery OR ""prefrontal leucotomy"" OR ""prefrontal leukotomy""",1989,3
T2_psychosurgery,"psychosurgery OR ""prefrontal leucotomy"" OR ""prefrontal leukotomy""",1990,6
T2_psychosurgery,"psychosurgery OR ""prefrontal leucotomy"" OR ""prefrontal leukotomy""",1991,8
T2_psychosurgery,"psychosurgery OR ""prefrontal leucotomy"" OR ""prefrontal leukotomy""",1992,9
T2_psychosurgery,"psychosurgery OR ""prefrontal leucotomy"" OR ""prefrontal leukotomy""",1993,9
T2_psychosurgery,"psychosurgery OR ""prefrontal leucotomy"" OR ""prefrontal leukotomy""",1994,9
T2_psychosurgery,"psychosurgery OR ""prefrontal leucotomy"" OR ""prefrontal leukotomy""",1995,13
T2_psychosurgery,"psychosurgery OR ""prefrontal leucotomy"" OR ""prefrontal leukotomy""",1996,3
T2_psychosurgery,"psychosurgery OR ""prefrontal leucotomy"" OR ""prefrontal leukotomy""",1997,11
T2_psychosurgery,"psychosurgery OR ""prefrontal leucotomy"" OR ""prefrontal leukotomy""",1998,5
T2_psychosurgery,"psychosurgery OR ""prefrontal leucotomy"" OR ""prefrontal leukotomy""",1999,9
T2_psychosurgery,"psychosurgery OR ""prefrontal leucotomy"" OR ""prefrontal leukotomy""",2000,5
T2_psychosurgery,"psychosurgery OR ""prefrontal leucotomy"" OR ""prefrontal leukotomy""",2001,6
T2_psychosurgery,"psychosurgery OR ""prefrontal leucotomy"" OR ""prefrontal leukotomy""",2002,5
T2_psychosurgery,"psychosurgery OR ""prefrontal leucotomy"" OR ""prefrontal leukotomy""",2003,12
T2_psychosurgery,"psychosurgery OR ""prefrontal leucotomy"" OR ""prefrontal leukotomy""",2004,10
T2_psychosurgery,"psychosurgery OR ""prefrontal leucotomy"" OR ""prefrontal leukotomy""",2005,7
T2_psychosurgery,"psychosurgery OR ""prefrontal leucotomy"" OR ""prefrontal leukotomy""",2006,8
T2_psychosurgery,"psychosurgery OR ""prefrontal leucotomy"" OR ""prefrontal leukotomy""",2007,7
T2_psychosurgery,"psychosurgery OR ""prefrontal leucotomy"" OR ""prefrontal leukotomy""",2008,16
T2_psychosurgery,"psychosurgery OR ""prefrontal leucotomy"" OR ""prefrontal leukotomy""",2009,15
T2_psychosurgery,"psychosurgery OR ""prefrontal leucotomy"" OR ""prefrontal leukotomy""",2010,12
T2_psychosurgery,"psychosurgery OR ""prefrontal leucotomy"" OR ""prefrontal leukotomy""",2011,9
T2_psychosurgery,"psychosurgery OR ""prefrontal leucotomy"" OR ""prefrontal leukotomy""",2012,9
T2_psychosurgery,"psychosurgery OR ""prefrontal leucotomy"" OR ""prefrontal leukotomy""",2013,20
T2_psychosurgery,"psychosurgery OR ""prefrontal leucotomy"" OR ""prefrontal leukotomy""",2014,15
T2_psychosurgery,"psychosurgery OR ""prefrontal leucotomy"" OR ""prefrontal leukotomy""",2015,19
T2_psychosurgery,"psychosurgery OR ""prefrontal leucotomy"" OR ""prefrontal leukotomy""",2016,9
T2_psychosurgery,"psychosurgery OR ""prefrontal leucotomy"" OR ""prefrontal leukotomy""",2017,20
T2_psychosurgery,"psychosurgery OR ""prefrontal leucotomy"" OR ""prefrontal leukotomy""",2018,14
T2_psychosurgery,"psychosurgery OR ""prefrontal leucotomy"" OR ""prefrontal leukotomy""",2019,16
T2_psychosurgery,"psychosurgery OR ""prefrontal leucotomy"" OR ""prefrontal leukotomy""",2020,17
T2_psychosurgery,"psychosurgery OR ""prefrontal leucotomy"" OR ""prefrontal leukotomy""",2021,20
T2_psychosurgery,"psychosurgery OR ""prefrontal leucotomy"" OR ""prefrontal leukotomy""",2022,12
T2_psychosurgery,"psychosurgery OR ""prefrontal leucotomy"" OR ""prefrontal leukotomy""",2023,15
T2_psychosurgery,"psychosurgery OR ""prefrontal leucotomy"" OR ""prefrontal leukotomy""",2024,15
