label,year,sense,n_records
T3_dwarf_clinical,1950,biology_animal_model,0
T3_dwarf_clinical,1951,biology_animal_model,0
T3_dwarf_clinical,1952,biology_animal_model,1
T3_dwarf_clinical,1953,biology_animal_model,2
T3_dwarf_clinical,1954,biology_animal_model,1
T3_dwarf_clinical,1955,biology_animal_model,0
T3_dwarf_clinical,1956,biology_animal_model,0
T3_dwarf_clinical,1957,biology_animal_model,1
T3_dwarf_clinical,1958,biology_animal_model,0
T3_dwarf_clinical,1959,biology_animal_model,5
T3_dwarf_clinical,1960,biology_animal_model,0
T3_dwarf_clinical,1961,biology_animal_model,2
T3_dwarf_clinical,1962,biology_animal_model,0
T3_dwarf_clinical,1963,biology_animal_model,1
T3_dwarf_clinical,1964,biology_animal_model,2
T3_dwarf_clinical,1965,biology_animal_model,5
T3_dwarf_clinical,1966,biology_animal_model,6
T3_dwarf_clinical,1967,biology_animal_model,1
T3_dwarf_clinical,1968,biology_animal_model,2
T3_dwarf_clinical,1969,biology_animal_model,4
T3_dwarf_clinical,1970,biology_animal_model,3
T3_dwarf_clinical,1971,biology_animal_model,5
T3_dwarf_clinical,1972,biology_animal_model,10
T3_dwarf_clinical,1973,biology_animal_model,7
T3_dwarf_clinical,1974,biology_animal_model,2
T3_dwarf_clinical,1975,biology_animal_model,9
T3_dwarf_clinical,1976,biology_animal_model,10
T3_dwarf_clinical,1977,biology_animal_model,6
T3_dwarf_clinical,1978,biology_animal_model,4
T3_dwarf_clinical,1979,biology_animal_model,7
T3_dwarf_clinical,1980,biology_animal_model,10
T3_dwarf_clinical,1981,biology_animal_model,9
T3_dwarf_clinical,1982,biology_animal_model,19
T3_dwarf_clinical,1983,biology_animal_model,20
T3_dwarf_clinical,1984,biology_animal_model,13
T3_dwarf_clinical,1985,biology_animal_model,11
T3_dwarf_clinical,1986,biology_animal_model,17
T3_dwarf_clinical,1987,biology_animal_model,12
T3_dwarf_clinical,1988,biology_animal_model,16
T3_dwarf_clinical,1989,biology_animal_model,15
T3_dwarf_clinical,1990,biology_animal_model,23
T3_dwarf_clinical,1991,biology_animal_model,21
T3_dwarf_clinical,1992,biology_animal_model,15
T3_dwarf_clinical,1993,biology_animal_model,25
T3_dwarf_clinical,1994,biology_animal_model,30
T3_dwarf_clinical,1995,biology_animal_model,23
T3_dwarf_clinical,1996,biology_animal_model,29
T3_dwarf_clinical,1997,biology_animal_model,30
T3_dwarf_clinical,1998,biology_animal_model,19
T3_dwarf_clinical,1999,biology_animal_model,16
T3_dwarf_clinical,2000,biology_animal_model,21
T3_dwarf_clinical,2001,biology_animal_model,23
T3_dwarf_clinical,2002,biology_animal_model,23
T3_dwarf_clinical,2003,biology_animal_model,25
T3_dwarf_clinical,2004,biology_animal_model,26
T3_dwarf_clinical,2005,biology_animal_model,21
T3_dwarf_clinical,2006,biology_animal_model,22
T3_dwarf_clinical,2007,biology_animal_model,17
T3_dwarf_clinical,2008,biology_animal_model,16
T3_dwarf_clinical,2009,biology_animal_model,20
T3_dwarf_clinical,2010,biology_animal_model,24
T3_dwarf_clinical,2011,biology_animal_model,17
T3_dwarf_clinical,2012,biology_animal_model,18
T3_dwarf_clinical,2013,biology_animal_model,23
T3_dwarf_clinical,2014,biology_animal_model,22
T3_dwarf_clinical,2015,biology_animal_model,15
T3_dwarf_clinical,2016,biology_animal_model,18
T3_dwarf_clinical,2017,biology_animal_model,15
T3_dwarf_clinical,2018,biology_animal_model,15
T3_dwarf_clinical,2019,biology_animal_model,7
T3_dwarf_clinical,2020,biology_animal_model,23
T3_dwarf_clinical,2021,biology_animal_model,20
T3_dwarf_clinical,2022,biology_animal_model,18
T3_dwarf_clinical,2023,biology_animal_model,18
T3_dwarf_clinical,2024,biology_animal_model,12
T3_dwarf_clinical,2025,biology_animal_model,0
T3_dwarf_clinical,1950,clinical_pituitary_endocrine,0
T3_dwarf_clinical,1951,clinical_pituitary_endocrine,0
T3_dwarf_clinical,1952,clinical_pituitary_endocrine,1
T3_dwarf_clinical,1953,clinical_pituitary_endocrine,1
T3_dwarf_clinical,1954,clinical_pituitary_endocrine,4
T3_dwarf_clinical,1955,clinical_pituitary_endocrine,1
T3_dwarf_clinical,1956,clinical_pituitary_endocrine,2
T3_dwarf_clinical,1957,clinical_pituitary_endocrine,1
T3_dwarf_clinical,1958,clinical_pituitary_endocrine,2
T3_dwarf_clinical,1959,clinical_pituitary_endocrine,2
T3_dwarf_clinical,1960,clinical_pituitary_endocrine,2
T3_dwarf_clinical,1961,clinical_pituitary_endocrine,2
T3_dwarf_clinical,1962,clinical_pituitary_endocrine,1
T3_dwarf_clinical,1963,clinical_pituitary_endocrine,3
T3_dwarf_clinical,1964,clinical_pituitary_endocrine,2
T3_dwarf_clinical,1965,clinical_pituitary_endocrine,3
T3_dwarf_clinical,1966,clinical_pituitary_endocrine,2
T3_dwarf_clinical,1967,clinical_pituitary_endocrine,8
T3_dwarf_clinical,1968,clinical_pituitary_endocrine,2
T3_dwarf_clinical,1969,clinical_pituitary_endocrine,4
T3_dwarf_clinical,1970,clinical_pituitary_endocrine,6
T3_dwarf_clinical,1971,clinical_pituitary_endocrine,5
T3_dwarf_clinical,1972,clinical_pituitary_endocrine,3
T3_dwarf_clinical,1973,clinical_pituitary_endocrine,7
T3_dwarf_clinical,1974,clinical_pituitary_endocrine,9
T3_dwarf_clinical,1975,clinical_pituitary_endocrine,9
T3_dwarf_clinical,1976,clinical_pituitary_endocrine,9
T3_dwarf_clinical,1977,clinical_pituitary_endocrine,6
T3_dwarf_clinical,1978,clinical_pituitary_endocrine,12
T3_dwarf_clinical,1979,clinical_pituitary_endocrine,5
T3_dwarf_clinical,1980,clinical_pituitary_endocrine,6
T3_dwarf_clinical,1981,clinical_pituitary_endocrine,8
T3_dwarf_clinical,1982,clinical_pituitary_endocrine,4
T3_dwarf_clinical,1983,clinical_pituitary_endocrine,9
T3_dwarf_clinical,1984,clinical_pituitary_endocrine,8
T3_dwarf_clinical,1985,clinical_pituitary_endocrine,5
T3_dwarf_clinical,1986,clinical_pituitary_endocrine,2
T3_dwarf_clinical,1987,clinical_pituitary_endocrine,7
T3_dwarf_clinical,1988,clinical_pituitary_endocrine,2
T3_dwarf_clinical,1989,clinical_pituitary_endocrine,7
T3_dwarf_clinical,1990,clinical_pituitary_endocrine,4
T3_dwarf_clinical,1991,clinical_pituitary_endocrine,10
T3_dwarf_clinical,1992,clinical_pituitary_endocrine,5
T3_dwarf_clinical,1993,clinical_pituitary_endocrine,10
T3_dwarf_clinical,1994,clinical_pituitary_endocrine,4
T3_dwarf_clinical,1995,clinical_pituitary_endocrine,4
T3_dwarf_clinical,1996,clinical_pituitary_endocrine,11
T3_dwarf_clinical,1997,clinical_pituitary_endocrine,8
T3_dwarf_clinical,1998,clinical_pituitary_endocrine,8
T3_dwarf_clinical,1999,clinical_pituitary_endocrine,13
T3_dwarf_clinical,2000,clinical_pituitary_endocrine,9
T3_dwarf_clinical,2001,clinical_pituitary_endocrine,8
T3_dwarf_clinical,2002,clinical_pituitary_endocrine,7
T3_dwarf_clinical,2003,clinical_pituitary_endocrine,5
T3_dwarf_clinical,2004,clinical_pituitary_endocrine,8
T3_dwarf_clinical,2005,clinical_pituitary_endocrine,9
T3_dwarf_clinical,2006,clinical_pituitary_endocrine,8
T3_dwarf_clinical,2007,clinical_pituitary_endocrine,13
T3_dwarf_clinical,2008,clinical_pituitary_endocrine,10
T3_dwarf_clinical,2009,clinical_pituitary_endocrine,16
T3_dwarf_clinical,2010,clinical_pituitary_endocrine,8
T3_dwarf_clinical,2011,clinical_pituitary_endocrine,16
T3_dwarf_clinical,2012,clinical_pituitary_endocrine,15
T3_dwarf_clinical,2013,clinical_pituitary_endocrine,8
T3_dwarf_clinical,2014,clinical_pituitary_endocrine,13
T3_dwarf_clinical,2015,clinical_pituitary_endocrine,23
T3_dwarf_clinical,2016,clinical_pituitary_endocrine,16
T3_dwarf_clinical,2017,clinical_pituitary_endocrine,16
T3_dwarf_clinical,2018,clinical_pituitary_endocrine,10
T3_dwarf_clinical,2019,clinical_pituitary_endocrine,20
T3_dwarf_clinical,2020,clinical_pituitary_endocrine,21
T3_dwarf_clinical,2021,clinical_pituitary_endocrine,21
T3_dwarf_clinical,2022,clinical_pituitary_endocrine,12
T3_dwarf_clinical,2023,clinical_pituitary_endocrine,13
T3_dwarf_clinical,2024,clinical_pituitary_endocrine,22
T3_dwarf_clinical,2025,clinical_pituitary_endocrine,0
T3_dwarf_clinical,1950,clinical_skeletal_dysplasia,0
T3_dwarf_clinical,1951,clinical_skeletal_dysplasia,0
T3_dwarf_clinical,1952,clinical_skeletal_dysplasia,0
T3_dwarf_clinical,1953,clinical_skeletal_dysplasia,0
T3_dwarf_clinical,1954,clinical_skeletal_dysplasia,0
T3_dwarf_clinical,1955,clinical_skeletal_dysplasia,0
T3_dwarf_clinical,1956,clinical_skeletal_dysplasia,0
T3_dwarf_clinical,1957,clinical_skeletal_dysplasia,0
T3_dwarf_clinical,1958,clinical_skeletal_dysplasia,0
T3_dwarf_clinical,1959,clinical_skeletal_dysplasia,0
T3_dwarf_clinical,1960,clinical_skeletal_dysplasia,0
T3_dwarf_clinical,1961,clinical_skeletal_dysplasia,0
T3_dwarf_clinical,1962,clinical_skeletal_dysplasia,0
T3_dwarf_clinical,1963,clinical_skeletal_dysplasia,1
T3_dwarf_clinical,1964,clinical_skeletal_dysplasia,1
T3_dwarf_clinical,1965,clinical_skeletal_dysplasia,0
T3_dwarf_clinical,1966,clinical_skeletal_dysplasia,0
T3_dwarf_clinical,1967,clinical_skeletal_dysplasia,0
T3_dwarf_clinical,1968,clinical_skeletal_dysplasia,0
T3_dwarf_clinical,1969,clinical_skeletal_dysplasia,0
T3_dwarf_clinical,1970,clinical_skeletal_dysplasia,0
T3_dwarf_clinical,1971,clinical_skeletal_dysplasia,1
T3_dwarf_clinical,1972,clinical_skeletal_dysplasia,0
T3_dwarf_clinical,1973,clinical_skeletal_dysplasia,2
T3_dwarf_clinical,1974,clinical_skeletal_dysplasia,1
T3_dwarf_clinical,1975,clinical_skeletal_dysplasia,3
T3_dwarf_clinical,1976,clinical_skeletal_dysplasia,7
T3_dwarf_clinical,1977,clinical_skeletal_dysplasia,12
T3_dwarf_clinical,1978,clinical_skeletal_dysplasia,3
T3_dwarf_clinical,1979,clinical_skeletal_dysplasia,5
T3_dwarf_clinical,1980,clinical_skeletal_dysplasia,5
T3_dwarf_clinical,1981,clinical_skeletal_dysplasia,1
T3_dwarf_clinical,1982,clinical_skeletal_dysplasia,7
T3_dwarf_clinical,1983,clinical_skeletal_dysplasia,5
T3_dwarf_clinical,1984,clinical_skeletal_dysplasia,9
T3_dwarf_clinical,1985,clinical_skeletal_dysplasia,6
T3_dwarf_clinical,1986,clinical_skeletal_dysplasia,6
T3_dwarf_clinical,1987,clinical_skeletal_dysplasia,4
T3_dwarf_clinical,1988,clinical_skeletal_dysplasia,9
T3_dwarf_clinical,1989,clinical_skeletal_dysplasia,8
T3_dwarf_clinical,1990,clinical_skeletal_dysplasia,15
T3_dwarf_clinical,1991,clinical_skeletal_dysplasia,12
T3_dwarf_clinical,1992,clinical_skeletal_dysplasia,9
T3_dwarf_clinical,1993,clinical_skeletal_dysplasia,9
T3_dwarf_clinical,1994,clinical_skeletal_dysplasia,8
T3_dwarf_clinical,1995,clinical_skeletal_dysplasia,14
T3_dwarf_clinical,1996,clinical_skeletal_dysplasia,16
T3_dwarf_clinical,1997,clinical_skeletal_dysplasia,3
T3_dwarf_clinical,1998,clinical_skeletal_dysplasia,21
T3_dwarf_clinical,1999,clinical_skeletal_dysplasia,7
T3_dwarf_clinical,2000,clinical_skeletal_dysplasia,10
T3_dwarf_clinical,2001,clinical_skeletal_dysplasia,17
T3_dwarf_clinical,2002,clinical_skeletal_dysplasia,10
T3_dwarf_clinical,2003,clinical_skeletal_dysplasia,14
T3_dwarf_clinical,2004,clinical_skeletal_dysplasia,10
T3_dwarf_clinical,2005,clinical_skeletal_dysplasia,7
T3_dwarf_clinical,2006,clinical_skeletal_dysplasia,2
T3_dwarf_clinical,2007,clinical_skeletal_dysplasia,13
T3_dwarf_clinical,2008,clinical_skeletal_dysplasia,7
T3_dwarf_clinical,2009,clinical_skeletal_dysplasia,10
T3_dwarf_clinical,2010,clinical_skeletal_dysplasia,12
T3_dwarf_clinical,2011,clinical_skeletal_dysplasia,11
T3_dwarf_clinical,2012,clinical_skeletal_dysplasia,15
T3_dwarf_clinical,2013,clinical_skeletal_dysplasia,15
T3_dwarf_clinical,2014,clinical_skeletal_dysplasia,14
T3_dwarf_clinical,2015,clinical_skeletal_dysplasia,17
T3_dwarf_clinical,2016,clinical_skeletal_dysplasia,13
T3_dwarf_clinical,2017,clinical_skeletal_dysplasia,20
T3_dwarf_clinical,2018,clinical_skeletal_dysplasia,11
T3_dwarf_clinical,2019,clinical_skeletal_dysplasia,14
T3_dwarf_clinical,2020,clinical_skeletal_dysplasia,16
T3_dwarf_clinical,2021,clinical_skeletal_dysplasia,21
T3_dwarf_clinical,2022,clinical_skeletal_dysplasia,7
T3_dwarf_clinical,2023,clinical_skeletal_dysplasia,14
T3_dwarf_clinical,2024,clinical_skeletal_dysplasia,12
T3_dwarf_clinical,2025,clinical_skeletal_dysplasia,0
T3_dwarf_clinical,1950,historical_circus_performer,0
T3_dwarf_clinical,1951,historical_circus_performer,0
T3_dwarf_clinical,1952,historical_circus_performer,0
T3_dwarf_clinical,1953,historical_circus_performer,0
T3_dwarf_clinical,1954,historical_circus_performer,0
T3_dwarf_clinical,1955,historical_circus_performer,0
T3_dwarf_clinical,1956,historical_circus_performer,0
T3_dwarf_clinical,1957,historical_circus_performer,0
T3_dwarf_clinical,1958,historical_circus_performer,0
T3_dwarf_clinical,1959,historical_circus_performer,0
T3_dwarf_clinical,1960,historical_circus_performer,0
T3_dwarf_clinical,1961,historical_circus_performer,0
T3_dwarf_clinical,1962,historical_circus_performer,0
T3_dwarf_clinical,1963,historical_circus_performer,0
T3_dwarf_clinical,1964,historical_circus_performer,0
T3_dwarf_clinical,1965,historical_circus_performer,0
T3_dwarf_clinical,1966,historical_circus_performer,0
T3_dwarf_clinical,1967,historical_circus_performer,0
T3_dwarf_clinical,1968,historical_circus_performer,0
T3_dwarf_clinical,1969,historical_circus_performer,0
T3_dwarf_clinical,1970,historical_circus_performer,0
T3_dwarf_clinical,1971,historical_circus_performer,0
T3_dwarf_clinical,1972,historical_circus_performer,0
T3_dwarf_clinical,1973,historical_circus_performer,0
T3_dwarf_clinical,1974,historical_circus_performer,0
T3_dwarf_clinical,1975,historical_circus_performer,0
T3_dwarf_clinical,1976,historical_circus_performer,0
T3_dwarf_clinical,1977,historical_circus_performer,0
T3_dwarf_clinical,1978,historical_circus_performer,0
T3_dwarf_clinical,1979,historical_circus_performer,0
T3_dwarf_clinical,1980,historical_circus_performer,0
T3_dwarf_clinical,1981,historical_circus_performer,0
T3_dwarf_clinical,1982,historical_circus_performer,0
T3_dwarf_clinical,1983,historical_circus_performer,0
T3_dwarf_clinical,1984,historical_circus_performer,0
T3_dwarf_clinical,1985,historical_circus_performer,0
T3_dwarf_clinical,1986,historical_circus_performer,0
T3_dwarf_clinical,1987,historical_circus_performer,0
T3_dwarf_clinical,1988,historical_circus_performer,0
T3_dwarf_clinical,1989,historical_circus_performer,1
T3_dwarf_clinical,1990,historical_circus_performer,0
T3_dwarf_clinical,1991,historical_circus_performer,1
T3_dwarf_clinical,1992,historical_circus_performer,0
T3_dwarf_clinical,1993,historical_circus_performer,0
T3_dwarf_clinical,1994,historical_circus_performer,0
T3_dwarf_clinical,1995,historical_circus_performer,0
T3_dwarf_clinical,1996,historical_circus_performer,0
T3_dwarf_clinical,1997,historical_circus_performer,0
T3_dwarf_clinical,1998,historical_circus_performer,0
T3_dwarf_clinical,1999,historical_circus_performer,0
T3_dwarf_clinical,2000,historical_circus_performer,0
T3_dwarf_clinical,2001,historical_circus_performer,0
T3_dwarf_clinical,2002,historical_circus_performer,0
T3_dwarf_clinical,2003,historical_circus_performer,0
T3_dwarf_clinical,2004,historical_circus_performer,0
T3_dwarf_clinical,2005,historical_circus_performer,0
T3_dwarf_clinical,2006,historical_circus_performer,0
T3_dwarf_clinical,2007,historical_circus_performer,0
T3_dwarf_clinical,2008,historical_circus_performer,0
T3_dwarf_clinical,2009,historical_circus_performer,0
T3_dwarf_clinical,2010,historical_circus_performer,0
T3_dwarf_clinical,2011,historical_circus_performer,0
T3_dwarf_clinical,2012,historical_circus_performer,0
T3_dwarf_clinical,2013,historical_circus_performer,0
T3_dwarf_clinical,2014,historical_circus_performer,0
T3_dwarf_clinical,2015,historical_circus_performer,0
T3_dwarf_clinical,2016,historical_circus_performer,0
T3_dwarf_clinical,2017,historical_circus_performer,0
T3_dwarf_clinical,2018,historical_circus_performer,0
T3_dwarf_clinical,2019,historical_circus_performer,0
T3_dwarf_clinical,2020,historical_circus_performer,0
T3_dwarf_clinical,2021,historical_circus_performer,0
T3_dwarf_clinical,2022,historical_circus_performer,0
T3_dwarf_clinical,2023,historical_circus_performer,0
T3_dwarf_clinical,2024,historical_circus_performer,0
T3_dwarf_clinical,2025,historical_circus_performer,0
T3_dwarf_clinical,1950,plant_breeding,1
T3_dwarf_clinical,1951,plant_breeding,0
T3_dwarf_clinical,1952,plant_breeding,0
T3_dwarf_clinical,1953,plant_breeding,1
T3_dwarf_clinical,1954,plant_breeding,0
T3_dwarf_clinical,1955,plant_breeding,0
T3_dwarf_clinical,1956,plant_breeding,0
T3_dwarf_clinical,1957,plant_breeding,0
T3_dwarf_clinical,1958,plant_breeding,1
T3_dwarf_clinical,1959,plant_breeding,0
T3_dwarf_clinical,1960,plant_breeding,0
T3_dwarf_clinical,1961,plant_breeding,0
T3_dwarf_clinical,1962,plant_breeding,2
T3_dwarf_clinical,1963,plant_breeding,3
T3_dwarf_clinical,1964,plant_breeding,0
T3_dwarf_clinical,1965,plant_breeding,0
T3_dwarf_clinical,1966,plant_breeding,4
T3_dwarf_clinical,1967,plant_breeding,8
T3_dwarf_clinical,1968,plant_breeding,8
T3_dwarf_clinical,1969,plant_breeding,6
T3_dwarf_clinical,1970,plant_breeding,7
T3_dwarf_clinical,1971,plant_breeding,0
T3_dwarf_clinical,1972,plant_breeding,4
T3_dwarf_clinical,1973,plant_breeding,5
T3_dwarf_clinical,1974,plant_breeding,6
T3_dwarf_clinical,1975,plant_breeding,6
T3_dwarf_clinical,1976,plant_breeding,5
T3_dwarf_clinical,1977,plant_breeding,6
T3_dwarf_clinical,1978,plant_breeding,4
T3_dwarf_clinical,1979,plant_breeding,6
T3_dwarf_clinical,1980,plant_breeding,6
T3_dwarf_clinical,1981,plant_breeding,4
T3_dwarf_clinical,1982,plant_breeding,7
T3_dwarf_clinical,1983,plant_breeding,12
T3_dwarf_clinical,1984,plant_breeding,6
T3_dwarf_clinical,1985,plant_breeding,6
T3_dwarf_clinical,1986,plant_breeding,12
T3_dwarf_clinical,1987,plant_breeding,9
T3_dwarf_clinical,1988,plant_breeding,4
T3_dwarf_clinical,1989,plant_breeding,5
T3_dwarf_clinical,1990,plant_breeding,7
T3_dwarf_clinical,1991,plant_breeding,6
T3_dwarf_clinical,1992,plant_breeding,8
T3_dwarf_clinical,1993,plant_breeding,8
T3_dwarf_clinical,1994,plant_breeding,3
T3_dwarf_clinical,1995,plant_breeding,9
T3_dwarf_clinical,1996,plant_breeding,3
T3_dwarf_clinical,1997,plant_breeding,5
T3_dwarf_clinical,1998,plant_breeding,8
T3_dwarf_clinical,1999,plant_breeding,15
T3_dwarf_clinical,2000,plant_breeding,14
T3_dwarf_clinical,2001,plant_breeding,20
T3_dwarf_clinical,2002,plant_breeding,24
T3_dwarf_clinical,2003,plant_breeding,21
T3_dwarf_clinical,2004,plant_breeding,23
T3_dwarf_clinical,2005,plant_breeding,27
T3_dwarf_clinical,2006,plant_breeding,22
T3_dwarf_clinical,2007,plant_breeding,16
T3_dwarf_clinical,2008,plant_breeding,19
T3_dwarf_clinical,2009,plant_breeding,17
T3_dwarf_clinical,2010,plant_breeding,29
T3_dwarf_clinical,2011,plant_breeding,32
T3_dwarf_clinical,2012,plant_breeding,34
T3_dwarf_clinical,2013,plant_breeding,35
T3_dwarf_clinical,2014,plant_breeding,36
T3_dwarf_clinical,2015,plant_breeding,35
T3_dwarf_clinical,2016,plant_breeding,52
T3_dwarf_clinical,2017,plant_breeding,51
T3_dwarf_clinical,2018,plant_breeding,43
T3_dwarf_clinical,2019,plant_breeding,54
T3_dwarf_clinical,2020,plant_breeding,62
T3_dwarf_clinical,2021,plant_breeding,62
T3_dwarf_clinical,2022,plant_breeding,68
T3_dwarf_clinical,2023,plant_breeding,66
T3_dwarf_clinical,2024,plant_breeding,76
T3_dwarf_clinical,2025,plant_breeding,2
T3_dwarf_clinical,1950,unknown,45
T3_dwarf_clinical,1951,unknown,21
T3_dwarf_clinical,1952,unknown,27
T3_dwarf_clinical,1953,unknown,27
T3_dwarf_clinical,1954,unknown,28
T3_dwarf_clinical,1955,unknown,26
T3_dwarf_clinical,1956,unknown,44
T3_dwarf_clinical,1957,unknown,36
T3_dwarf_clinical,1958,unknown,25
T3_dwarf_clinical,1959,unknown,41
T3_dwarf_clinical,1960,unknown,31
T3_dwarf_clinical,1961,unknown,48
T3_dwarf_clinical,1962,unknown,59
T3_dwarf_clinical,1963,unknown,97
T3_dwarf_clinical,1964,unknown,119
T3_dwarf_clinical,1965,unknown,90
T3_dwarf_clinical,1966,unknown,56
T3_dwarf_clinical,1967,unknown,75
T3_dwarf_clinical,1968,unknown,77
T3_dwarf_clinical,1969,unknown,73
T3_dwarf_clinical,1970,unknown,87
T3_dwarf_clinical,1971,unknown,94
T3_dwarf_clinical,1972,unknown,96
T3_dwarf_clinical,1973,unknown,79
T3_dwarf_clinical,1974,unknown,90
T3_dwarf_clinical,1975,unknown,126
T3_dwarf_clinical,1976,unknown,101
T3_dwarf_clinical,1977,unknown,100
T3_dwarf_clinical,1978,unknown,116
T3_dwarf_clinical,1979,unknown,75
T3_dwarf_clinical,1980,unknown,97
T3_dwarf_clinical,1981,unknown,99
T3_dwarf_clinical,1982,unknown,87
T3_dwarf_clinical,1983,unknown,96
T3_dwarf_clinical,1984,unknown,105
T3_dwarf_clinical,1985,unknown,94
T3_dwarf_clinical,1986,unknown,111
T3_dwarf_clinical,1987,unknown,99
T3_dwarf_clinical,1988,unknown,99
T3_dwarf_clinical,1989,unknown,127
T3_dwarf_clinical,1990,unknown,147
T3_dwarf_clinical,1991,unknown,158
T3_dwarf_clinical,1992,unknown,120
T3_dwarf_clinical,1993,unknown,132
T3_dwarf_clinical,1994,unknown,121
T3_dwarf_clinical,1995,unknown,132
T3_dwarf_clinical,1996,unknown,142
T3_dwarf_clinical,1997,unknown,136
T3_dwarf_clinical,1998,unknown,167
T3_dwarf_clinical,1999,unknown,141
T3_dwarf_clinical,2000,unknown,219
T3_dwarf_clinical,2001,unknown,215
T3_dwarf_clinical,2002,unknown,216
T3_dwarf_clinical,2003,unknown,189
T3_dwarf_clinical,2004,unknown,227
T3_dwarf_clinical,2005,unknown,224
T3_dwarf_clinical,2006,unknown,263
T3_dwarf_clinical,2007,unknown,257
T3_dwarf_clinical,2008,unknown,220
T3_dwarf_clinical,2009,unknown,282
T3_dwarf_clinical,2010,unknown,302
T3_dwarf_clinical,2011,unknown,290
T3_dwarf_clinical,2012,unknown,332
T3_dwarf_clinical,2013,unknown,384
T3_dwarf_clinical,2014,unknown,403
T3_dwarf_clinical,2015,unknown,447
T3_dwarf_clinical,2016,unknown,406
T3_dwarf_clinical,2017,unknown,383
T3_dwarf_clinical,2018,unknown,417
T3_dwarf_clinical,2019,unknown,435
T3_dwarf_clinical,2020,unknown,449
T3_dwarf_clinical,2021,unknown,512
T3_dwarf_clinical,2022,unknown,511
T3_dwarf_clinical,2023,unknown,476
T3_dwarf_clinical,2024,unknown,524
T3_dwarf_clinical,2025,unknown,3
T3_lunatic,1954,historical_asylum_lunacy_law,0
T3_lunatic,1955,historical_asylum_lunacy_law,0
T3_lunatic,1956,historical_asylum_lunacy_law,1
T3_lunatic,1958,historical_asylum_lunacy_law,0
T3_lunatic,1959,historical_asylum_lunacy_law,0
T3_lunatic,1961,historical_asylum_lunacy_law,0
T3_lunatic,1963,historical_asylum_lunacy_law,1
T3_lunatic,1964,historical_asylum_lunacy_law,2
T3_lunatic,1966,historical_asylum_lunacy_law,0
T3_lunatic,1969,historical_asylum_lunacy_law,2
T3_lunatic,1970,historical_asylum_lunacy_law,1
T3_lunatic,1971,historical_asylum_lunacy_law,1
T3_lunatic,1972,historical_asylum_lunacy_law,0
T3_lunatic,1973,historical_asylum_lunacy_law,1
T3_lunatic,1974,historical_asylum_lunacy_law,0
T3_lunatic,1975,historical_asylum_lunacy_law,0
T3_lunatic,1976,historical_asylum_lunacy_law,0
T3_lunatic,1977,historical_asylum_lunacy_law,0
T3_lunatic,1978,historical_asylum_lunacy_law,0
T3_lunatic,1979,historical_asylum_lunacy_law,1
T3_lunatic,1980,historical_asylum_lunacy_law,4
T3_lunatic,1981,historical_asylum_lunacy_law,2
T3_lunatic,1982,historical_asylum_lunacy_law,2
T3_lunatic,1983,historical_asylum_lunacy_law,2
T3_lunatic,1984,historical_asylum_lunacy_law,1
T3_lunatic,1985,historical_asylum_lunacy_law,0
T3_lunatic,1986,historical_asylum_lunacy_law,1
T3_lunatic,1987,historical_asylum_lunacy_law,3
T3_lunatic,1988,historical_asylum_lunacy_law,1
T3_lunatic,1989,historical_asylum_lunacy_law,1
T3_lunatic,1990,historical_asylum_lunacy_law,1
T3_lunatic,1991,historical_asylum_lunacy_law,2
T3_lunatic,1992,historical_asylum_lunacy_law,3
T3_lunatic,1993,historical_asylum_lunacy_law,0
T3_lunatic,1994,historical_asylum_lunacy_law,0
T3_lunatic,1995,historical_asylum_lunacy_law,3
T3_lunatic,1996,historical_asylum_lunacy_law,3
T3_lunatic,1997,historical_asylum_lunacy_law,0
T3_lunatic,1998,historical_asylum_lunacy_law,6
T3_lunatic,1999,historical_asylum_lunacy_law,1
T3_lunatic,2000,historical_asylum_lunacy_law,2
T3_lunatic,2001,historical_asylum_lunacy_law,2
T3_lunatic,2002,historical_asylum_lunacy_law,0
T3_lunatic,2003,historical_asylum_lunacy_law,2
T3_lunatic,2004,historical_asylum_lunacy_law,8
T3_lunatic,2005,historical_asylum_lunacy_law,2
T3_lunatic,2006,historical_asylum_lunacy_law,3
T3_lunatic,2007,historical_asylum_lunacy_law,6
T3_lunatic,2008,historical_asylum_lunacy_law,5
T3_lunatic,2009,historical_asylum_lunacy_law,4
T3_lunatic,2010,historical_asylum_lunacy_law,5
T3_lunatic,2011,historical_asylum_lunacy_law,4
T3_lunatic,2012,historical_asylum_lunacy_law,6
T3_lunatic,2013,historical_asylum_lunacy_law,6
T3_lunatic,2014,historical_asylum_lunacy_law,4
T3_lunatic,2015,historical_asylum_lunacy_law,2
T3_lunatic,2016,historical_asylum_lunacy_law,4
T3_lunatic,2017,historical_asylum_lunacy_law,10
T3_lunatic,2018,historical_asylum_lunacy_law,6
T3_lunatic,2019,historical_asylum_lunacy_law,3
T3_lunatic,2020,historical_asylum_lunacy_law,1
T3_lunatic,2021,historical_asylum_lunacy_law,6
T3_lunatic,2022,historical_asylum_lunacy_law,3
T3_lunatic,2023,historical_asylum_lunacy_law,8
T3_lunatic,2024,historical_asylum_lunacy_law,4
T3_lunatic,1954,history_of_psychiatry,0
T3_lunatic,1955,history_of_psychiatry,0
T3_lunatic,1956,history_of_psychiatry,0
T3_lunatic,1958,history_of_psychiatry,0
T3_lunatic,1959,history_of_psychiatry,0
T3_lunatic,1961,history_of_psychiatry,0
T3_lunatic,1963,history_of_psychiatry,0
T3_lunatic,1964,history_of_psychiatry,0
T3_lunatic,1966,history_of_psychiatry,0
T3_lunatic,1969,history_of_psychiatry,0
T3_lunatic,1970,history_of_psychiatry,0
T3_lunatic,1971,history_of_psychiatry,0
T3_lunatic,1972,history_of_psychiatry,0
T3_lunatic,1973,history_of_psychiatry,0
T3_lunatic,1974,history_of_psychiatry,0
T3_lunatic,1975,history_of_psychiatry,0
T3_lunatic,1976,history_of_psychiatry,1
T3_lunatic,1977,history_of_psychiatry,0
T3_lunatic,1978,history_of_psychiatry,0
T3_lunatic,1979,history_of_psychiatry,0
T3_lunatic,1980,history_of_psychiatry,1
T3_lunatic,1981,history_of_psychiatry,0
T3_lunatic,1982,history_of_psychiatry,0
T3_lunatic,1983,history_of_psychiatry,0
T3_lunatic,1984,history_of_psychiatry,0
T3_lunatic,1985,history_of_psychiatry,0
T3_lunatic,1986,history_of_psychiatry,0
T3_lunatic,1987,history_of_psychiatry,0
T3_lunatic,1988,history_of_psychiatry,0
T3_lunatic,1989,history_of_psychiatry,0
T3_lunatic,1990,history_of_psychiatry,0
T3_lunatic,1991,history_of_psychiatry,0
T3_lunatic,1992,history_of_psychiatry,1
T3_lunatic,1993,history_of_psychiatry,0
T3_lunatic,1994,history_of_psychiatry,1
T3_lunatic,1995,history_of_psychiatry,0
T3_lunatic,1996,history_of_psychiatry,1
T3_lunatic,1997,history_of_psychiatry,0
T3_lunatic,1998,history_of_psychiatry,0
T3_lunatic,1999,history_of_psychiatry,2
T3_lunatic,2000,history_of_psychiatry,0
T3_lunatic,2001,history_of_psychiatry,1
T3_lunatic,2002,history_of_psychiatry,0
T3_lunatic,2003,history_of_psychiatry,1
T3_lunatic,2004,history_of_psychiatry,1
T3_lunatic,2005,history_of_psychiatry,0
T3_lunatic,2006,history_of_psychiatry,1
T3_lunatic,2007,history_of_psychiatry,0
T3_lunatic,2008,history_of_psychiatry,0
T3_lunatic,2009,history_of_psychiatry,0
T3_lunatic,2010,history_of_psychiatry,0
T3_lunatic,2011,history_of_psychiatry,0
T3_lunatic,2012,history_of_psychiatry,1
T3_lunatic,2013,history_of_psychiatry,0
T3_lunatic,2014,history_of_psychiatry,1
T3_lunatic,2015,history_of_psychiatry,1
T3_lunatic,2016,history_of_psychiatry,1
T3_lunatic,2017,history_of_psychiatry,0
T3_lunatic,2018,history_of_psychiatry,2
T3_lunatic,2019,history_of_psychiatry,0
T3_lunatic,2020,history_of_psychiatry,0
T3_lunatic,2021,history_of_psychiatry,0
T3_lunatic,2022,history_of_psychiatry,0
T3_lunatic,2023,history_of_psychiatry,0
T3_lunatic,2024,history_of_psychiatry,1
T3_lunatic,1954,lunatic_fringe_gene,0
T3_lunatic,1955,lunatic_fringe_gene,0
T3_lunatic,1956,lunatic_fringe_gene,0
T3_lunatic,1958,lunatic_fringe_gene,0
T3_lunatic,1959,lunatic_fringe_gene,0
T3_lunatic,1961,lunatic_fringe_gene,0
T3_lunatic,1963,lunatic_fringe_gene,0
T3_lunatic,1964,lunatic_fringe_gene,0
T3_lunatic,1966,lunatic_fringe_gene,0
T3_lunatic,1969,lunatic_fringe_gene,0
T3_lunatic,1970,lunatic_fringe_gene,0
T3_lunatic,1971,lunatic_fringe_gene,0
T3_lunatic,1972,lunatic_fringe_gene,0
T3_lunatic,1973,lunatic_fringe_gene,0
T3_lunatic,1974,lunatic_fringe_gene,0
T3_lunatic,1975,lunatic_fringe_gene,0
T3_lunatic,1976,lunatic_fringe_gene,0
T3_lunatic,1977,lunatic_fringe_gene,0
T3_lunatic,1978,lunatic_fringe_gene,0
T3_lunatic,1979,lunatic_fringe_gene,0
T3_lunatic,1980,lunatic_fringe_gene,0
T3_lunatic,1981,lunatic_fringe_gene,0
T3_lunatic,1982,lunatic_fringe_gene,0
T3_lunatic,1983,lunatic_fringe_gene,0
T3_lunatic,1984,lunatic_fringe_gene,0
T3_lunatic,1985,lunatic_fringe_gene,1
T3_lunatic,1986,lunatic_fringe_gene,0
T3_lunatic,1987,lunatic_fringe_gene,0
T3_lunatic,1988,lunatic_fringe_gene,0
T3_lunatic,1989,lunatic_fringe_gene,0
T3_lunatic,1990,lunatic_fringe_gene,0
T3_lunatic,1991,lunatic_fringe_gene,0
T3_lunatic,1992,lunatic_fringe_gene,0
T3_lunatic,1993,lunatic_fringe_gene,0
T3_lunatic,1994,lunatic_fringe_gene,0
T3_lunatic,1995,lunatic_fringe_gene,0
T3_lunatic,1996,lunatic_fringe_gene,1
T3_lunatic,1997,lunatic_fringe_gene,3
T3_lunatic,1998,lunatic_fringe_gene,8
T3_lunatic,1999,lunatic_fringe_gene,7
T3_lunatic,2000,lunatic_fringe_gene,12
T3_lunatic,2001,lunatic_fringe_gene,16
T3_lunatic,2002,lunatic_fringe_gene,12
T3_lunatic,2003,lunatic_fringe_gene,6
T3_lunatic,2004,lunatic_fringe_gene,7
T3_lunatic,2005,lunatic_fringe_gene,11
T3_lunatic,2006,lunatic_fringe_gene,8
T3_lunatic,2007,lunatic_fringe_gene,7
T3_lunatic,2008,lunatic_fringe_gene,11
T3_lunatic,2009,lunatic_fringe_gene,13
T3_lunatic,2010,lunatic_fringe_gene,4
T3_lunatic,2011,lunatic_fringe_gene,7
T3_lunatic,2012,lunatic_fringe_gene,6
T3_lunatic,2013,lunatic_fringe_gene,8
T3_lunatic,2014,lunatic_fringe_gene,2
T3_lunatic,2015,lunatic_fringe_gene,6
T3_lunatic,2016,lunatic_fringe_gene,3
T3_lunatic,2017,lunatic_fringe_gene,4
T3_lunatic,2018,lunatic_fringe_gene,2
T3_lunatic,2019,lunatic_fringe_gene,2
T3_lunatic,2020,lunatic_fringe_gene,3
T3_lunatic,2021,lunatic_fringe_gene,6
T3_lunatic,2022,lunatic_fringe_gene,3
T3_lunatic,2023,lunatic_fringe_gene,5
T3_lunatic,2024,lunatic_fringe_gene,4
T3_lunatic,1954,unknown,2
T3_lunatic,1955,unknown,2
T3_lunatic,1956,unknown,2
T3_lunatic,1958,unknown,1
T3_lunatic,1959,unknown,1
T3_lunatic,1961,unknown,1
T3_lunatic,1963,unknown,0
T3_lunatic,1964,unknown,0
T3_lunatic,1966,unknown,2
T3_lunatic,1969,unknown,0
T3_lunatic,1970,unknown,0
T3_lunatic,1971,unknown,1
T3_lunatic,1972,unknown,1
T3_lunatic,1973,unknown,2
T3_lunatic,1974,unknown,1
T3_lunatic,1975,unknown,1
T3_lunatic,1976,unknown,0
T3_lunatic,1977,unknown,3
T3_lunatic,1978,unknown,6
T3_lunatic,1979,unknown,2
T3_lunatic,1980,unknown,3
T3_lunatic,1981,unknown,5
T3_lunatic,1982,unknown,0
T3_lunatic,1983,unknown,2
T3_lunatic,1984,unknown,1
T3_lunatic,1985,unknown,4
T3_lunatic,1986,unknown,3
T3_lunatic,1987,unknown,6
T3_lunatic,1988,unknown,2
T3_lunatic,1989,unknown,7
T3_lunatic,1990,unknown,2
T3_lunatic,1991,unknown,3
T3_lunatic,1992,unknown,2
T3_lunatic,1993,unknown,7
T3_lunatic,1994,unknown,3
T3_lunatic,1995,unknown,3
T3_lunatic,1996,unknown,4
T3_lunatic,1997,unknown,3
T3_lunatic,1998,unknown,5
T3_lunatic,1999,unknown,9
T3_lunatic,2000,unknown,3
T3_lunatic,2001,unknown,4
T3_lunatic,2002,unknown,5
T3_lunatic,2003,unknown,5
T3_lunatic,2004,unknown,4
T3_lunatic,2005,unknown,2
T3_lunatic,2006,unknown,5
T3_lunatic,2007,unknown,9
T3_lunatic,2008,unknown,6
T3_lunatic,2009,unknown,4
T3_lunatic,2010,unknown,2
T3_lunatic,2011,unknown,4
T3_lunatic,2012,unknown,7
T3_lunatic,2013,unknown,9
T3_lunatic,2014,unknown,9
T3_lunatic,2015,unknown,4
T3_lunatic,2016,unknown,2
T3_lunatic,2017,unknown,9
T3_lunatic,2018,unknown,5
T3_lunatic,2019,unknown,4
T3_lunatic,2020,unknown,5
T3_lunatic,2021,unknown,6
T3_lunatic,2022,unknown,5
T3_lunatic,2023,unknown,4
T3_lunatic,2024,unknown,3
T3_midget,1955,informal_small_object,0
T3_midget,1956,informal_small_object,0
T3_midget,1957,informal_small_object,0
T3_midget,1958,informal_small_object,0
T3_midget,1959,informal_small_object,0
T3_midget,1962,informal_small_object,0
T3_midget,1965,informal_small_object,0
T3_midget,1966,informal_small_object,0
T3_midget,1967,informal_small_object,0
T3_midget,1968,informal_small_object,0
T3_midget,1969,informal_small_object,0
T3_midget,1970,informal_small_object,0
T3_midget,1971,informal_small_object,0
T3_midget,1974,informal_small_object,0
T3_midget,1975,informal_small_object,0
T3_midget,1976,informal_small_object,0
T3_midget,1977,informal_small_object,0
T3_midget,1978,informal_small_object,0
T3_midget,1979,informal_small_object,0
T3_midget,1980,informal_small_object,0
T3_midget,1981,informal_small_object,1
T3_midget,1982,informal_small_object,0
T3_midget,1983,informal_small_object,0
T3_midget,1984,informal_small_object,0
T3_midget,1985,informal_small_object,0
T3_midget,1986,informal_small_object,0
T3_midget,1987,informal_small_object,0
T3_midget,1988,informal_small_object,0
T3_midget,1989,informal_small_object,0
T3_midget,1990,informal_small_object,0
T3_midget,1991,informal_small_object,0
T3_midget,1992,informal_small_object,0
T3_midget,1993,informal_small_object,0
T3_midget,1994,informal_small_object,0
T3_midget,1995,informal_small_object,0
T3_midget,1996,informal_small_object,0
T3_midget,1997,informal_small_object,0
T3_midget,1998,informal_small_object,0
T3_midget,1999,informal_small_object,0
T3_midget,2000,informal_small_object,0
T3_midget,2001,informal_small_object,0
T3_midget,2002,informal_small_object,0
T3_midget,2003,informal_small_object,0
T3_midget,2004,informal_small_object,0
T3_midget,2005,informal_small_object,0
T3_midget,2006,informal_small_object,0
T3_midget,2007,informal_small_object,0
T3_midget,2008,informal_small_object,0
T3_midget,2009,informal_small_object,1
T3_midget,2010,informal_small_object,0
T3_midget,2011,informal_small_object,0
T3_midget,2012,informal_small_object,0
T3_midget,2013,informal_small_object,0
T3_midget,2014,informal_small_object,0
T3_midget,2015,informal_small_object,0
T3_midget,2016,informal_small_object,0
T3_midget,2017,informal_small_object,0
T3_midget,2018,informal_small_object,0
T3_midget,2019,informal_small_object,0
T3_midget,2020,informal_small_object,0
T3_midget,2021,informal_small_object,0
T3_midget,2022,informal_small_object,0
T3_midget,2023,informal_small_object,1
T3_midget,2024,informal_small_object,0
T3_midget,1955,retinal_midget_cells,0
T3_midget,1956,retinal_midget_cells,0
T3_midget,1957,retinal_midget_cells,0
T3_midget,1958,retinal_midget_cells,0
T3_midget,1959,retinal_midget_cells,0
T3_midget,1962,retinal_midget_cells,0
T3_midget,1965,retinal_midget_cells,0
T3_midget,1966,retinal_midget_cells,0
T3_midget,1967,retinal_midget_cells,0
T3_midget,1968,retinal_midget_cells,0
T3_midget,1969,retinal_midget_cells,0
T3_midget,1970,retinal_midget_cells,1
T3_midget,1971,retinal_midget_cells,1
T3_midget,1974,retinal_midget_cells,0
T3_midget,1975,retinal_midget_cells,1
T3_midget,1976,retinal_midget_cells,0
T3_midget,1977,retinal_midget_cells,0
T3_midget,1978,retinal_midget_cells,0
T3_midget,1979,retinal_midget_cells,0
T3_midget,1980,retinal_midget_cells,0
T3_midget,1981,retinal_midget_cells,1
T3_midget,1982,retinal_midget_cells,0
T3_midget,1983,retinal_midget_cells,0
T3_midget,1984,retinal_midget_cells,1
T3_midget,1985,retinal_midget_cells,1
T3_midget,1986,retinal_midget_cells,1
T3_midget,1987,retinal_midget_cells,0
T3_midget,1988,retinal_midget_cells,1
T3_midget,1989,retinal_midget_cells,1
T3_midget,1990,retinal_midget_cells,1
T3_midget,1991,retinal_midget_cells,4
T3_midget,1992,retinal_midget_cells,4
T3_midget,1993,retinal_midget_cells,3
T3_midget,1994,retinal_midget_cells,9
T3_midget,1995,retinal_midget_cells,1
T3_midget,1996,retinal_midget_cells,11
T3_midget,1997,retinal_midget_cells,4
T3_midget,1998,retinal_midget_cells,4
T3_midget,1999,retinal_midget_cells,4
T3_midget,2000,retinal_midget_cells,6
T3_midget,2001,retinal_midget_cells,2
T3_midget,2002,retinal_midget_cells,3
T3_midget,2003,retinal_midget_cells,8
T3_midget,2004,retinal_midget_cells,2
T3_midget,2005,retinal_midget_cells,4
T3_midget,2006,retinal_midget_cells,4
T3_midget,2007,retinal_midget_cells,4
T3_midget,2008,retinal_midget_cells,3
T3_midget,2009,retinal_midget_cells,3
T3_midget,2010,retinal_midget_cells,4
T3_midget,2011,retinal_midget_cells,5
T3_midget,2012,retinal_midget_cells,2
T3_midget,2013,retinal_midget_cells,5
T3_midget,2014,retinal_midget_cells,3
T3_midget,2015,retinal_midget_cells,3
T3_midget,2016,retinal_midget_cells,2
T3_midget,2017,retinal_midget_cells,3
T3_midget,2018,retinal_midget_cells,3
T3_midget,2019,retinal_midget_cells,5
T3_midget,2020,retinal_midget_cells,5
T3_midget,2021,retinal_midget_cells,2
T3_midget,2022,retinal_midget_cells,4
T3_midget,2023,retinal_midget_cells,2
T3_midget,2024,retinal_midget_cells,5
T3_midget,1955,unknown,1
T3_midget,1956,unknown,1
T3_midget,1957,unknown,3
T3_midget,1958,unknown,1
T3_midget,1959,unknown,1
T3_midget,1962,unknown,1
T3_midget,1965,unknown,2
T3_midget,1966,unknown,1
T3_midget,1967,unknown,4
T3_midget,1968,unknown,1
T3_midget,1969,unknown,2
T3_midget,1970,unknown,1
T3_midget,1971,unknown,0
T3_midget,1974,unknown,2
T3_midget,1975,unknown,0
T3_midget,1976,unknown,2
T3_midget,1977,unknown,2
T3_midget,1978,unknown,3
T3_midget,1979,unknown,3
T3_midget,1980,unknown,3
T3_midget,1981,unknown,2
T3_midget,1982,unknown,1
T3_midget,1983,unknown,1
T3_midget,1984,unknown,4
T3_midget,1985,unknown,3
T3_midget,1986,unknown,4
T3_midget,1987,unknown,4
T3_midget,1988,unknown,3
T3_midget,1989,unknown,1
T3_midget,1990,unknown,2
T3_midget,1991,unknown,1
T3_midget,1992,unknown,3
T3_midget,1993,unknown,2
T3_midget,1994,unknown,7
T3_midget,1995,unknown,0
T3_midget,1996,unknown,2
T3_midget,1997,unknown,3
T3_midget,1998,unknown,4
T3_midget,1999,unknown,0
T3_midget,2000,unknown,5
T3_midget,2001,unknown,3
T3_midget,2002,unknown,2
T3_midget,2003,unknown,4
T3_midget,2004,unknown,2
T3_midget,2005,unknown,3
T3_midget,2006,unknown,2
T3_midget,2007,unknown,1
T3_midget,2008,unknown,2
T3_midget,2009,unknown,5
T3_midget,2010,unknown,7
T3_midget,2011,unknown,5
T3_midget,2012,unknown,5
T3_midget,2013,unknown,8
T3_midget,2014,unknown,5
T3_midget,2015,unknown,4
T3_midget,2016,unknown,3
T3_midget,2017,unknown,4
T3_midget,2018,unknown,6
T3_midget,2019,unknown,2
T3_midget,2020,unknown,8
T3_midget,2021,unknown,7
T3_midget,2022,unknown,10
T3_midget,2023,unknown,3
T3_midget,2024,unknown,5
T3_midget,1955,youth_sports_league,0
T3_midget,1956,youth_sports_league,0
T3_midget,1957,youth_sports_league,0
T3_midget,1958,youth_sports_league,0
T3_midget,1959,youth_sports_league,0
T3_midget,1962,youth_sports_league,0
T3_midget,1965,youth_sports_league,0
T3_midget,1966,youth_sports_league,0
T3_midget,1967,youth_sports_league,0
T3_midget,1968,youth_sports_league,0
T3_midget,1969,youth_sports_league,0
T3_midget,1970,youth_sports_league,0
T3_midget,1971,youth_sports_league,0
T3_midget,1974,youth_sports_league,0
T3_midget,1975,youth_sports_league,0
T3_midget,1976,youth_sports_league,0
T3_midget,1977,youth_sports_league,0
T3_midget,1978,youth_sports_league,0
T3_midget,1979,youth_sports_league,0
T3_midget,1980,youth_sports_league,0
T3_midget,1981,youth_sports_league,0
T3_midget,1982,youth_sports_league,0
T3_midget,1983,youth_sports_league,0
T3_midget,1984,youth_sports_league,0
T3_midget,1985,youth_sports_league,0
T3_midget,1986,youth_sports_league,0
T3_midget,1987,youth_sports_league,0
T3_midget,1988,youth_sports_league,0
T3_midget,1989,youth_sports_league,0
T3_midget,1990,youth_sports_league,0
T3_midget,1991,youth_sports_league,0
T3_midget,1992,youth_sports_league,0
T3_midget,1993,youth_sports_league,0
T3_midget,1994,youth_sports_league,0
T3_midget,1995,youth_sports_league,0
T3_midget,1996,youth_sports_league,0
T3_midget,1997,youth_sports_league,0
T3_midget,1998,youth_sports_league,0
T3_midget,1999,youth_sports_league,0
T3_midget,2000,youth_sports_league,0
T3_midget,2001,youth_sports_league,0
T3_midget,2002,youth_sports_league,0
T3_midget,2003,youth_sports_league,0
T3_midget,2004,youth_sports_league,0
T3_midget,2005,youth_sports_league,0
T3_midget,2006,youth_sports_league,1
T3_midget,2007,youth_sports_league,0
T3_midget,2008,youth_sports_league,0
T3_midget,2009,youth_sports_league,1
T3_midget,2010,youth_sports_league,0
T3_midget,2011,youth_sports_league,0
T3_midget,2012,youth_sports_league,0
T3_midget,2013,youth_sports_league,5
T3_midget,2014,youth_sports_league,1
T3_midget,2015,youth_sports_league,1
T3_midget,2016,youth_sports_league,1
T3_midget,2017,youth_sports_league,0
T3_midget,2018,youth_sports_league,1
T3_midget,2019,youth_sports_league,0
T3_midget,2020,youth_sports_league,0
T3_midget,2021,youth_sports_league,2
T3_midget,2022,youth_sports_league,0
T3_midget,2023,youth_sports_league,0
T3_midget,2024,youth_sports_league,0
T2_moron,1951,bacteriophage_moron_element,0
T2_moron,1953,bacteriophage_moron_element,0
T2_moron,1956,bacteriophage_moron_element,0
T2_moron,1957,bacteriophage_moron_element,0
T2_moron,1959,bacteriophage_moron_element,0
T2_moron,1966,bacteriophage_moron_element,0
T2_moron,1974,bacteriophage_moron_element,0
T2_moron,1977,bacteriophage_moron_element,0
T2_moron,1979,bacteriophage_moron_element,0
T2_moron,1981,bacteriophage_moron_element,0
T2_moron,1988,bacteriophage_moron_element,0
T2_moron,1990,bacteriophage_moron_element,0
T2_moron,1991,bacteriophage_moron_element,0
T2_moron,1992,bacteriophage_moron_element,0
T2_moron,1996,bacteriophage_moron_element,0
T2_moron,1997,bacteriophage_moron_element,0
T2_moron,1998,bacteriophage_moron_element,0
T2_moron,1999,bacteriophage_moron_element,0
T2_moron,2000,bacteriophage_moron_element,0
T2_moron,2003,bacteriophage_moron_element,0
T2_moron,2005,bacteriophage_moron_element,0
T2_moron,2006,bacteriophage_moron_element,0
T2_moron,2007,bacteriophage_moron_element,0
T2_moron,2008,bacteriophage_moron_element,1
T2_moron,2010,bacteriophage_moron_element,0
T2_moron,2012,bacteriophage_moron_element,1
T2_moron,2013,bacteriophage_moron_element,0
T2_moron,2014,bacteriophage_moron_element,1
T2_moron,2015,bacteriophage_moron_element,0
T2_moron,2016,bacteriophage_moron_element,0
T2_moron,2017,bacteriophage_moron_element,1
T2_moron,2018,bacteriophage_moron_element,2
T2_moron,2019,bacteriophage_moron_element,1
T2_moron,2020,bacteriophage_moron_element,0
T2_moron,2021,bacteriophage_moron_element,0
T2_moron,2022,bacteriophage_moron_element,0
T2_moron,2023,bacteriophage_moron_element,0
T2_moron,2024,bacteriophage_moron_element,0
T2_moron,1951,historical_iq_classification,0
T2_moron,1953,historical_iq_classification,1
T2_moron,1956,historical_iq_classification,0
T2_moron,1957,historical_iq_classification,1
T2_moron,1959,historical_iq_classification,0
T2_moron,1966,historical_iq_classification,0
T2_moron,1974,historical_iq_classification,0
T2_moron,1977,historical_iq_classification,0
T2_moron,1979,historical_iq_classification,0
T2_moron,1981,historical_iq_classification,0
T2_moron,1988,historical_iq_classification,0
T2_moron,1990,historical_iq_classification,0
T2_moron,1991,historical_iq_classification,0
T2_moron,1992,historical_iq_classification,0
T2_moron,1996,historical_iq_classification,0
T2_moron,1997,historical_iq_classification,0
T2_moron,1998,historical_iq_classification,0
T2_moron,1999,historical_iq_classification,0
T2_moron,2000,historical_iq_classification,0
T2_moron,2003,historical_iq_classification,0
T2_moron,2005,historical_iq_classification,0
T2_moron,2006,historical_iq_classification,0
T2_moron,2007,historical_iq_classification,0
T2_moron,2008,historical_iq_classification,0
T2_moron,2010,historical_iq_classification,0
T2_moron,2012,historical_iq_classification,0
T2_moron,2013,historical_iq_classification,0
T2_moron,2014,historical_iq_classification,0
T2_moron,2015,historical_iq_classification,0
T2_moron,2016,historical_iq_classification,0
T2_moron,2017,historical_iq_classification,1
T2_moron,2018,historical_iq_classification,0
T2_moron,2019,historical_iq_classification,0
T2_moron,2020,historical_iq_classification,0
T2_moron,2021,historical_iq_classification,0
T2_moron,2022,historical_iq_classification,0
T2_moron,2023,historical_iq_classification,0
T2_moron,2024,historical_iq_classification,0
T2_moron,1951,unknown,3
T2_moron,1953,unknown,1
T2_moron,1956,unknown,1
T2_moron,1957,unknown,0
T2_moron,1959,unknown,1
T2_moron,1966,unknown,1
T2_moron,1974,unknown,1
T2_moron,1977,unknown,1
T2_moron,1979,unknown,1
T2_moron,1981,unknown,1
T2_moron,1988,unknown,1
T2_moron,1990,unknown,1
T2_moron,1991,unknown,2
T2_moron,1992,unknown,1
T2_moron,1996,unknown,3
T2_moron,1997,unknown,1
T2_moron,1998,unknown,2
T2_moron,1999,unknown,3
T2_moron,2000,unknown,3
T2_moron,2003,unknown,3
T2_moron,2005,unknown,3
T2_moron,2006,unknown,2
T2_moron,2007,unknown,1
T2_moron,2008,unknown,3
T2_moron,2010,unknown,3
T2_moron,2012,unknown,2
T2_moron,2013,unknown,3
T2_moron,2014,unknown,3
T2_moron,2015,unknown,1
T2_moron,2016,unknown,1
T2_moron,2017,unknown,4
T2_moron,2018,unknown,6
T2_moron,2019,unknown,4
T2_moron,2020,unknown,4
T2_moron,2021,unknown,3
T2_moron,2022,unknown,4
T2_moron,2023,unknown,2
T2_moron,2024,unknown,4
T3_imbecile_clinical,1951,historical_iq_classification,0
T3_imbecile_clinical,1952,historical_iq_classification,1
T3_imbecile_clinical,1954,historical_iq_classification,1
T3_imbecile_clinical,1955,historical_iq_classification,0
T3_imbecile_clinical,1956,historical_iq_classification,0
T3_imbecile_clinical,1957,historical_iq_classification,0
T3_imbecile_clinical,1958,historical_iq_classification,0
T3_imbecile_clinical,1959,historical_iq_classification,2
T3_imbecile_clinical,1960,historical_iq_classification,2
T3_imbecile_clinical,1961,historical_iq_classification,2
T3_imbecile_clinical,1962,historical_iq_classification,0
T3_imbecile_clinical,1963,historical_iq_classification,0
T3_imbecile_clinical,1964,historical_iq_classification,0
T3_imbecile_clinical,1965,historical_iq_classification,2
T3_imbecile_clinical,1966,historical_iq_classification,1
T3_imbecile_clinical,1967,historical_iq_classification,0
T3_imbecile_clinical,1968,historical_iq_classification,5
T3_imbecile_clinical,1969,historical_iq_classification,0
T3_imbecile_clinical,1971,historical_iq_classification,0
T3_imbecile_clinical,1972,historical_iq_classification,0
T3_imbecile_clinical,1973,historical_iq_classification,1
T3_imbecile_clinical,1974,historical_iq_classification,0
T3_imbecile_clinical,1975,historical_iq_classification,0
T3_imbecile_clinical,1976,historical_iq_classification,0
T3_imbecile_clinical,1977,historical_iq_classification,0
T3_imbecile_clinical,1978,historical_iq_classification,1
T3_imbecile_clinical,1979,historical_iq_classification,2
T3_imbecile_clinical,1980,historical_iq_classification,0
T3_imbecile_clinical,1981,historical_iq_classification,1
T3_imbecile_clinical,1983,historical_iq_classification,0
T3_imbecile_clinical,1984,historical_iq_classification,0
T3_imbecile_clinical,1985,historical_iq_classification,0
T3_imbecile_clinical,1986,historical_iq_classification,0
T3_imbecile_clinical,1987,historical_iq_classification,0
T3_imbecile_clinical,1988,historical_iq_classification,0
T3_imbecile_clinical,1989,historical_iq_classification,1
T3_imbecile_clinical,1990,historical_iq_classification,0
T3_imbecile_clinical,1991,historical_iq_classification,0
T3_imbecile_clinical,1992,historical_iq_classification,0
T3_imbecile_clinical,1993,historical_iq_classification,0
T3_imbecile_clinical,1994,historical_iq_classification,0
T3_imbecile_clinical,1995,historical_iq_classification,0
T3_imbecile_clinical,1996,historical_iq_classification,0
T3_imbecile_clinical,1997,historical_iq_classification,0
T3_imbecile_clinical,1998,historical_iq_classification,0
T3_imbecile_clinical,1999,historical_iq_classification,1
T3_imbecile_clinical,2000,historical_iq_classification,0
T3_imbecile_clinical,2001,historical_iq_classification,0
T3_imbecile_clinical,2002,historical_iq_classification,0
T3_imbecile_clinical,2003,historical_iq_classification,0
T3_imbecile_clinical,2004,historical_iq_classification,0
T3_imbecile_clinical,2005,historical_iq_classification,0
T3_imbecile_clinical,2006,historical_iq_classification,0
T3_imbecile_clinical,2007,historical_iq_classification,0
T3_imbecile_clinical,2011,historical_iq_classification,1
T3_imbecile_clinical,2013,historical_iq_classification,0
T3_imbecile_clinical,2014,historical_iq_classification,0
T3_imbecile_clinical,2020,historical_iq_classification,1
T3_imbecile_clinical,2021,historical_iq_classification,1
T3_imbecile_clinical,1951,unknown,2
T3_imbecile_clinical,1952,unknown,3
T3_imbecile_clinical,1954,unknown,7
T3_imbecile_clinical,1955,unknown,4
T3_imbecile_clinical,1956,unknown,3
T3_imbecile_clinical,1957,unknown,4
T3_imbecile_clinical,1958,unknown,6
T3_imbecile_clinical,1959,unknown,3
T3_imbecile_clinical,1960,unknown,0
T3_imbecile_clinical,1961,unknown,7
T3_imbecile_clinical,1962,unknown,2
T3_imbecile_clinical,1963,unknown,1
T3_imbecile_clinical,1964,unknown,2
T3_imbecile_clinical,1965,unknown,0
T3_imbecile_clinical,1966,unknown,4
T3_imbecile_clinical,1967,unknown,3
T3_imbecile_clinical,1968,unknown,3
T3_imbecile_clinical,1969,unknown,1
T3_imbecile_clinical,1971,unknown,2
T3_imbecile_clinical,1972,unknown,1
T3_imbecile_clinical,1973,unknown,1
T3_imbecile_clinical,1974,unknown,1
T3_imbecile_clinical,1975,unknown,2
T3_imbecile_clinical,1976,unknown,3
T3_imbecile_clinical,1977,unknown,2
T3_imbecile_clinical,1978,unknown,5
T3_imbecile_clinical,1979,unknown,2
T3_imbecile_clinical,1980,unknown,3
T3_imbecile_clinical,1981,unknown,2
T3_imbecile_clinical,1983,unknown,2
T3_imbecile_clinical,1984,unknown,1
T3_imbecile_clinical,1985,unknown,3
T3_imbecile_clinical,1986,unknown,2
T3_imbecile_clinical,1987,unknown,4
T3_imbecile_clinical,1988,unknown,5
T3_imbecile_clinical,1989,unknown,3
T3_imbecile_clinical,1990,unknown,2
T3_imbecile_clinical,1991,unknown,1
T3_imbecile_clinical,1992,unknown,1
T3_imbecile_clinical,1993,unknown,1
T3_imbecile_clinical,1994,unknown,3
T3_imbecile_clinical,1995,unknown,2
T3_imbecile_clinical,1996,unknown,1
T3_imbecile_clinical,1997,unknown,2
T3_imbecile_clinical,1998,unknown,2
T3_imbecile_clinical,1999,unknown,1
T3_imbecile_clinical,2000,unknown,1
T3_imbecile_clinical,2001,unknown,1
T3_imbecile_clinical,2002,unknown,1
T3_imbecile_clinical,2003,unknown,1
T3_imbecile_clinical,2004,unknown,3
T3_imbecile_clinical,2005,unknown,1
T3_imbecile_clinical,2006,unknown,1
T3_imbecile_clinical,2007,unknown,1
T3_imbecile_clinical,2011,unknown,0
T3_imbecile_clinical,2013,unknown,1
T3_imbecile_clinical,2014,unknown,2
T3_imbecile_clinical,2020,unknown,1
T3_imbecile_clinical,2021,unknown,0
T3_whore_harlot,1969,history_of_sex_work_archive,0
T3_whore_harlot,1972,history_of_sex_work_archive,0
T3_whore_harlot,1974,history_of_sex_work_archive,0
T3_whore_harlot,1979,history_of_sex_work_archive,0
T3_whore_harlot,1986,history_of_sex_work_archive,0
T3_whore_harlot,1990,history_of_sex_work_archive,0
T3_whore_harlot,1991,history_of_sex_work_archive,0
T3_whore_harlot,1992,history_of_sex_work_archive,0
T3_whore_harlot,1994,history_of_sex_work_archive,0
T3_whore_harlot,1995,history_of_sex_work_archive,0
T3_whore_harlot,1997,history_of_sex_work_archive,0
T3_whore_harlot,1998,history_of_sex_work_archive,0
T3_whore_harlot,1999,history_of_sex_work_archive,0
T3_whore_harlot,2000,history_of_sex_work_archive,1
T3_whore_harlot,2003,history_of_sex_work_archive,0
T3_whore_harlot,2004,history_of_sex_work_archive,0
T3_whore_harlot,2005,history_of_sex_work_archive,0
T3_whore_harlot,2006,history_of_sex_work_archive,0
T3_whore_harlot,2007,history_of_sex_work_archive,1
T3_whore_harlot,2008,history_of_sex_work_archive,0
T3_whore_harlot,2009,history_of_sex_work_archive,0
T3_whore_harlot,2010,history_of_sex_work_archive,1
T3_whore_harlot,2011,history_of_sex_work_archive,0
T3_whore_harlot,2012,history_of_sex_work_archive,1
T3_whore_harlot,2013,history_of_sex_work_archive,0
T3_whore_harlot,2014,history_of_sex_work_archive,0
T3_whore_harlot,2015,history_of_sex_work_archive,0
T3_whore_harlot,2016,history_of_sex_work_archive,1
T3_whore_harlot,2017,history_of_sex_work_archive,2
T3_whore_harlot,2018,history_of_sex_work_archive,0
T3_whore_harlot,2019,history_of_sex_work_archive,2
T3_whore_harlot,2020,history_of_sex_work_archive,0
T3_whore_harlot,2021,history_of_sex_work_archive,2
T3_whore_harlot,2022,history_of_sex_work_archive,1
T3_whore_harlot,2023,history_of_sex_work_archive,1
T3_whore_harlot,2024,history_of_sex_work_archive,0
T3_whore_harlot,1969,unknown,1
T3_whore_harlot,1972,unknown,1
T3_whore_harlot,1974,unknown,1
T3_whore_harlot,1979,unknown,1
T3_whore_harlot,1986,unknown,1
T3_whore_harlot,1990,unknown,2
T3_whore_harlot,1991,unknown,1
T3_whore_harlot,1992,unknown,1
T3_whore_harlot,1994,unknown,2
T3_whore_harlot,1995,unknown,1
T3_whore_harlot,1997,unknown,1
T3_whore_harlot,1998,unknown,1
T3_whore_harlot,1999,unknown,2
T3_whore_harlot,2000,unknown,0
T3_whore_harlot,2003,unknown,2
T3_whore_harlot,2004,unknown,1
T3_whore_harlot,2005,unknown,3
T3_whore_harlot,2006,unknown,1
T3_whore_harlot,2007,unknown,0
T3_whore_harlot,2008,unknown,1
T3_whore_harlot,2009,unknown,3
T3_whore_harlot,2010,unknown,1
T3_whore_harlot,2011,unknown,3
T3_whore_harlot,2012,unknown,0
T3_whore_harlot,2013,unknown,1
T3_whore_harlot,2014,unknown,1
T3_whore_harlot,2015,unknown,2
T3_whore_harlot,2016,unknown,1
T3_whore_harlot,2017,unknown,2
T3_whore_harlot,2018,unknown,1
T3_whore_harlot,2019,unknown,0
T3_whore_harlot,2020,unknown,2
T3_whore_harlot,2021,unknown,0
T3_whore_harlot,2022,unknown,2
T3_whore_harlot,2023,unknown,3
T3_whore_harlot,2024,unknown,1
T3_hottentot,1952,historical_racial_pathology,0
T3_hottentot,1955,historical_racial_pathology,0
T3_hottentot,1957,historical_racial_pathology,0
T3_hottentot,1963,historical_racial_pathology,1
T3_hottentot,1966,historical_racial_pathology,0
T3_hottentot,1970,historical_racial_pathology,0
T3_hottentot,1971,historical_racial_pathology,0
T3_hottentot,1975,historical_racial_pathology,0
T3_hottentot,1976,historical_racial_pathology,0
T3_hottentot,1980,historical_racial_pathology,0
T3_hottentot,1981,historical_racial_pathology,0
T3_hottentot,1982,historical_racial_pathology,0
T3_hottentot,1984,historical_racial_pathology,0
T3_hottentot,1987,historical_racial_pathology,0
T3_hottentot,1992,historical_racial_pathology,0
T3_hottentot,1993,historical_racial_pathology,0
T3_hottentot,1994,historical_racial_pathology,1
T3_hottentot,1996,historical_racial_pathology,0
T3_hottentot,1999,historical_racial_pathology,0
T3_hottentot,2001,historical_racial_pathology,0
T3_hottentot,2005,historical_racial_pathology,0
T3_hottentot,2006,historical_racial_pathology,0
T3_hottentot,2008,historical_racial_pathology,0
T3_hottentot,2009,historical_racial_pathology,0
T3_hottentot,2010,historical_racial_pathology,0
T3_hottentot,2012,historical_racial_pathology,0
T3_hottentot,2013,historical_racial_pathology,0
T3_hottentot,2014,historical_racial_pathology,0
T3_hottentot,2016,historical_racial_pathology,0
T3_hottentot,2017,historical_racial_pathology,0
T3_hottentot,2019,historical_racial_pathology,0
T3_hottentot,2020,historical_racial_pathology,0
T3_hottentot,2021,historical_racial_pathology,0
T3_hottentot,2023,historical_racial_pathology,0
T3_hottentot,2024,historical_racial_pathology,0
T3_hottentot,1952,khoisan_population_genetics,0
T3_hottentot,1955,khoisan_population_genetics,0
T3_hottentot,1957,khoisan_population_genetics,0
T3_hottentot,1963,khoisan_population_genetics,0
T3_hottentot,1966,khoisan_population_genetics,0
T3_hottentot,1970,khoisan_population_genetics,0
T3_hottentot,1971,khoisan_population_genetics,1
T3_hottentot,1975,khoisan_population_genetics,3
T3_hottentot,1976,khoisan_population_genetics,1
T3_hottentot,1980,khoisan_population_genetics,0
T3_hottentot,1981,khoisan_population_genetics,1
T3_hottentot,1982,khoisan_population_genetics,1
T3_hottentot,1984,khoisan_population_genetics,0
T3_hottentot,1987,khoisan_population_genetics,0
T3_hottentot,1992,khoisan_population_genetics,1
T3_hottentot,1993,khoisan_population_genetics,0
T3_hottentot,1994,khoisan_population_genetics,0
T3_hottentot,1996,khoisan_population_genetics,0
T3_hottentot,1999,khoisan_population_genetics,1
T3_hottentot,2001,khoisan_population_genetics,0
T3_hottentot,2005,khoisan_population_genetics,0
T3_hottentot,2006,khoisan_population_genetics,0
T3_hottentot,2008,khoisan_population_genetics,2
T3_hottentot,2009,khoisan_population_genetics,0
T3_hottentot,2010,khoisan_population_genetics,0
T3_hottentot,2012,khoisan_population_genetics,0
T3_hottentot,2013,khoisan_population_genetics,0
T3_hottentot,2014,khoisan_population_genetics,1
T3_hottentot,2016,khoisan_population_genetics,0
T3_hottentot,2017,khoisan_population_genetics,0
T3_hottentot,2019,khoisan_population_genetics,0
T3_hottentot,2020,khoisan_population_genetics,0
T3_hottentot,2021,khoisan_population_genetics,0
T3_hottentot,2023,khoisan_population_genetics,0
T3_hottentot,2024,khoisan_population_genetics,0
T3_hottentot,1952,unknown,1
T3_hottentot,1955,unknown,1
T3_hottentot,1957,unknown,1
T3_hottentot,1963,unknown,0
T3_hottentot,1966,unknown,1
T3_hottentot,1970,unknown,1
T3_hottentot,1971,unknown,1
T3_hottentot,1975,unknown,1
T3_hottentot,1976,unknown,0
T3_hottentot,1980,unknown,1
T3_hottentot,1981,unknown,1
T3_hottentot,1982,unknown,1
T3_hottentot,1984,unknown,2
T3_hottentot,1987,unknown,1
T3_hottentot,1992,unknown,1
T3_hottentot,1993,unknown,2
T3_hottentot,1994,unknown,0
T3_hottentot,1996,unknown,1
T3_hottentot,1999,unknown,1
T3_hottentot,2001,unknown,1
T3_hottentot,2005,unknown,1
T3_hottentot,2006,unknown,1
T3_hottentot,2008,unknown,2
T3_hottentot,2009,unknown,1
T3_hottentot,2010,unknown,1
T3_hottentot,2012,unknown,1
T3_hottentot,2013,unknown,2
T3_hottentot,2014,unknown,2
T3_hottentot,2016,unknown,1
T3_hottentot,2017,unknown,3
T3_hottentot,2019,unknown,2
T3_hottentot,2020,unknown,3
T3_hottentot,2021,unknown,1
T3_hottentot,2023,unknown,1
T3_hottentot,2024,unknown,3
T3_kaffir,1960,botanical_kaffir_lime,1
T3_kaffir,2001,botanical_kaffir_lime,1
T3_kaffir,2009,botanical_kaffir_lime,1
T3_kaffir,2010,botanical_kaffir_lime,1
T3_kaffir,2011,botanical_kaffir_lime,0
T3_kaffir,2012,botanical_kaffir_lime,1
T3_kaffir,2013,botanical_kaffir_lime,1
T3_kaffir,2015,botanical_kaffir_lime,1
T3_kaffir,2016,botanical_kaffir_lime,2
T3_kaffir,2017,botanical_kaffir_lime,6
T3_kaffir,2018,botanical_kaffir_lime,2
T3_kaffir,2019,botanical_kaffir_lime,2
T3_kaffir,2020,botanical_kaffir_lime,4
T3_kaffir,2021,botanical_kaffir_lime,3
T3_kaffir,2022,botanical_kaffir_lime,2
T3_kaffir,2023,botanical_kaffir_lime,9
T3_kaffir,2024,botanical_kaffir_lime,4
T3_kaffir,1960,unknown,0
T3_kaffir,2001,unknown,0
T3_kaffir,2009,unknown,0
T3_kaffir,2010,unknown,1
T3_kaffir,2011,unknown,1
T3_kaffir,2012,unknown,1
T3_kaffir,2013,unknown,1
T3_kaffir,2015,unknown,0
T3_kaffir,2016,unknown,0
T3_kaffir,2017,unknown,0
T3_kaffir,2018,unknown,0
T3_kaffir,2019,unknown,1
T3_kaffir,2020,unknown,0
T3_kaffir,2021,unknown,0
T3_kaffir,2022,unknown,0
T3_kaffir,2023,unknown,0
T3_kaffir,2024,unknown,0
T3_monster_clinical,1956,historical_congenital_monstrosity,1
T3_monster_clinical,1963,historical_congenital_monstrosity,0
T3_monster_clinical,2020,historical_congenital_monstrosity,0
T3_monster_clinical,1956,unknown,0
T3_monster_clinical,1963,unknown,1
T3_monster_clinical,2020,unknown,1
T2_hysteria,1950,conversion_disorder_modern,0
T2_hysteria,1951,conversion_disorder_modern,0
T2_hysteria,1952,conversion_disorder_modern,0
T2_hysteria,1953,conversion_disorder_modern,0
T2_hysteria,1954,conversion_disorder_modern,0
T2_hysteria,1955,conversion_disorder_modern,0
T2_hysteria,1956,conversion_disorder_modern,0
T2_hysteria,1957,conversion_disorder_modern,0
T2_hysteria,1958,conversion_disorder_modern,0
T2_hysteria,1959,conversion_disorder_modern,0
T2_hysteria,1960,conversion_disorder_modern,0
T2_hysteria,1961,conversion_disorder_modern,0
T2_hysteria,1962,conversion_disorder_modern,0
T2_hysteria,1963,conversion_disorder_modern,0
T2_hysteria,1964,conversion_disorder_modern,0
T2_hysteria,1965,conversion_disorder_modern,0
T2_hysteria,1966,conversion_disorder_modern,0
T2_hysteria,1967,conversion_disorder_modern,0
T2_hysteria,1968,conversion_disorder_modern,0
T2_hysteria,1969,conversion_disorder_modern,0
T2_hysteria,1970,conversion_disorder_modern,0
T2_hysteria,1971,conversion_disorder_modern,0
T2_hysteria,1972,conversion_disorder_modern,0
T2_hysteria,1973,conversion_disorder_modern,0
T2_hysteria,1974,conversion_disorder_modern,0
T2_hysteria,1975,conversion_disorder_modern,0
T2_hysteria,1976,conversion_disorder_modern,0
T2_hysteria,1977,conversion_disorder_modern,0
T2_hysteria,1978,conversion_disorder_modern,1
T2_hysteria,1979,conversion_disorder_modern,1
T2_hysteria,1980,conversion_disorder_modern,0
T2_hysteria,1981,conversion_disorder_modern,0
T2_hysteria,1982,conversion_disorder_modern,0
T2_hysteria,1983,conversion_disorder_modern,1
T2_hysteria,1984,conversion_disorder_modern,1
T2_hysteria,1985,conversion_disorder_modern,0
T2_hysteria,1986,conversion_disorder_modern,4
T2_hysteria,1987,conversion_disorder_modern,0
T2_hysteria,1988,conversion_disorder_modern,3
T2_hysteria,1989,conversion_disorder_modern,2
T2_hysteria,1990,conversion_disorder_modern,1
T2_hysteria,1991,conversion_disorder_modern,1
T2_hysteria,1992,conversion_disorder_modern,2
T2_hysteria,1993,conversion_disorder_modern,1
T2_hysteria,1994,conversion_disorder_modern,3
T2_hysteria,1995,conversion_disorder_modern,4
T2_hysteria,1996,conversion_disorder_modern,4
T2_hysteria,1997,conversion_disorder_modern,7
T2_hysteria,1998,conversion_disorder_modern,4
T2_hysteria,1999,conversion_disorder_modern,2
T2_hysteria,2000,conversion_disorder_modern,2
T2_hysteria,2001,conversion_disorder_modern,4
T2_hysteria,2002,conversion_disorder_modern,3
T2_hysteria,2003,conversion_disorder_modern,4
T2_hysteria,2004,conversion_disorder_modern,5
T2_hysteria,2005,conversion_disorder_modern,5
T2_hysteria,2006,conversion_disorder_modern,3
T2_hysteria,2007,conversion_disorder_modern,8
T2_hysteria,2008,conversion_disorder_modern,2
T2_hysteria,2009,conversion_disorder_modern,6
T2_hysteria,2010,conversion_disorder_modern,6
T2_hysteria,2011,conversion_disorder_modern,5
T2_hysteria,2012,conversion_disorder_modern,8
T2_hysteria,2013,conversion_disorder_modern,7
T2_hysteria,2014,conversion_disorder_modern,6
T2_hysteria,2015,conversion_disorder_modern,9
T2_hysteria,2016,conversion_disorder_modern,9
T2_hysteria,2017,conversion_disorder_modern,5
T2_hysteria,2018,conversion_disorder_modern,7
T2_hysteria,2019,conversion_disorder_modern,6
T2_hysteria,2020,conversion_disorder_modern,7
T2_hysteria,2021,conversion_disorder_modern,5
T2_hysteria,2022,conversion_disorder_modern,4
T2_hysteria,2023,conversion_disorder_modern,9
T2_hysteria,2024,conversion_disorder_modern,5
T2_hysteria,1950,informal_emotional,1
T2_hysteria,1951,informal_emotional,0
T2_hysteria,1952,informal_emotional,0
T2_hysteria,1953,informal_emotional,0
T2_hysteria,1954,informal_emotional,0
T2_hysteria,1955,informal_emotional,0
T2_hysteria,1956,informal_emotional,2
T2_hysteria,1957,informal_emotional,1
T2_hysteria,1958,informal_emotional,0
T2_hysteria,1959,informal_emotional,1
T2_hysteria,1960,informal_emotional,1
T2_hysteria,1961,informal_emotional,0
T2_hysteria,1962,informal_emotional,0
T2_hysteria,1963,informal_emotional,1
T2_hysteria,1964,informal_emotional,0
T2_hysteria,1965,informal_emotional,0
T2_hysteria,1966,informal_emotional,0
T2_hysteria,1967,informal_emotional,0
T2_hysteria,1968,informal_emotional,2
T2_hysteria,1969,informal_emotional,1
T2_hysteria,1970,informal_emotional,0
T2_hysteria,1971,informal_emotional,0
T2_hysteria,1972,informal_emotional,0
T2_hysteria,1973,informal_emotional,1
T2_hysteria,1974,informal_emotional,1
T2_hysteria,1975,informal_emotional,1
T2_hysteria,1976,informal_emotional,1
T2_hysteria,1977,informal_emotional,2
T2_hysteria,1978,informal_emotional,0
T2_hysteria,1979,informal_emotional,0
T2_hysteria,1980,informal_emotional,0
T2_hysteria,1981,informal_emotional,0
T2_hysteria,1982,informal_emotional,2
T2_hysteria,1983,informal_emotional,1
T2_hysteria,1984,informal_emotional,0
T2_hysteria,1985,informal_emotional,1
T2_hysteria,1986,informal_emotional,2
T2_hysteria,1987,informal_emotional,1
T2_hysteria,1988,informal_emotional,2
T2_hysteria,1989,informal_emotional,3
T2_hysteria,1990,informal_emotional,0
T2_hysteria,1991,informal_emotional,1
T2_hysteria,1992,informal_emotional,0
T2_hysteria,1993,informal_emotional,1
T2_hysteria,1994,informal_emotional,0
T2_hysteria,1995,informal_emotional,1
T2_hysteria,1996,informal_emotional,0
T2_hysteria,1997,informal_emotional,2
T2_hysteria,1998,informal_emotional,2
T2_hysteria,1999,informal_emotional,0
T2_hysteria,2000,informal_emotional,0
T2_hysteria,2001,informal_emotional,1
T2_hysteria,2002,informal_emotional,0
T2_hysteria,2003,informal_emotional,1
T2_hysteria,2004,informal_emotional,1
T2_hysteria,2005,informal_emotional,0
T2_hysteria,2006,informal_emotional,0
T2_hysteria,2007,informal_emotional,0
T2_hysteria,2008,informal_emotional,0
T2_hysteria,2009,informal_emotional,2
T2_hysteria,2010,informal_emotional,0
T2_hysteria,2011,informal_emotional,0
T2_hysteria,2012,informal_emotional,2
T2_hysteria,2013,informal_emotional,0
T2_hysteria,2014,informal_emotional,1
T2_hysteria,2015,informal_emotional,0
T2_hysteria,2016,informal_emotional,0
T2_hysteria,2017,informal_emotional,0
T2_hysteria,2018,informal_emotional,1
T2_hysteria,2019,informal_emotional,1
T2_hysteria,2020,informal_emotional,0
T2_hysteria,2021,informal_emotional,1
T2_hysteria,2022,informal_emotional,1
T2_hysteria,2023,informal_emotional,0
T2_hysteria,2024,informal_emotional,0
T2_hysteria,1950,mass_collective,0
T2_hysteria,1951,mass_collective,0
T2_hysteria,1952,mass_collective,0
T2_hysteria,1953,mass_collective,0
T2_hysteria,1954,mass_collective,0
T2_hysteria,1955,mass_collective,0
T2_hysteria,1956,mass_collective,0
T2_hysteria,1957,mass_collective,0
T2_hysteria,1958,mass_collective,0
T2_hysteria,1959,mass_collective,0
T2_hysteria,1960,mass_collective,0
T2_hysteria,1961,mass_collective,0
T2_hysteria,1962,mass_collective,0
T2_hysteria,1963,mass_collective,2
T2_hysteria,1964,mass_collective,2
T2_hysteria,1965,mass_collective,2
T2_hysteria,1966,mass_collective,1
T2_hysteria,1967,mass_collective,1
T2_hysteria,1968,mass_collective,2
T2_hysteria,1969,mass_collective,0
T2_hysteria,1970,mass_collective,2
T2_hysteria,1971,mass_collective,0
T2_hysteria,1972,mass_collective,0
T2_hysteria,1973,mass_collective,3
T2_hysteria,1974,mass_collective,3
T2_hysteria,1975,mass_collective,3
T2_hysteria,1976,mass_collective,4
T2_hysteria,1977,mass_collective,1
T2_hysteria,1978,mass_collective,0
T2_hysteria,1979,mass_collective,3
T2_hysteria,1980,mass_collective,2
T2_hysteria,1981,mass_collective,3
T2_hysteria,1982,mass_collective,3
T2_hysteria,1983,mass_collective,5
T2_hysteria,1984,mass_collective,5
T2_hysteria,1985,mass_collective,3
T2_hysteria,1986,mass_collective,1
T2_hysteria,1987,mass_collective,2
T2_hysteria,1988,mass_collective,3
T2_hysteria,1989,mass_collective,2
T2_hysteria,1990,mass_collective,6
T2_hysteria,1991,mass_collective,3
T2_hysteria,1992,mass_collective,4
T2_hysteria,1993,mass_collective,5
T2_hysteria,1994,mass_collective,5
T2_hysteria,1995,mass_collective,1
T2_hysteria,1996,mass_collective,3
T2_hysteria,1997,mass_collective,6
T2_hysteria,1998,mass_collective,2
T2_hysteria,1999,mass_collective,4
T2_hysteria,2000,mass_collective,3
T2_hysteria,2001,mass_collective,3
T2_hysteria,2002,mass_collective,3
T2_hysteria,2003,mass_collective,3
T2_hysteria,2004,mass_collective,4
T2_hysteria,2005,mass_collective,2
T2_hysteria,2006,mass_collective,1
T2_hysteria,2007,mass_collective,3
T2_hysteria,2008,mass_collective,0
T2_hysteria,2009,mass_collective,2
T2_hysteria,2010,mass_collective,1
T2_hysteria,2011,mass_collective,6
T2_hysteria,2012,mass_collective,1
T2_hysteria,2013,mass_collective,2
T2_hysteria,2014,mass_collective,2
T2_hysteria,2015,mass_collective,2
T2_hysteria,2016,mass_collective,2
T2_hysteria,2017,mass_collective,4
T2_hysteria,2018,mass_collective,2
T2_hysteria,2019,mass_collective,0
T2_hysteria,2020,mass_collective,5
T2_hysteria,2021,mass_collective,5
T2_hysteria,2022,mass_collective,6
T2_hysteria,2023,mass_collective,4
T2_hysteria,2024,mass_collective,2
T2_hysteria,1950,pre_freudian_clinical,1
T2_hysteria,1951,pre_freudian_clinical,3
T2_hysteria,1952,pre_freudian_clinical,1
T2_hysteria,1953,pre_freudian_clinical,4
T2_hysteria,1954,pre_freudian_clinical,1
T2_hysteria,1955,pre_freudian_clinical,4
T2_hysteria,1956,pre_freudian_clinical,1
T2_hysteria,1957,pre_freudian_clinical,2
T2_hysteria,1958,pre_freudian_clinical,6
T2_hysteria,1959,pre_freudian_clinical,2
T2_hysteria,1960,pre_freudian_clinical,0
T2_hysteria,1961,pre_freudian_clinical,1
T2_hysteria,1962,pre_freudian_clinical,1
T2_hysteria,1963,pre_freudian_clinical,0
T2_hysteria,1964,pre_freudian_clinical,1
T2_hysteria,1965,pre_freudian_clinical,2
T2_hysteria,1966,pre_freudian_clinical,1
T2_hysteria,1967,pre_freudian_clinical,2
T2_hysteria,1968,pre_freudian_clinical,1
T2_hysteria,1969,pre_freudian_clinical,1
T2_hysteria,1970,pre_freudian_clinical,4
T2_hysteria,1971,pre_freudian_clinical,2
T2_hysteria,1972,pre_freudian_clinical,2
T2_hysteria,1973,pre_freudian_clinical,3
T2_hysteria,1974,pre_freudian_clinical,1
T2_hysteria,1975,pre_freudian_clinical,5
T2_hysteria,1976,pre_freudian_clinical,4
T2_hysteria,1977,pre_freudian_clinical,5
T2_hysteria,1978,pre_freudian_clinical,2
T2_hysteria,1979,pre_freudian_clinical,7
T2_hysteria,1980,pre_freudian_clinical,3
T2_hysteria,1981,pre_freudian_clinical,5
T2_hysteria,1982,pre_freudian_clinical,10
T2_hysteria,1983,pre_freudian_clinical,7
T2_hysteria,1984,pre_freudian_clinical,4
T2_hysteria,1985,pre_freudian_clinical,9
T2_hysteria,1986,pre_freudian_clinical,5
T2_hysteria,1987,pre_freudian_clinical,5
T2_hysteria,1988,pre_freudian_clinical,10
T2_hysteria,1989,pre_freudian_clinical,5
T2_hysteria,1990,pre_freudian_clinical,7
T2_hysteria,1991,pre_freudian_clinical,3
T2_hysteria,1992,pre_freudian_clinical,5
T2_hysteria,1993,pre_freudian_clinical,6
T2_hysteria,1994,pre_freudian_clinical,15
T2_hysteria,1995,pre_freudian_clinical,8
T2_hysteria,1996,pre_freudian_clinical,7
T2_hysteria,1997,pre_freudian_clinical,6
T2_hysteria,1998,pre_freudian_clinical,4
T2_hysteria,1999,pre_freudian_clinical,8
T2_hysteria,2000,pre_freudian_clinical,5
T2_hysteria,2001,pre_freudian_clinical,5
T2_hysteria,2002,pre_freudian_clinical,3
T2_hysteria,2003,pre_freudian_clinical,8
T2_hysteria,2004,pre_freudian_clinical,10
T2_hysteria,2005,pre_freudian_clinical,6
T2_hysteria,2006,pre_freudian_clinical,6
T2_hysteria,2007,pre_freudian_clinical,7
T2_hysteria,2008,pre_freudian_clinical,4
T2_hysteria,2009,pre_freudian_clinical,14
T2_hysteria,2010,pre_freudian_clinical,19
T2_hysteria,2011,pre_freudian_clinical,9
T2_hysteria,2012,pre_freudian_clinical,10
T2_hysteria,2013,pre_freudian_clinical,10
T2_hysteria,2014,pre_freudian_clinical,25
T2_hysteria,2015,pre_freudian_clinical,8
T2_hysteria,2016,pre_freudian_clinical,5
T2_hysteria,2017,pre_freudian_clinical,6
T2_hysteria,2018,pre_freudian_clinical,4
T2_hysteria,2019,pre_freudian_clinical,2
T2_hysteria,2020,pre_freudian_clinical,6
T2_hysteria,2021,pre_freudian_clinical,9
T2_hysteria,2022,pre_freudian_clinical,6
T2_hysteria,2023,pre_freudian_clinical,3
T2_hysteria,2024,pre_freudian_clinical,15
T2_hysteria,1950,psychoanalytic_freud,0
T2_hysteria,1951,psychoanalytic_freud,0
T2_hysteria,1952,psychoanalytic_freud,0
T2_hysteria,1953,psychoanalytic_freud,1
T2_hysteria,1954,psychoanalytic_freud,0
T2_hysteria,1955,psychoanalytic_freud,0
T2_hysteria,1956,psychoanalytic_freud,0
T2_hysteria,1957,psychoanalytic_freud,1
T2_hysteria,1958,psychoanalytic_freud,0
T2_hysteria,1959,psychoanalytic_freud,0
T2_hysteria,1960,psychoanalytic_freud,0
T2_hysteria,1961,psychoanalytic_freud,1
T2_hysteria,1962,psychoanalytic_freud,0
T2_hysteria,1963,psychoanalytic_freud,0
T2_hysteria,1964,psychoanalytic_freud,1
T2_hysteria,1965,psychoanalytic_freud,0
T2_hysteria,1966,psychoanalytic_freud,0
T2_hysteria,1967,psychoanalytic_freud,0
T2_hysteria,1968,psychoanalytic_freud,0
T2_hysteria,1969,psychoanalytic_freud,1
T2_hysteria,1970,psychoanalytic_freud,1
T2_hysteria,1971,psychoanalytic_freud,1
T2_hysteria,1972,psychoanalytic_freud,1
T2_hysteria,1973,psychoanalytic_freud,0
T2_hysteria,1974,psychoanalytic_freud,1
T2_hysteria,1975,psychoanalytic_freud,4
T2_hysteria,1976,psychoanalytic_freud,5
T2_hysteria,1977,psychoanalytic_freud,3
T2_hysteria,1978,psychoanalytic_freud,2
T2_hysteria,1979,psychoanalytic_freud,8
T2_hysteria,1980,psychoanalytic_freud,5
T2_hysteria,1981,psychoanalytic_freud,4
T2_hysteria,1982,psychoanalytic_freud,9
T2_hysteria,1983,psychoanalytic_freud,4
T2_hysteria,1984,psychoanalytic_freud,8
T2_hysteria,1985,psychoanalytic_freud,2
T2_hysteria,1986,psychoanalytic_freud,5
T2_hysteria,1987,psychoanalytic_freud,3
T2_hysteria,1988,psychoanalytic_freud,2
T2_hysteria,1989,psychoanalytic_freud,2
T2_hysteria,1990,psychoanalytic_freud,6
T2_hysteria,1991,psychoanalytic_freud,1
T2_hysteria,1992,psychoanalytic_freud,6
T2_hysteria,1993,psychoanalytic_freud,2
T2_hysteria,1994,psychoanalytic_freud,2
T2_hysteria,1995,psychoanalytic_freud,6
T2_hysteria,1996,psychoanalytic_freud,4
T2_hysteria,1997,psychoanalytic_freud,5
T2_hysteria,1998,psychoanalytic_freud,0
T2_hysteria,1999,psychoanalytic_freud,6
T2_hysteria,2000,psychoanalytic_freud,3
T2_hysteria,2001,psychoanalytic_freud,2
T2_hysteria,2002,psychoanalytic_freud,3
T2_hysteria,2003,psychoanalytic_freud,4
T2_hysteria,2004,psychoanalytic_freud,2
T2_hysteria,2005,psychoanalytic_freud,2
T2_hysteria,2006,psychoanalytic_freud,1
T2_hysteria,2007,psychoanalytic_freud,1
T2_hysteria,2008,psychoanalytic_freud,2
T2_hysteria,2009,psychoanalytic_freud,5
T2_hysteria,2010,psychoanalytic_freud,3
T2_hysteria,2011,psychoanalytic_freud,2
T2_hysteria,2012,psychoanalytic_freud,2
T2_hysteria,2013,psychoanalytic_freud,2
T2_hysteria,2014,psychoanalytic_freud,1
T2_hysteria,2015,psychoanalytic_freud,1
T2_hysteria,2016,psychoanalytic_freud,5
T2_hysteria,2017,psychoanalytic_freud,1
T2_hysteria,2018,psychoanalytic_freud,3
T2_hysteria,2019,psychoanalytic_freud,3
T2_hysteria,2020,psychoanalytic_freud,3
T2_hysteria,2021,psychoanalytic_freud,0
T2_hysteria,2022,psychoanalytic_freud,2
T2_hysteria,2023,psychoanalytic_freud,3
T2_hysteria,2024,psychoanalytic_freud,3
T2_hysteria,1950,unknown,23
T2_hysteria,1951,unknown,34
T2_hysteria,1952,unknown,40
T2_hysteria,1953,unknown,46
T2_hysteria,1954,unknown,26
T2_hysteria,1955,unknown,42
T2_hysteria,1956,unknown,28
T2_hysteria,1957,unknown,19
T2_hysteria,1958,unknown,31
T2_hysteria,1959,unknown,31
T2_hysteria,1960,unknown,24
T2_hysteria,1961,unknown,29
T2_hysteria,1962,unknown,36
T2_hysteria,1963,unknown,84
T2_hysteria,1964,unknown,112
T2_hysteria,1965,unknown,61
T2_hysteria,1966,unknown,30
T2_hysteria,1967,unknown,27
T2_hysteria,1968,unknown,23
T2_hysteria,1969,unknown,34
T2_hysteria,1970,unknown,39
T2_hysteria,1971,unknown,39
T2_hysteria,1972,unknown,27
T2_hysteria,1973,unknown,36
T2_hysteria,1974,unknown,44
T2_hysteria,1975,unknown,65
T2_hysteria,1976,unknown,75
T2_hysteria,1977,unknown,51
T2_hysteria,1978,unknown,52
T2_hysteria,1979,unknown,81
T2_hysteria,1980,unknown,73
T2_hysteria,1981,unknown,72
T2_hysteria,1982,unknown,63
T2_hysteria,1983,unknown,66
T2_hysteria,1984,unknown,58
T2_hysteria,1985,unknown,62
T2_hysteria,1986,unknown,77
T2_hysteria,1987,unknown,43
T2_hysteria,1988,unknown,59
T2_hysteria,1989,unknown,67
T2_hysteria,1990,unknown,71
T2_hysteria,1991,unknown,58
T2_hysteria,1992,unknown,55
T2_hysteria,1993,unknown,49
T2_hysteria,1994,unknown,49
T2_hysteria,1995,unknown,56
T2_hysteria,1996,unknown,40
T2_hysteria,1997,unknown,31
T2_hysteria,1998,unknown,35
T2_hysteria,1999,unknown,28
T2_hysteria,2000,unknown,42
T2_hysteria,2001,unknown,32
T2_hysteria,2002,unknown,46
T2_hysteria,2003,unknown,35
T2_hysteria,2004,unknown,37
T2_hysteria,2005,unknown,31
T2_hysteria,2006,unknown,33
T2_hysteria,2007,unknown,32
T2_hysteria,2008,unknown,33
T2_hysteria,2009,unknown,26
T2_hysteria,2010,unknown,22
T2_hysteria,2011,unknown,30
T2_hysteria,2012,unknown,36
T2_hysteria,2013,unknown,47
T2_hysteria,2014,unknown,45
T2_hysteria,2015,unknown,24
T2_hysteria,2016,unknown,29
T2_hysteria,2017,unknown,29
T2_hysteria,2018,unknown,32
T2_hysteria,2019,unknown,32
T2_hysteria,2020,unknown,34
T2_hysteria,2021,unknown,30
T2_hysteria,2022,unknown,24
T2_hysteria,2023,unknown,24
T2_hysteria,2024,unknown,21
T2_hermaphrodite,1950,biology_animal_plant,0
T2_hermaphrodite,1951,biology_animal_plant,1
T2_hermaphrodite,1952,biology_animal_plant,0
T2_hermaphrodite,1953,biology_animal_plant,0
T2_hermaphrodite,1954,biology_animal_plant,0
T2_hermaphrodite,1955,biology_animal_plant,1
T2_hermaphrodite,1956,biology_animal_plant,0
T2_hermaphrodite,1957,biology_animal_plant,1
T2_hermaphrodite,1958,biology_animal_plant,0
T2_hermaphrodite,1959,biology_animal_plant,1
T2_hermaphrodite,1960,biology_animal_plant,0
T2_hermaphrodite,1961,biology_animal_plant,1
T2_hermaphrodite,1962,biology_animal_plant,0
T2_hermaphrodite,1963,biology_animal_plant,0
T2_hermaphrodite,1964,biology_animal_plant,0
T2_hermaphrodite,1965,biology_animal_plant,1
T2_hermaphrodite,1966,biology_animal_plant,0
T2_hermaphrodite,1967,biology_animal_plant,1
T2_hermaphrodite,1968,biology_animal_plant,2
T2_hermaphrodite,1969,biology_animal_plant,3
T2_hermaphrodite,1970,biology_animal_plant,2
T2_hermaphrodite,1971,biology_animal_plant,0
T2_hermaphrodite,1972,biology_animal_plant,2
T2_hermaphrodite,1973,biology_animal_plant,2
T2_hermaphrodite,1974,biology_animal_plant,0
T2_hermaphrodite,1975,biology_animal_plant,2
T2_hermaphrodite,1976,biology_animal_plant,1
T2_hermaphrodite,1977,biology_animal_plant,0
T2_hermaphrodite,1978,biology_animal_plant,0
T2_hermaphrodite,1979,biology_animal_plant,3
T2_hermaphrodite,1980,biology_animal_plant,3
T2_hermaphrodite,1981,biology_animal_plant,2
T2_hermaphrodite,1982,biology_animal_plant,6
T2_hermaphrodite,1983,biology_animal_plant,4
T2_hermaphrodite,1984,biology_animal_plant,3
T2_hermaphrodite,1985,biology_animal_plant,7
T2_hermaphrodite,1986,biology_animal_plant,10
T2_hermaphrodite,1987,biology_animal_plant,7
T2_hermaphrodite,1988,biology_animal_plant,9
T2_hermaphrodite,1989,biology_animal_plant,10
T2_hermaphrodite,1990,biology_animal_plant,7
T2_hermaphrodite,1991,biology_animal_plant,6
T2_hermaphrodite,1992,biology_animal_plant,9
T2_hermaphrodite,1993,biology_animal_plant,13
T2_hermaphrodite,1994,biology_animal_plant,14
T2_hermaphrodite,1995,biology_animal_plant,20
T2_hermaphrodite,1996,biology_animal_plant,17
T2_hermaphrodite,1997,biology_animal_plant,17
T2_hermaphrodite,1998,biology_animal_plant,18
T2_hermaphrodite,1999,biology_animal_plant,27
T2_hermaphrodite,2000,biology_animal_plant,35
T2_hermaphrodite,2001,biology_animal_plant,29
T2_hermaphrodite,2002,biology_animal_plant,25
T2_hermaphrodite,2003,biology_animal_plant,46
T2_hermaphrodite,2004,biology_animal_plant,44
T2_hermaphrodite,2005,biology_animal_plant,48
T2_hermaphrodite,2006,biology_animal_plant,53
T2_hermaphrodite,2007,biology_animal_plant,43
T2_hermaphrodite,2008,biology_animal_plant,49
T2_hermaphrodite,2009,biology_animal_plant,56
T2_hermaphrodite,2010,biology_animal_plant,51
T2_hermaphrodite,2011,biology_animal_plant,54
T2_hermaphrodite,2012,biology_animal_plant,54
T2_hermaphrodite,2013,biology_animal_plant,58
T2_hermaphrodite,2014,biology_animal_plant,65
T2_hermaphrodite,2015,biology_animal_plant,47
T2_hermaphrodite,2016,biology_animal_plant,59
T2_hermaphrodite,2017,biology_animal_plant,70
T2_hermaphrodite,2018,biology_animal_plant,70
T2_hermaphrodite,2019,biology_animal_plant,50
T2_hermaphrodite,2020,biology_animal_plant,56
T2_hermaphrodite,2021,biology_animal_plant,51
T2_hermaphrodite,2022,biology_animal_plant,74
T2_hermaphrodite,2023,biology_animal_plant,59
T2_hermaphrodite,2024,biology_animal_plant,67
T2_hermaphrodite,1950,dsd_intersex_modern,0
T2_hermaphrodite,1951,dsd_intersex_modern,0
T2_hermaphrodite,1952,dsd_intersex_modern,1
T2_hermaphrodite,1953,dsd_intersex_modern,0
T2_hermaphrodite,1954,dsd_intersex_modern,1
T2_hermaphrodite,1955,dsd_intersex_modern,0
T2_hermaphrodite,1956,dsd_intersex_modern,2
T2_hermaphrodite,1957,dsd_intersex_modern,4
T2_hermaphrodite,1958,dsd_intersex_modern,4
T2_hermaphrodite,1959,dsd_intersex_modern,3
T2_hermaphrodite,1960,dsd_intersex_modern,4
T2_hermaphrodite,1961,dsd_intersex_modern,5
T2_hermaphrodite,1962,dsd_intersex_modern,6
T2_hermaphrodite,1963,dsd_intersex_modern,5
T2_hermaphrodite,1964,dsd_intersex_modern,3
T2_hermaphrodite,1965,dsd_intersex_modern,5
T2_hermaphrodite,1966,dsd_intersex_modern,0
T2_hermaphrodite,1967,dsd_intersex_modern,0
T2_hermaphrodite,1968,dsd_intersex_modern,0
T2_hermaphrodite,1969,dsd_intersex_modern,0
T2_hermaphrodite,1970,dsd_intersex_modern,1
T2_hermaphrodite,1971,dsd_intersex_modern,1
T2_hermaphrodite,1972,dsd_intersex_modern,1
T2_hermaphrodite,1973,dsd_intersex_modern,1
T2_hermaphrodite,1974,dsd_intersex_modern,1
T2_hermaphrodite,1975,dsd_intersex_modern,1
T2_hermaphrodite,1976,dsd_intersex_modern,4
T2_hermaphrodite,1977,dsd_intersex_modern,0
T2_hermaphrodite,1978,dsd_intersex_modern,1
T2_hermaphrodite,1979,dsd_intersex_modern,3
T2_hermaphrodite,1980,dsd_intersex_modern,2
T2_hermaphrodite,1981,dsd_intersex_modern,2
T2_hermaphrodite,1982,dsd_intersex_modern,0
T2_hermaphrodite,1983,dsd_intersex_modern,0
T2_hermaphrodite,1984,dsd_intersex_modern,2
T2_hermaphrodite,1985,dsd_intersex_modern,0
T2_hermaphrodite,1986,dsd_intersex_modern,3
T2_hermaphrodite,1987,dsd_intersex_modern,3
T2_hermaphrodite,1988,dsd_intersex_modern,3
T2_hermaphrodite,1989,dsd_intersex_modern,2
T2_hermaphrodite,1990,dsd_intersex_modern,1
T2_hermaphrodite,1991,dsd_intersex_modern,7
T2_hermaphrodite,1992,dsd_intersex_modern,5
T2_hermaphrodite,1993,dsd_intersex_modern,6
T2_hermaphrodite,1994,dsd_intersex_modern,4
T2_hermaphrodite,1995,dsd_intersex_modern,5
T2_hermaphrodite,1996,dsd_intersex_modern,5
T2_hermaphrodite,1997,dsd_intersex_modern,2
T2_hermaphrodite,1998,dsd_intersex_modern,11
T2_hermaphrodite,1999,dsd_intersex_modern,3
T2_hermaphrodite,2000,dsd_intersex_modern,4
T2_hermaphrodite,2001,dsd_intersex_modern,7
T2_hermaphrodite,2002,dsd_intersex_modern,3
T2_hermaphrodite,2003,dsd_intersex_modern,1
T2_hermaphrodite,2004,dsd_intersex_modern,6
T2_hermaphrodite,2005,dsd_intersex_modern,11
T2_hermaphrodite,2006,dsd_intersex_modern,8
T2_hermaphrodite,2007,dsd_intersex_modern,6
T2_hermaphrodite,2008,dsd_intersex_modern,9
T2_hermaphrodite,2009,dsd_intersex_modern,3
T2_hermaphrodite,2010,dsd_intersex_modern,10
T2_hermaphrodite,2011,dsd_intersex_modern,6
T2_hermaphrodite,2012,dsd_intersex_modern,3
T2_hermaphrodite,2013,dsd_intersex_modern,3
T2_hermaphrodite,2014,dsd_intersex_modern,4
T2_hermaphrodite,2015,dsd_intersex_modern,8
T2_hermaphrodite,2016,dsd_intersex_modern,9
T2_hermaphrodite,2017,dsd_intersex_modern,2
T2_hermaphrodite,2018,dsd_intersex_modern,11
T2_hermaphrodite,2019,dsd_intersex_modern,2
T2_hermaphrodite,2020,dsd_intersex_modern,8
T2_hermaphrodite,2021,dsd_intersex_modern,6
T2_hermaphrodite,2022,dsd_intersex_modern,5
T2_hermaphrodite,2023,dsd_intersex_modern,4
T2_hermaphrodite,2024,dsd_intersex_modern,11
T2_hermaphrodite,1950,endocrine_genetic_clinical,1
T2_hermaphrodite,1951,endocrine_genetic_clinical,1
T2_hermaphrodite,1952,endocrine_genetic_clinical,2
T2_hermaphrodite,1953,endocrine_genetic_clinical,1
T2_hermaphrodite,1954,endocrine_genetic_clinical,0
T2_hermaphrodite,1955,endocrine_genetic_clinical,2
T2_hermaphrodite,1956,endocrine_genetic_clinical,9
T2_hermaphrodite,1957,endocrine_genetic_clinical,5
T2_hermaphrodite,1958,endocrine_genetic_clinical,5
T2_hermaphrodite,1959,endocrine_genetic_clinical,2
T2_hermaphrodite,1960,endocrine_genetic_clinical,6
T2_hermaphrodite,1961,endocrine_genetic_clinical,5
T2_hermaphrodite,1962,endocrine_genetic_clinical,2
T2_hermaphrodite,1963,endocrine_genetic_clinical,4
T2_hermaphrodite,1964,endocrine_genetic_clinical,7
T2_hermaphrodite,1965,endocrine_genetic_clinical,2
T2_hermaphrodite,1966,endocrine_genetic_clinical,1
T2_hermaphrodite,1967,endocrine_genetic_clinical,5
T2_hermaphrodite,1968,endocrine_genetic_clinical,5
T2_hermaphrodite,1969,endocrine_genetic_clinical,0
T2_hermaphrodite,1970,endocrine_genetic_clinical,5
T2_hermaphrodite,1971,endocrine_genetic_clinical,7
T2_hermaphrodite,1972,endocrine_genetic_clinical,3
T2_hermaphrodite,1973,endocrine_genetic_clinical,2
T2_hermaphrodite,1974,endocrine_genetic_clinical,3
T2_hermaphrodite,1975,endocrine_genetic_clinical,14
T2_hermaphrodite,1976,endocrine_genetic_clinical,18
T2_hermaphrodite,1977,endocrine_genetic_clinical,9
T2_hermaphrodite,1978,endocrine_genetic_clinical,21
T2_hermaphrodite,1979,endocrine_genetic_clinical,14
T2_hermaphrodite,1980,endocrine_genetic_clinical,16
T2_hermaphrodite,1981,endocrine_genetic_clinical,14
T2_hermaphrodite,1982,endocrine_genetic_clinical,6
T2_hermaphrodite,1983,endocrine_genetic_clinical,14
T2_hermaphrodite,1984,endocrine_genetic_clinical,15
T2_hermaphrodite,1985,endocrine_genetic_clinical,17
T2_hermaphrodite,1986,endocrine_genetic_clinical,12
T2_hermaphrodite,1987,endocrine_genetic_clinical,27
T2_hermaphrodite,1988,endocrine_genetic_clinical,12
T2_hermaphrodite,1989,endocrine_genetic_clinical,11
T2_hermaphrodite,1990,endocrine_genetic_clinical,18
T2_hermaphrodite,1991,endocrine_genetic_clinical,14
T2_hermaphrodite,1992,endocrine_genetic_clinical,26
T2_hermaphrodite,1993,endocrine_genetic_clinical,17
T2_hermaphrodite,1994,endocrine_genetic_clinical,22
T2_hermaphrodite,1995,endocrine_genetic_clinical,22
T2_hermaphrodite,1996,endocrine_genetic_clinical,21
T2_hermaphrodite,1997,endocrine_genetic_clinical,18
T2_hermaphrodite,1998,endocrine_genetic_clinical,22
T2_hermaphrodite,1999,endocrine_genetic_clinical,15
T2_hermaphrodite,2000,endocrine_genetic_clinical,26
T2_hermaphrodite,2001,endocrine_genetic_clinical,18
T2_hermaphrodite,2002,endocrine_genetic_clinical,24
T2_hermaphrodite,2003,endocrine_genetic_clinical,21
T2_hermaphrodite,2004,endocrine_genetic_clinical,24
T2_hermaphrodite,2005,endocrine_genetic_clinical,17
T2_hermaphrodite,2006,endocrine_genetic_clinical,26
T2_hermaphrodite,2007,endocrine_genetic_clinical,12
T2_hermaphrodite,2008,endocrine_genetic_clinical,16
T2_hermaphrodite,2009,endocrine_genetic_clinical,13
T2_hermaphrodite,2010,endocrine_genetic_clinical,13
T2_hermaphrodite,2011,endocrine_genetic_clinical,6
T2_hermaphrodite,2012,endocrine_genetic_clinical,13
T2_hermaphrodite,2013,endocrine_genetic_clinical,11
T2_hermaphrodite,2014,endocrine_genetic_clinical,3
T2_hermaphrodite,2015,endocrine_genetic_clinical,11
T2_hermaphrodite,2016,endocrine_genetic_clinical,11
T2_hermaphrodite,2017,endocrine_genetic_clinical,5
T2_hermaphrodite,2018,endocrine_genetic_clinical,8
T2_hermaphrodite,2019,endocrine_genetic_clinical,2
T2_hermaphrodite,2020,endocrine_genetic_clinical,13
T2_hermaphrodite,2021,endocrine_genetic_clinical,5
T2_hermaphrodite,2022,endocrine_genetic_clinical,5
T2_hermaphrodite,2023,endocrine_genetic_clinical,6
T2_hermaphrodite,2024,endocrine_genetic_clinical,8
T2_hermaphrodite,1950,historical_clinical_taxonomy,1
T2_hermaphrodite,1951,historical_clinical_taxonomy,4
T2_hermaphrodite,1952,historical_clinical_taxonomy,4
T2_hermaphrodite,1953,historical_clinical_taxonomy,8
T2_hermaphrodite,1954,historical_clinical_taxonomy,11
T2_hermaphrodite,1955,historical_clinical_taxonomy,8
T2_hermaphrodite,1956,historical_clinical_taxonomy,9
T2_hermaphrodite,1957,historical_clinical_taxonomy,8
T2_hermaphrodite,1958,historical_clinical_taxonomy,5
T2_hermaphrodite,1959,historical_clinical_taxonomy,4
T2_hermaphrodite,1960,historical_clinical_taxonomy,10
T2_hermaphrodite,1961,historical_clinical_taxonomy,8
T2_hermaphrodite,1962,historical_clinical_taxonomy,9
T2_hermaphrodite,1963,historical_clinical_taxonomy,11
T2_hermaphrodite,1964,historical_clinical_taxonomy,18
T2_hermaphrodite,1965,historical_clinical_taxonomy,19
T2_hermaphrodite,1966,historical_clinical_taxonomy,6
T2_hermaphrodite,1967,historical_clinical_taxonomy,7
T2_hermaphrodite,1968,historical_clinical_taxonomy,8
T2_hermaphrodite,1969,historical_clinical_taxonomy,16
T2_hermaphrodite,1970,historical_clinical_taxonomy,13
T2_hermaphrodite,1971,historical_clinical_taxonomy,7
T2_hermaphrodite,1972,historical_clinical_taxonomy,12
T2_hermaphrodite,1973,historical_clinical_taxonomy,11
T2_hermaphrodite,1974,historical_clinical_taxonomy,10
T2_hermaphrodite,1975,historical_clinical_taxonomy,7
T2_hermaphrodite,1976,historical_clinical_taxonomy,5
T2_hermaphrodite,1977,historical_clinical_taxonomy,5
T2_hermaphrodite,1978,historical_clinical_taxonomy,10
T2_hermaphrodite,1979,historical_clinical_taxonomy,10
T2_hermaphrodite,1980,historical_clinical_taxonomy,10
T2_hermaphrodite,1981,historical_clinical_taxonomy,8
T2_hermaphrodite,1982,historical_clinical_taxonomy,14
T2_hermaphrodite,1983,historical_clinical_taxonomy,11
T2_hermaphrodite,1984,historical_clinical_taxonomy,9
T2_hermaphrodite,1985,historical_clinical_taxonomy,7
T2_hermaphrodite,1986,historical_clinical_taxonomy,13
T2_hermaphrodite,1987,historical_clinical_taxonomy,8
T2_hermaphrodite,1988,historical_clinical_taxonomy,7
T2_hermaphrodite,1989,historical_clinical_taxonomy,8
T2_hermaphrodite,1990,historical_clinical_taxonomy,3
T2_hermaphrodite,1991,historical_clinical_taxonomy,11
T2_hermaphrodite,1992,historical_clinical_taxonomy,6
T2_hermaphrodite,1993,historical_clinical_taxonomy,5
T2_hermaphrodite,1994,historical_clinical_taxonomy,6
T2_hermaphrodite,1995,historical_clinical_taxonomy,6
T2_hermaphrodite,1996,historical_clinical_taxonomy,10
T2_hermaphrodite,1997,historical_clinical_taxonomy,10
T2_hermaphrodite,1998,historical_clinical_taxonomy,11
T2_hermaphrodite,1999,historical_clinical_taxonomy,10
T2_hermaphrodite,2000,historical_clinical_taxonomy,5
T2_hermaphrodite,2001,historical_clinical_taxonomy,6
T2_hermaphrodite,2002,historical_clinical_taxonomy,3
T2_hermaphrodite,2003,historical_clinical_taxonomy,4
T2_hermaphrodite,2004,historical_clinical_taxonomy,12
T2_hermaphrodite,2005,historical_clinical_taxonomy,7
T2_hermaphrodite,2006,historical_clinical_taxonomy,4
T2_hermaphrodite,2007,historical_clinical_taxonomy,10
T2_hermaphrodite,2008,historical_clinical_taxonomy,6
T2_hermaphrodite,2009,historical_clinical_taxonomy,4
T2_hermaphrodite,2010,historical_clinical_taxonomy,5
T2_hermaphrodite,2011,historical_clinical_taxonomy,5
T2_hermaphrodite,2012,historical_clinical_taxonomy,5
T2_hermaphrodite,2013,historical_clinical_taxonomy,1
T2_hermaphrodite,2014,historical_clinical_taxonomy,3
T2_hermaphrodite,2015,historical_clinical_taxonomy,0
T2_hermaphrodite,2016,historical_clinical_taxonomy,0
T2_hermaphrodite,2017,historical_clinical_taxonomy,3
T2_hermaphrodite,2018,historical_clinical_taxonomy,2
T2_hermaphrodite,2019,historical_clinical_taxonomy,0
T2_hermaphrodite,2020,historical_clinical_taxonomy,1
T2_hermaphrodite,2021,historical_clinical_taxonomy,2
T2_hermaphrodite,2022,historical_clinical_taxonomy,2
T2_hermaphrodite,2023,historical_clinical_taxonomy,3
T2_hermaphrodite,2024,historical_clinical_taxonomy,1
T2_hermaphrodite,1950,unknown,34
T2_hermaphrodite,1951,unknown,40
T2_hermaphrodite,1952,unknown,39
T2_hermaphrodite,1953,unknown,46
T2_hermaphrodite,1954,unknown,44
T2_hermaphrodite,1955,unknown,49
T2_hermaphrodite,1956,unknown,39
T2_hermaphrodite,1957,unknown,57
T2_hermaphrodite,1958,unknown,76
T2_hermaphrodite,1959,unknown,73
T2_hermaphrodite,1960,unknown,64
T2_hermaphrodite,1961,unknown,70
T2_hermaphrodite,1962,unknown,83
T2_hermaphrodite,1963,unknown,103
T2_hermaphrodite,1964,unknown,109
T2_hermaphrodite,1965,unknown,87
T2_hermaphrodite,1966,unknown,26
T2_hermaphrodite,1967,unknown,37
T2_hermaphrodite,1968,unknown,21
T2_hermaphrodite,1969,unknown,33
T2_hermaphrodite,1970,unknown,40
T2_hermaphrodite,1971,unknown,39
T2_hermaphrodite,1972,unknown,30
T2_hermaphrodite,1973,unknown,22
T2_hermaphrodite,1974,unknown,31
T2_hermaphrodite,1975,unknown,36
T2_hermaphrodite,1976,unknown,52
T2_hermaphrodite,1977,unknown,31
T2_hermaphrodite,1978,unknown,34
T2_hermaphrodite,1979,unknown,41
T2_hermaphrodite,1980,unknown,26
T2_hermaphrodite,1981,unknown,27
T2_hermaphrodite,1982,unknown,30
T2_hermaphrodite,1983,unknown,33
T2_hermaphrodite,1984,unknown,33
T2_hermaphrodite,1985,unknown,33
T2_hermaphrodite,1986,unknown,30
T2_hermaphrodite,1987,unknown,40
T2_hermaphrodite,1988,unknown,32
T2_hermaphrodite,1989,unknown,31
T2_hermaphrodite,1990,unknown,36
T2_hermaphrodite,1991,unknown,38
T2_hermaphrodite,1992,unknown,51
T2_hermaphrodite,1993,unknown,34
T2_hermaphrodite,1994,unknown,44
T2_hermaphrodite,1995,unknown,44
T2_hermaphrodite,1996,unknown,56
T2_hermaphrodite,1997,unknown,59
T2_hermaphrodite,1998,unknown,56
T2_hermaphrodite,1999,unknown,51
T2_hermaphrodite,2000,unknown,59
T2_hermaphrodite,2001,unknown,62
T2_hermaphrodite,2002,unknown,62
T2_hermaphrodite,2003,unknown,67
T2_hermaphrodite,2004,unknown,79
T2_hermaphrodite,2005,unknown,87
T2_hermaphrodite,2006,unknown,109
T2_hermaphrodite,2007,unknown,82
T2_hermaphrodite,2008,unknown,69
T2_hermaphrodite,2009,unknown,83
T2_hermaphrodite,2010,unknown,95
T2_hermaphrodite,2011,unknown,92
T2_hermaphrodite,2012,unknown,101
T2_hermaphrodite,2013,unknown,106
T2_hermaphrodite,2014,unknown,115
T2_hermaphrodite,2015,unknown,96
T2_hermaphrodite,2016,unknown,103
T2_hermaphrodite,2017,unknown,126
T2_hermaphrodite,2018,unknown,105
T2_hermaphrodite,2019,unknown,99
T2_hermaphrodite,2020,unknown,97
T2_hermaphrodite,2021,unknown,114
T2_hermaphrodite,2022,unknown,109
T2_hermaphrodite,2023,unknown,115
T2_hermaphrodite,2024,unknown,95
T2_transsexual_xvest,1951,epidemiology_advocacy,0
T2_transsexual_xvest,1952,epidemiology_advocacy,0
T2_transsexual_xvest,1953,epidemiology_advocacy,0
T2_transsexual_xvest,1954,epidemiology_advocacy,0
T2_transsexual_xvest,1955,epidemiology_advocacy,0
T2_transsexual_xvest,1956,epidemiology_advocacy,0
T2_transsexual_xvest,1957,epidemiology_advocacy,0
T2_transsexual_xvest,1958,epidemiology_advocacy,0
T2_transsexual_xvest,1959,epidemiology_advocacy,0
T2_transsexual_xvest,1960,epidemiology_advocacy,0
T2_transsexual_xvest,1961,epidemiology_advocacy,0
T2_transsexual_xvest,1962,epidemiology_advocacy,0
T2_transsexual_xvest,1963,epidemiology_advocacy,0
T2_transsexual_xvest,1964,epidemiology_advocacy,0
T2_transsexual_xvest,1965,epidemiology_advocacy,0
T2_transsexual_xvest,1966,epidemiology_advocacy,0
T2_transsexual_xvest,1967,epidemiology_advocacy,0
T2_transsexual_xvest,1968,epidemiology_advocacy,0
T2_transsexual_xvest,1969,epidemiology_advocacy,0
T2_transsexual_xvest,1970,epidemiology_advocacy,0
T2_transsexual_xvest,1971,epidemiology_advocacy,0
T2_transsexual_xvest,1972,epidemiology_advocacy,0
T2_transsexual_xvest,1973,epidemiology_advocacy,0
T2_transsexual_xvest,1974,epidemiology_advocacy,0
T2_transsexual_xvest,1975,epidemiology_advocacy,0
T2_transsexual_xvest,1976,epidemiology_advocacy,0
T2_transsexual_xvest,1977,epidemiology_advocacy,0
T2_transsexual_xvest,1978,epidemiology_advocacy,0
T2_transsexual_xvest,1979,epidemiology_advocacy,0
T2_transsexual_xvest,1980,epidemiology_advocacy,0
T2_transsexual_xvest,1981,epidemiology_advocacy,0
T2_transsexual_xvest,1982,epidemiology_advocacy,0
T2_transsexual_xvest,1983,epidemiology_advocacy,0
T2_transsexual_xvest,1984,epidemiology_advocacy,0
T2_transsexual_xvest,1985,epidemiology_advocacy,0
T2_transsexual_xvest,1986,epidemiology_advocacy,0
T2_transsexual_xvest,1987,epidemiology_advocacy,0
T2_transsexual_xvest,1988,epidemiology_advocacy,0
T2_transsexual_xvest,1989,epidemiology_advocacy,0
T2_transsexual_xvest,1990,epidemiology_advocacy,0
T2_transsexual_xvest,1991,epidemiology_advocacy,0
T2_transsexual_xvest,1992,epidemiology_advocacy,0
T2_transsexual_xvest,1993,epidemiology_advocacy,0
T2_transsexual_xvest,1994,epidemiology_advocacy,0
T2_transsexual_xvest,1995,epidemiology_advocacy,0
T2_transsexual_xvest,1996,epidemiology_advocacy,0
T2_transsexual_xvest,1997,epidemiology_advocacy,1
T2_transsexual_xvest,1998,epidemiology_advocacy,0
T2_transsexual_xvest,1999,epidemiology_advocacy,0
T2_transsexual_xvest,2000,epidemiology_advocacy,0
T2_transsexual_xvest,2001,epidemiology_advocacy,0
T2_transsexual_xvest,2002,epidemiology_advocacy,0
T2_transsexual_xvest,2003,epidemiology_advocacy,0
T2_transsexual_xvest,2004,epidemiology_advocacy,0
T2_transsexual_xvest,2005,epidemiology_advocacy,0
T2_transsexual_xvest,2006,epidemiology_advocacy,2
T2_transsexual_xvest,2007,epidemiology_advocacy,3
T2_transsexual_xvest,2008,epidemiology_advocacy,0
T2_transsexual_xvest,2009,epidemiology_advocacy,1
T2_transsexual_xvest,2010,epidemiology_advocacy,0
T2_transsexual_xvest,2011,epidemiology_advocacy,1
T2_transsexual_xvest,2012,epidemiology_advocacy,0
T2_transsexual_xvest,2013,epidemiology_advocacy,1
T2_transsexual_xvest,2014,epidemiology_advocacy,5
T2_transsexual_xvest,2015,epidemiology_advocacy,7
T2_transsexual_xvest,2016,epidemiology_advocacy,12
T2_transsexual_xvest,2017,epidemiology_advocacy,9
T2_transsexual_xvest,2018,epidemiology_advocacy,10
T2_transsexual_xvest,2019,epidemiology_advocacy,9
T2_transsexual_xvest,2020,epidemiology_advocacy,13
T2_transsexual_xvest,2021,epidemiology_advocacy,9
T2_transsexual_xvest,2022,epidemiology_advocacy,5
T2_transsexual_xvest,2023,epidemiology_advocacy,6
T2_transsexual_xvest,2024,epidemiology_advocacy,8
T2_transsexual_xvest,1951,gender_affirming_clinical_modern,0
T2_transsexual_xvest,1952,gender_affirming_clinical_modern,0
T2_transsexual_xvest,1953,gender_affirming_clinical_modern,0
T2_transsexual_xvest,1954,gender_affirming_clinical_modern,0
T2_transsexual_xvest,1955,gender_affirming_clinical_modern,0
T2_transsexual_xvest,1956,gender_affirming_clinical_modern,0
T2_transsexual_xvest,1957,gender_affirming_clinical_modern,0
T2_transsexual_xvest,1958,gender_affirming_clinical_modern,0
T2_transsexual_xvest,1959,gender_affirming_clinical_modern,0
T2_transsexual_xvest,1960,gender_affirming_clinical_modern,0
T2_transsexual_xvest,1961,gender_affirming_clinical_modern,0
T2_transsexual_xvest,1962,gender_affirming_clinical_modern,0
T2_transsexual_xvest,1963,gender_affirming_clinical_modern,0
T2_transsexual_xvest,1964,gender_affirming_clinical_modern,0
T2_transsexual_xvest,1965,gender_affirming_clinical_modern,0
T2_transsexual_xvest,1966,gender_affirming_clinical_modern,0
T2_transsexual_xvest,1967,gender_affirming_clinical_modern,0
T2_transsexual_xvest,1968,gender_affirming_clinical_modern,0
T2_transsexual_xvest,1969,gender_affirming_clinical_modern,0
T2_transsexual_xvest,1970,gender_affirming_clinical_modern,0
T2_transsexual_xvest,1971,gender_affirming_clinical_modern,0
T2_transsexual_xvest,1972,gender_affirming_clinical_modern,0
T2_transsexual_xvest,1973,gender_affirming_clinical_modern,0
T2_transsexual_xvest,1974,gender_affirming_clinical_modern,0
T2_transsexual_xvest,1975,gender_affirming_clinical_modern,0
T2_transsexual_xvest,1976,gender_affirming_clinical_modern,0
T2_transsexual_xvest,1977,gender_affirming_clinical_modern,0
T2_transsexual_xvest,1978,gender_affirming_clinical_modern,0
T2_transsexual_xvest,1979,gender_affirming_clinical_modern,0
T2_transsexual_xvest,1980,gender_affirming_clinical_modern,1
T2_transsexual_xvest,1981,gender_affirming_clinical_modern,0
T2_transsexual_xvest,1982,gender_affirming_clinical_modern,1
T2_transsexual_xvest,1983,gender_affirming_clinical_modern,1
T2_transsexual_xvest,1984,gender_affirming_clinical_modern,1
T2_transsexual_xvest,1985,gender_affirming_clinical_modern,0
T2_transsexual_xvest,1986,gender_affirming_clinical_modern,1
T2_transsexual_xvest,1987,gender_affirming_clinical_modern,4
T2_transsexual_xvest,1988,gender_affirming_clinical_modern,3
T2_transsexual_xvest,1989,gender_affirming_clinical_modern,0
T2_transsexual_xvest,1990,gender_affirming_clinical_modern,1
T2_transsexual_xvest,1991,gender_affirming_clinical_modern,1
T2_transsexual_xvest,1992,gender_affirming_clinical_modern,3
T2_transsexual_xvest,1993,gender_affirming_clinical_modern,15
T2_transsexual_xvest,1994,gender_affirming_clinical_modern,3
T2_transsexual_xvest,1995,gender_affirming_clinical_modern,4
T2_transsexual_xvest,1996,gender_affirming_clinical_modern,9
T2_transsexual_xvest,1997,gender_affirming_clinical_modern,1
T2_transsexual_xvest,1998,gender_affirming_clinical_modern,4
T2_transsexual_xvest,1999,gender_affirming_clinical_modern,4
T2_transsexual_xvest,2000,gender_affirming_clinical_modern,5
T2_transsexual_xvest,2001,gender_affirming_clinical_modern,2
T2_transsexual_xvest,2002,gender_affirming_clinical_modern,3
T2_transsexual_xvest,2003,gender_affirming_clinical_modern,8
T2_transsexual_xvest,2004,gender_affirming_clinical_modern,5
T2_transsexual_xvest,2005,gender_affirming_clinical_modern,4
T2_transsexual_xvest,2006,gender_affirming_clinical_modern,2
T2_transsexual_xvest,2007,gender_affirming_clinical_modern,10
T2_transsexual_xvest,2008,gender_affirming_clinical_modern,9
T2_transsexual_xvest,2009,gender_affirming_clinical_modern,7
T2_transsexual_xvest,2010,gender_affirming_clinical_modern,7
T2_transsexual_xvest,2011,gender_affirming_clinical_modern,10
T2_transsexual_xvest,2012,gender_affirming_clinical_modern,9
T2_transsexual_xvest,2013,gender_affirming_clinical_modern,18
T2_transsexual_xvest,2014,gender_affirming_clinical_modern,16
T2_transsexual_xvest,2015,gender_affirming_clinical_modern,17
T2_transsexual_xvest,2016,gender_affirming_clinical_modern,23
T2_transsexual_xvest,2017,gender_affirming_clinical_modern,28
T2_transsexual_xvest,2018,gender_affirming_clinical_modern,19
T2_transsexual_xvest,2019,gender_affirming_clinical_modern,13
T2_transsexual_xvest,2020,gender_affirming_clinical_modern,21
T2_transsexual_xvest,2021,gender_affirming_clinical_modern,21
T2_transsexual_xvest,2022,gender_affirming_clinical_modern,15
T2_transsexual_xvest,2023,gender_affirming_clinical_modern,15
T2_transsexual_xvest,2024,gender_affirming_clinical_modern,17
T2_transsexual_xvest,1951,gender_dysphoria_diagnosis,0
T2_transsexual_xvest,1952,gender_dysphoria_diagnosis,0
T2_transsexual_xvest,1953,gender_dysphoria_diagnosis,0
T2_transsexual_xvest,1954,gender_dysphoria_diagnosis,0
T2_transsexual_xvest,1955,gender_dysphoria_diagnosis,0
T2_transsexual_xvest,1956,gender_dysphoria_diagnosis,0
T2_transsexual_xvest,1957,gender_dysphoria_diagnosis,0
T2_transsexual_xvest,1958,gender_dysphoria_diagnosis,0
T2_transsexual_xvest,1959,gender_dysphoria_diagnosis,0
T2_transsexual_xvest,1960,gender_dysphoria_diagnosis,0
T2_transsexual_xvest,1961,gender_dysphoria_diagnosis,0
T2_transsexual_xvest,1962,gender_dysphoria_diagnosis,0
T2_transsexual_xvest,1963,gender_dysphoria_diagnosis,0
T2_transsexual_xvest,1964,gender_dysphoria_diagnosis,0
T2_transsexual_xvest,1965,gender_dysphoria_diagnosis,0
T2_transsexual_xvest,1966,gender_dysphoria_diagnosis,0
T2_transsexual_xvest,1967,gender_dysphoria_diagnosis,0
T2_transsexual_xvest,1968,gender_dysphoria_diagnosis,0
T2_transsexual_xvest,1969,gender_dysphoria_diagnosis,0
T2_transsexual_xvest,1970,gender_dysphoria_diagnosis,0
T2_transsexual_xvest,1971,gender_dysphoria_diagnosis,0
T2_transsexual_xvest,1972,gender_dysphoria_diagnosis,0
T2_transsexual_xvest,1973,gender_dysphoria_diagnosis,0
T2_transsexual_xvest,1974,gender_dysphoria_diagnosis,1
T2_transsexual_xvest,1975,gender_dysphoria_diagnosis,0
T2_transsexual_xvest,1976,gender_dysphoria_diagnosis,0
T2_transsexual_xvest,1977,gender_dysphoria_diagnosis,1
T2_transsexual_xvest,1978,gender_dysphoria_diagnosis,3
T2_transsexual_xvest,1979,gender_dysphoria_diagnosis,2
T2_transsexual_xvest,1980,gender_dysphoria_diagnosis,2
T2_transsexual_xvest,1981,gender_dysphoria_diagnosis,3
T2_transsexual_xvest,1982,gender_dysphoria_diagnosis,3
T2_transsexual_xvest,1983,gender_dysphoria_diagnosis,2
T2_transsexual_xvest,1984,gender_dysphoria_diagnosis,3
T2_transsexual_xvest,1985,gender_dysphoria_diagnosis,4
T2_transsexual_xvest,1986,gender_dysphoria_diagnosis,2
T2_transsexual_xvest,1987,gender_dysphoria_diagnosis,4
T2_transsexual_xvest,1988,gender_dysphoria_diagnosis,1
T2_transsexual_xvest,1989,gender_dysphoria_diagnosis,5
T2_transsexual_xvest,1990,gender_dysphoria_diagnosis,6
T2_transsexual_xvest,1991,gender_dysphoria_diagnosis,6
T2_transsexual_xvest,1992,gender_dysphoria_diagnosis,5
T2_transsexual_xvest,1993,gender_dysphoria_diagnosis,7
T2_transsexual_xvest,1994,gender_dysphoria_diagnosis,7
T2_transsexual_xvest,1995,gender_dysphoria_diagnosis,5
T2_transsexual_xvest,1996,gender_dysphoria_diagnosis,6
T2_transsexual_xvest,1997,gender_dysphoria_diagnosis,8
T2_transsexual_xvest,1998,gender_dysphoria_diagnosis,8
T2_transsexual_xvest,1999,gender_dysphoria_diagnosis,11
T2_transsexual_xvest,2000,gender_dysphoria_diagnosis,11
T2_transsexual_xvest,2001,gender_dysphoria_diagnosis,8
T2_transsexual_xvest,2002,gender_dysphoria_diagnosis,6
T2_transsexual_xvest,2003,gender_dysphoria_diagnosis,13
T2_transsexual_xvest,2004,gender_dysphoria_diagnosis,8
T2_transsexual_xvest,2005,gender_dysphoria_diagnosis,13
T2_transsexual_xvest,2006,gender_dysphoria_diagnosis,16
T2_transsexual_xvest,2007,gender_dysphoria_diagnosis,15
T2_transsexual_xvest,2008,gender_dysphoria_diagnosis,20
T2_transsexual_xvest,2009,gender_dysphoria_diagnosis,27
T2_transsexual_xvest,2010,gender_dysphoria_diagnosis,31
T2_transsexual_xvest,2011,gender_dysphoria_diagnosis,30
T2_transsexual_xvest,2012,gender_dysphoria_diagnosis,39
T2_transsexual_xvest,2013,gender_dysphoria_diagnosis,39
T2_transsexual_xvest,2014,gender_dysphoria_diagnosis,29
T2_transsexual_xvest,2015,gender_dysphoria_diagnosis,37
T2_transsexual_xvest,2016,gender_dysphoria_diagnosis,32
T2_transsexual_xvest,2017,gender_dysphoria_diagnosis,29
T2_transsexual_xvest,2018,gender_dysphoria_diagnosis,20
T2_transsexual_xvest,2019,gender_dysphoria_diagnosis,13
T2_transsexual_xvest,2020,gender_dysphoria_diagnosis,16
T2_transsexual_xvest,2021,gender_dysphoria_diagnosis,14
T2_transsexual_xvest,2022,gender_dysphoria_diagnosis,11
T2_transsexual_xvest,2023,gender_dysphoria_diagnosis,7
T2_transsexual_xvest,2024,gender_dysphoria_diagnosis,12
T2_transsexual_xvest,1951,psychiatric_paraphilia,0
T2_transsexual_xvest,1952,psychiatric_paraphilia,0
T2_transsexual_xvest,1953,psychiatric_paraphilia,0
T2_transsexual_xvest,1954,psychiatric_paraphilia,0
T2_transsexual_xvest,1955,psychiatric_paraphilia,0
T2_transsexual_xvest,1956,psychiatric_paraphilia,0
T2_transsexual_xvest,1957,psychiatric_paraphilia,0
T2_transsexual_xvest,1958,psychiatric_paraphilia,0
T2_transsexual_xvest,1959,psychiatric_paraphilia,0
T2_transsexual_xvest,1960,psychiatric_paraphilia,0
T2_transsexual_xvest,1961,psychiatric_paraphilia,0
T2_transsexual_xvest,1962,psychiatric_paraphilia,0
T2_transsexual_xvest,1963,psychiatric_paraphilia,0
T2_transsexual_xvest,1964,psychiatric_paraphilia,0
T2_transsexual_xvest,1965,psychiatric_paraphilia,0
T2_transsexual_xvest,1966,psychiatric_paraphilia,0
T2_transsexual_xvest,1967,psychiatric_paraphilia,0
T2_transsexual_xvest,1968,psychiatric_paraphilia,0
T2_transsexual_xvest,1969,psychiatric_paraphilia,0
T2_transsexual_xvest,1970,psychiatric_paraphilia,0
T2_transsexual_xvest,1971,psychiatric_paraphilia,0
T2_transsexual_xvest,1972,psychiatric_paraphilia,0
T2_transsexual_xvest,1973,psychiatric_paraphilia,0
T2_transsexual_xvest,1974,psychiatric_paraphilia,0
T2_transsexual_xvest,1975,psychiatric_paraphilia,0
T2_transsexual_xvest,1976,psychiatric_paraphilia,1
T2_transsexual_xvest,1977,psychiatric_paraphilia,0
T2_transsexual_xvest,1978,psychiatric_paraphilia,0
T2_transsexual_xvest,1979,psychiatric_paraphilia,1
T2_transsexual_xvest,1980,psychiatric_paraphilia,0
T2_transsexual_xvest,1981,psychiatric_paraphilia,0
T2_transsexual_xvest,1982,psychiatric_paraphilia,0
T2_transsexual_xvest,1983,psychiatric_paraphilia,0
T2_transsexual_xvest,1984,psychiatric_paraphilia,0
T2_transsexual_xvest,1985,psychiatric_paraphilia,1
T2_transsexual_xvest,1986,psychiatric_paraphilia,0
T2_transsexual_xvest,1987,psychiatric_paraphilia,0
T2_transsexual_xvest,1988,psychiatric_paraphilia,2
T2_transsexual_xvest,1989,psychiatric_paraphilia,1
T2_transsexual_xvest,1990,psychiatric_paraphilia,0
T2_transsexual_xvest,1991,psychiatric_paraphilia,1
T2_transsexual_xvest,1992,psychiatric_paraphilia,2
T2_transsexual_xvest,1993,psychiatric_paraphilia,2
T2_transsexual_xvest,1994,psychiatric_paraphilia,0
T2_transsexual_xvest,1995,psychiatric_paraphilia,0
T2_transsexual_xvest,1996,psychiatric_paraphilia,1
T2_transsexual_xvest,1997,psychiatric_paraphilia,0
T2_transsexual_xvest,1998,psychiatric_paraphilia,0
T2_transsexual_xvest,1999,psychiatric_paraphilia,1
T2_transsexual_xvest,2000,psychiatric_paraphilia,0
T2_transsexual_xvest,2001,psychiatric_paraphilia,0
T2_transsexual_xvest,2002,psychiatric_paraphilia,1
T2_transsexual_xvest,2003,psychiatric_paraphilia,2
T2_transsexual_xvest,2004,psychiatric_paraphilia,0
T2_transsexual_xvest,2005,psychiatric_paraphilia,4
T2_transsexual_xvest,2006,psychiatric_paraphilia,1
T2_transsexual_xvest,2007,psychiatric_paraphilia,2
T2_transsexual_xvest,2008,psychiatric_paraphilia,2
T2_transsexual_xvest,2009,psychiatric_paraphilia,4
T2_transsexual_xvest,2010,psychiatric_paraphilia,3
T2_transsexual_xvest,2011,psychiatric_paraphilia,1
T2_transsexual_xvest,2012,psychiatric_paraphilia,2
T2_transsexual_xvest,2013,psychiatric_paraphilia,1
T2_transsexual_xvest,2014,psychiatric_paraphilia,2
T2_transsexual_xvest,2015,psychiatric_paraphilia,1
T2_transsexual_xvest,2016,psychiatric_paraphilia,1
T2_transsexual_xvest,2017,psychiatric_paraphilia,1
T2_transsexual_xvest,2018,psychiatric_paraphilia,0
T2_transsexual_xvest,2019,psychiatric_paraphilia,1
T2_transsexual_xvest,2020,psychiatric_paraphilia,0
T2_transsexual_xvest,2021,psychiatric_paraphilia,0
T2_transsexual_xvest,2022,psychiatric_paraphilia,0
T2_transsexual_xvest,2023,psychiatric_paraphilia,2
T2_transsexual_xvest,2024,psychiatric_paraphilia,2
T2_transsexual_xvest,1951,unknown,1
T2_transsexual_xvest,1952,unknown,1
T2_transsexual_xvest,1953,unknown,5
T2_transsexual_xvest,1954,unknown,9
T2_transsexual_xvest,1955,unknown,3
T2_transsexual_xvest,1956,unknown,8
T2_transsexual_xvest,1957,unknown,7
T2_transsexual_xvest,1958,unknown,4
T2_transsexual_xvest,1959,unknown,10
T2_transsexual_xvest,1960,unknown,13
T2_transsexual_xvest,1961,unknown,6
T2_transsexual_xvest,1962,unknown,5
T2_transsexual_xvest,1963,unknown,10
T2_transsexual_xvest,1964,unknown,21
T2_transsexual_xvest,1965,unknown,18
T2_transsexual_xvest,1966,unknown,8
T2_transsexual_xvest,1967,unknown,18
T2_transsexual_xvest,1968,unknown,19
T2_transsexual_xvest,1969,unknown,23
T2_transsexual_xvest,1970,unknown,27
T2_transsexual_xvest,1971,unknown,22
T2_transsexual_xvest,1972,unknown,15
T2_transsexual_xvest,1973,unknown,27
T2_transsexual_xvest,1974,unknown,31
T2_transsexual_xvest,1975,unknown,22
T2_transsexual_xvest,1976,unknown,37
T2_transsexual_xvest,1977,unknown,45
T2_transsexual_xvest,1978,unknown,50
T2_transsexual_xvest,1979,unknown,43
T2_transsexual_xvest,1980,unknown,43
T2_transsexual_xvest,1981,unknown,39
T2_transsexual_xvest,1982,unknown,33
T2_transsexual_xvest,1983,unknown,22
T2_transsexual_xvest,1984,unknown,36
T2_transsexual_xvest,1985,unknown,32
T2_transsexual_xvest,1986,unknown,36
T2_transsexual_xvest,1987,unknown,21
T2_transsexual_xvest,1988,unknown,30
T2_transsexual_xvest,1989,unknown,35
T2_transsexual_xvest,1990,unknown,44
T2_transsexual_xvest,1991,unknown,21
T2_transsexual_xvest,1992,unknown,32
T2_transsexual_xvest,1993,unknown,40
T2_transsexual_xvest,1994,unknown,41
T2_transsexual_xvest,1995,unknown,52
T2_transsexual_xvest,1996,unknown,46
T2_transsexual_xvest,1997,unknown,38
T2_transsexual_xvest,1998,unknown,41
T2_transsexual_xvest,1999,unknown,46
T2_transsexual_xvest,2000,unknown,52
T2_transsexual_xvest,2001,unknown,39
T2_transsexual_xvest,2002,unknown,26
T2_transsexual_xvest,2003,unknown,38
T2_transsexual_xvest,2004,unknown,42
T2_transsexual_xvest,2005,unknown,40
T2_transsexual_xvest,2006,unknown,52
T2_transsexual_xvest,2007,unknown,49
T2_transsexual_xvest,2008,unknown,54
T2_transsexual_xvest,2009,unknown,68
T2_transsexual_xvest,2010,unknown,41
T2_transsexual_xvest,2011,unknown,48
T2_transsexual_xvest,2012,unknown,54
T2_transsexual_xvest,2013,unknown,69
T2_transsexual_xvest,2014,unknown,73
T2_transsexual_xvest,2015,unknown,50
T2_transsexual_xvest,2016,unknown,49
T2_transsexual_xvest,2017,unknown,36
T2_transsexual_xvest,2018,unknown,44
T2_transsexual_xvest,2019,unknown,34
T2_transsexual_xvest,2020,unknown,37
T2_transsexual_xvest,2021,unknown,34
T2_transsexual_xvest,2022,unknown,26
T2_transsexual_xvest,2023,unknown,21
T2_transsexual_xvest,2024,unknown,20
T3_cripple,1950,crippled_childrens_services_program,0
T3_cripple,1951,crippled_childrens_services_program,0
T3_cripple,1952,crippled_childrens_services_program,0
T3_cripple,1953,crippled_childrens_services_program,0
T3_cripple,1954,crippled_childrens_services_program,0
T3_cripple,1955,crippled_childrens_services_program,0
T3_cripple,1956,crippled_childrens_services_program,0
T3_cripple,1957,crippled_childrens_services_program,0
T3_cripple,1958,crippled_childrens_services_program,0
T3_cripple,1959,crippled_childrens_services_program,0
T3_cripple,1960,crippled_childrens_services_program,0
T3_cripple,1961,crippled_childrens_services_program,0
T3_cripple,1962,crippled_childrens_services_program,0
T3_cripple,1963,crippled_childrens_services_program,0
T3_cripple,1964,crippled_childrens_services_program,0
T3_cripple,1965,crippled_childrens_services_program,0
T3_cripple,1966,crippled_childrens_services_program,0
T3_cripple,1967,crippled_childrens_services_program,0
T3_cripple,1968,crippled_childrens_services_program,0
T3_cripple,1969,crippled_childrens_services_program,0
T3_cripple,1970,crippled_childrens_services_program,0
T3_cripple,1971,crippled_childrens_services_program,0
T3_cripple,1972,crippled_childrens_services_program,0
T3_cripple,1973,crippled_childrens_services_program,0
T3_cripple,1974,crippled_childrens_services_program,0
T3_cripple,1975,crippled_childrens_services_program,0
T3_cripple,1976,crippled_childrens_services_program,0
T3_cripple,1977,crippled_childrens_services_program,0
T3_cripple,1978,crippled_childrens_services_program,0
T3_cripple,1979,crippled_childrens_services_program,1
T3_cripple,1980,crippled_childrens_services_program,0
T3_cripple,1981,crippled_childrens_services_program,0
T3_cripple,1982,crippled_childrens_services_program,0
T3_cripple,1983,crippled_childrens_services_program,0
T3_cripple,1984,crippled_childrens_services_program,0
T3_cripple,1985,crippled_childrens_services_program,0
T3_cripple,1986,crippled_childrens_services_program,0
T3_cripple,1987,crippled_childrens_services_program,0
T3_cripple,1988,crippled_childrens_services_program,0
T3_cripple,1989,crippled_childrens_services_program,0
T3_cripple,1990,crippled_childrens_services_program,0
T3_cripple,1991,crippled_childrens_services_program,0
T3_cripple,1992,crippled_childrens_services_program,0
T3_cripple,1993,crippled_childrens_services_program,0
T3_cripple,1994,crippled_childrens_services_program,0
T3_cripple,1995,crippled_childrens_services_program,0
T3_cripple,1996,crippled_childrens_services_program,1
T3_cripple,1997,crippled_childrens_services_program,0
T3_cripple,1998,crippled_childrens_services_program,1
T3_cripple,1999,crippled_childrens_services_program,0
T3_cripple,2000,crippled_childrens_services_program,1
T3_cripple,2001,crippled_childrens_services_program,0
T3_cripple,2002,crippled_childrens_services_program,1
T3_cripple,2003,crippled_childrens_services_program,0
T3_cripple,2004,crippled_childrens_services_program,0
T3_cripple,2005,crippled_childrens_services_program,1
T3_cripple,2006,crippled_childrens_services_program,0
T3_cripple,2007,crippled_childrens_services_program,0
T3_cripple,2008,crippled_childrens_services_program,0
T3_cripple,2009,crippled_childrens_services_program,0
T3_cripple,2010,crippled_childrens_services_program,0
T3_cripple,2011,crippled_childrens_services_program,0
T3_cripple,2012,crippled_childrens_services_program,0
T3_cripple,2013,crippled_childrens_services_program,0
T3_cripple,2014,crippled_childrens_services_program,0
T3_cripple,2015,crippled_childrens_services_program,0
T3_cripple,2016,crippled_childrens_services_program,1
T3_cripple,2017,crippled_childrens_services_program,0
T3_cripple,2018,crippled_childrens_services_program,0
T3_cripple,2019,crippled_childrens_services_program,0
T3_cripple,2020,crippled_childrens_services_program,0
T3_cripple,2021,crippled_childrens_services_program,0
T3_cripple,2022,crippled_childrens_services_program,0
T3_cripple,2023,crippled_childrens_services_program,0
T3_cripple,2024,crippled_childrens_services_program,0
T3_cripple,2025,crippled_childrens_services_program,1
T3_cripple,1950,metaphor_figurative,0
T3_cripple,1951,metaphor_figurative,0
T3_cripple,1952,metaphor_figurative,0
T3_cripple,1953,metaphor_figurative,0
T3_cripple,1954,metaphor_figurative,0
T3_cripple,1955,metaphor_figurative,0
T3_cripple,1956,metaphor_figurative,0
T3_cripple,1957,metaphor_figurative,0
T3_cripple,1958,metaphor_figurative,0
T3_cripple,1959,metaphor_figurative,0
T3_cripple,1960,metaphor_figurative,0
T3_cripple,1961,metaphor_figurative,0
T3_cripple,1962,metaphor_figurative,0
T3_cripple,1963,metaphor_figurative,0
T3_cripple,1964,metaphor_figurative,1
T3_cripple,1965,metaphor_figurative,0
T3_cripple,1966,metaphor_figurative,0
T3_cripple,1967,metaphor_figurative,0
T3_cripple,1968,metaphor_figurative,0
T3_cripple,1969,metaphor_figurative,0
T3_cripple,1970,metaphor_figurative,0
T3_cripple,1971,metaphor_figurative,0
T3_cripple,1972,metaphor_figurative,0
T3_cripple,1973,metaphor_figurative,0
T3_cripple,1974,metaphor_figurative,0
T3_cripple,1975,metaphor_figurative,0
T3_cripple,1976,metaphor_figurative,0
T3_cripple,1977,metaphor_figurative,0
T3_cripple,1978,metaphor_figurative,0
T3_cripple,1979,metaphor_figurative,0
T3_cripple,1980,metaphor_figurative,1
T3_cripple,1981,metaphor_figurative,0
T3_cripple,1982,metaphor_figurative,0
T3_cripple,1983,metaphor_figurative,0
T3_cripple,1984,metaphor_figurative,1
T3_cripple,1985,metaphor_figurative,0
T3_cripple,1986,metaphor_figurative,0
T3_cripple,1987,metaphor_figurative,1
T3_cripple,1988,metaphor_figurative,0
T3_cripple,1989,metaphor_figurative,0
T3_cripple,1990,metaphor_figurative,0
T3_cripple,1991,metaphor_figurative,1
T3_cripple,1992,metaphor_figurative,1
T3_cripple,1993,metaphor_figurative,0
T3_cripple,1994,metaphor_figurative,0
T3_cripple,1995,metaphor_figurative,0
T3_cripple,1996,metaphor_figurative,0
T3_cripple,1997,metaphor_figurative,0
T3_cripple,1998,metaphor_figurative,1
T3_cripple,1999,metaphor_figurative,0
T3_cripple,2000,metaphor_figurative,1
T3_cripple,2001,metaphor_figurative,1
T3_cripple,2002,metaphor_figurative,0
T3_cripple,2003,metaphor_figurative,2
T3_cripple,2004,metaphor_figurative,0
T3_cripple,2005,metaphor_figurative,0
T3_cripple,2006,metaphor_figurative,1
T3_cripple,2007,metaphor_figurative,0
T3_cripple,2008,metaphor_figurative,1
T3_cripple,2009,metaphor_figurative,1
T3_cripple,2010,metaphor_figurative,3
T3_cripple,2011,metaphor_figurative,1
T3_cripple,2012,metaphor_figurative,4
T3_cripple,2013,metaphor_figurative,3
T3_cripple,2014,metaphor_figurative,6
T3_cripple,2015,metaphor_figurative,1
T3_cripple,2016,metaphor_figurative,2
T3_cripple,2017,metaphor_figurative,0
T3_cripple,2018,metaphor_figurative,1
T3_cripple,2019,metaphor_figurative,1
T3_cripple,2020,metaphor_figurative,3
T3_cripple,2021,metaphor_figurative,1
T3_cripple,2022,metaphor_figurative,3
T3_cripple,2023,metaphor_figurative,5
T3_cripple,2024,metaphor_figurative,3
T3_cripple,2025,metaphor_figurative,0
T3_cripple,1950,orthopedic_skeletal_clinical,1
T3_cripple,1951,orthopedic_skeletal_clinical,0
T3_cripple,1952,orthopedic_skeletal_clinical,0
T3_cripple,1953,orthopedic_skeletal_clinical,0
T3_cripple,1954,orthopedic_skeletal_clinical,1
T3_cripple,1955,orthopedic_skeletal_clinical,0
T3_cripple,1956,orthopedic_skeletal_clinical,1
T3_cripple,1957,orthopedic_skeletal_clinical,0
T3_cripple,1958,orthopedic_skeletal_clinical,1
T3_cripple,1959,orthopedic_skeletal_clinical,0
T3_cripple,1960,orthopedic_skeletal_clinical,0
T3_cripple,1961,orthopedic_skeletal_clinical,0
T3_cripple,1962,orthopedic_skeletal_clinical,0
T3_cripple,1963,orthopedic_skeletal_clinical,0
T3_cripple,1964,orthopedic_skeletal_clinical,0
T3_cripple,1965,orthopedic_skeletal_clinical,1
T3_cripple,1966,orthopedic_skeletal_clinical,2
T3_cripple,1967,orthopedic_skeletal_clinical,1
T3_cripple,1968,orthopedic_skeletal_clinical,0
T3_cripple,1969,orthopedic_skeletal_clinical,0
T3_cripple,1970,orthopedic_skeletal_clinical,0
T3_cripple,1971,orthopedic_skeletal_clinical,1
T3_cripple,1972,orthopedic_skeletal_clinical,0
T3_cripple,1973,orthopedic_skeletal_clinical,1
T3_cripple,1974,orthopedic_skeletal_clinical,0
T3_cripple,1975,orthopedic_skeletal_clinical,0
T3_cripple,1976,orthopedic_skeletal_clinical,2
T3_cripple,1977,orthopedic_skeletal_clinical,1
T3_cripple,1978,orthopedic_skeletal_clinical,0
T3_cripple,1979,orthopedic_skeletal_clinical,2
T3_cripple,1980,orthopedic_skeletal_clinical,0
T3_cripple,1981,orthopedic_skeletal_clinical,1
T3_cripple,1982,orthopedic_skeletal_clinical,1
T3_cripple,1983,orthopedic_skeletal_clinical,1
T3_cripple,1984,orthopedic_skeletal_clinical,2
T3_cripple,1985,orthopedic_skeletal_clinical,4
T3_cripple,1986,orthopedic_skeletal_clinical,4
T3_cripple,1987,orthopedic_skeletal_clinical,1
T3_cripple,1988,orthopedic_skeletal_clinical,2
T3_cripple,1989,orthopedic_skeletal_clinical,1
T3_cripple,1990,orthopedic_skeletal_clinical,1
T3_cripple,1991,orthopedic_skeletal_clinical,3
T3_cripple,1992,orthopedic_skeletal_clinical,2
T3_cripple,1993,orthopedic_skeletal_clinical,4
T3_cripple,1994,orthopedic_skeletal_clinical,2
T3_cripple,1995,orthopedic_skeletal_clinical,1
T3_cripple,1996,orthopedic_skeletal_clinical,1
T3_cripple,1997,orthopedic_skeletal_clinical,4
T3_cripple,1998,orthopedic_skeletal_clinical,2
T3_cripple,1999,orthopedic_skeletal_clinical,2
T3_cripple,2000,orthopedic_skeletal_clinical,5
T3_cripple,2001,orthopedic_skeletal_clinical,3
T3_cripple,2002,orthopedic_skeletal_clinical,4
T3_cripple,2003,orthopedic_skeletal_clinical,9
T3_cripple,2004,orthopedic_skeletal_clinical,3
T3_cripple,2005,orthopedic_skeletal_clinical,6
T3_cripple,2006,orthopedic_skeletal_clinical,3
T3_cripple,2007,orthopedic_skeletal_clinical,5
T3_cripple,2008,orthopedic_skeletal_clinical,5
T3_cripple,2009,orthopedic_skeletal_clinical,3
T3_cripple,2010,orthopedic_skeletal_clinical,8
T3_cripple,2011,orthopedic_skeletal_clinical,5
T3_cripple,2012,orthopedic_skeletal_clinical,8
T3_cripple,2013,orthopedic_skeletal_clinical,5
T3_cripple,2014,orthopedic_skeletal_clinical,7
T3_cripple,2015,orthopedic_skeletal_clinical,6
T3_cripple,2016,orthopedic_skeletal_clinical,5
T3_cripple,2017,orthopedic_skeletal_clinical,5
T3_cripple,2018,orthopedic_skeletal_clinical,9
T3_cripple,2019,orthopedic_skeletal_clinical,3
T3_cripple,2020,orthopedic_skeletal_clinical,9
T3_cripple,2021,orthopedic_skeletal_clinical,9
T3_cripple,2022,orthopedic_skeletal_clinical,9
T3_cripple,2023,orthopedic_skeletal_clinical,5
T3_cripple,2024,orthopedic_skeletal_clinical,6
T3_cripple,2025,orthopedic_skeletal_clinical,0
T3_cripple,1950,polio_orthopedic_historical,0
T3_cripple,1951,polio_orthopedic_historical,0
T3_cripple,1952,polio_orthopedic_historical,0
T3_cripple,1953,polio_orthopedic_historical,0
T3_cripple,1954,polio_orthopedic_historical,0
T3_cripple,1955,polio_orthopedic_historical,0
T3_cripple,1956,polio_orthopedic_historical,0
T3_cripple,1957,polio_orthopedic_historical,0
T3_cripple,1958,polio_orthopedic_historical,0
T3_cripple,1959,polio_orthopedic_historical,0
T3_cripple,1960,polio_orthopedic_historical,0
T3_cripple,1961,polio_orthopedic_historical,0
T3_cripple,1962,polio_orthopedic_historical,0
T3_cripple,1963,polio_orthopedic_historical,0
T3_cripple,1964,polio_orthopedic_historical,0
T3_cripple,1965,polio_orthopedic_historical,0
T3_cripple,1966,polio_orthopedic_historical,0
T3_cripple,1967,polio_orthopedic_historical,0
T3_cripple,1968,polio_orthopedic_historical,0
T3_cripple,1969,polio_orthopedic_historical,0
T3_cripple,1970,polio_orthopedic_historical,0
T3_cripple,1971,polio_orthopedic_historical,0
T3_cripple,1972,polio_orthopedic_historical,0
T3_cripple,1973,polio_orthopedic_historical,0
T3_cripple,1974,polio_orthopedic_historical,0
T3_cripple,1975,polio_orthopedic_historical,0
T3_cripple,1976,polio_orthopedic_historical,0
T3_cripple,1977,polio_orthopedic_historical,0
T3_cripple,1978,polio_orthopedic_historical,0
T3_cripple,1979,polio_orthopedic_historical,0
T3_cripple,1980,polio_orthopedic_historical,0
T3_cripple,1981,polio_orthopedic_historical,0
T3_cripple,1982,polio_orthopedic_historical,0
T3_cripple,1983,polio_orthopedic_historical,0
T3_cripple,1984,polio_orthopedic_historical,0
T3_cripple,1985,polio_orthopedic_historical,0
T3_cripple,1986,polio_orthopedic_historical,0
T3_cripple,1987,polio_orthopedic_historical,0
T3_cripple,1988,polio_orthopedic_historical,0
T3_cripple,1989,polio_orthopedic_historical,0
T3_cripple,1990,polio_orthopedic_historical,0
T3_cripple,1991,polio_orthopedic_historical,0
T3_cripple,1992,polio_orthopedic_historical,0
T3_cripple,1993,polio_orthopedic_historical,0
T3_cripple,1994,polio_orthopedic_historical,0
T3_cripple,1995,polio_orthopedic_historical,0
T3_cripple,1996,polio_orthopedic_historical,0
T3_cripple,1997,polio_orthopedic_historical,0
T3_cripple,1998,polio_orthopedic_historical,0
T3_cripple,1999,polio_orthopedic_historical,0
T3_cripple,2000,polio_orthopedic_historical,1
T3_cripple,2001,polio_orthopedic_historical,0
T3_cripple,2002,polio_orthopedic_historical,0
T3_cripple,2003,polio_orthopedic_historical,0
T3_cripple,2004,polio_orthopedic_historical,0
T3_cripple,2005,polio_orthopedic_historical,0
T3_cripple,2006,polio_orthopedic_historical,0
T3_cripple,2007,polio_orthopedic_historical,0
T3_cripple,2008,polio_orthopedic_historical,0
T3_cripple,2009,polio_orthopedic_historical,0
T3_cripple,2010,polio_orthopedic_historical,0
T3_cripple,2011,polio_orthopedic_historical,0
T3_cripple,2012,polio_orthopedic_historical,0
T3_cripple,2013,polio_orthopedic_historical,1
T3_cripple,2014,polio_orthopedic_historical,0
T3_cripple,2015,polio_orthopedic_historical,0
T3_cripple,2016,polio_orthopedic_historical,0
T3_cripple,2017,polio_orthopedic_historical,0
T3_cripple,2018,polio_orthopedic_historical,0
T3_cripple,2019,polio_orthopedic_historical,1
T3_cripple,2020,polio_orthopedic_historical,0
T3_cripple,2021,polio_orthopedic_historical,0
T3_cripple,2022,polio_orthopedic_historical,0
T3_cripple,2023,polio_orthopedic_historical,0
T3_cripple,2024,polio_orthopedic_historical,0
T3_cripple,2025,polio_orthopedic_historical,0
T3_cripple,1950,unknown,23
T3_cripple,1951,unknown,24
T3_cripple,1952,unknown,30
T3_cripple,1953,unknown,10
T3_cripple,1954,unknown,13
T3_cripple,1955,unknown,15
T3_cripple,1956,unknown,11
T3_cripple,1957,unknown,10
T3_cripple,1958,unknown,19
T3_cripple,1959,unknown,10
T3_cripple,1960,unknown,4
T3_cripple,1961,unknown,4
T3_cripple,1962,unknown,5
T3_cripple,1963,unknown,8
T3_cripple,1964,unknown,13
T3_cripple,1965,unknown,13
T3_cripple,1966,unknown,18
T3_cripple,1967,unknown,10
T3_cripple,1968,unknown,7
T3_cripple,1969,unknown,13
T3_cripple,1970,unknown,8
T3_cripple,1971,unknown,12
T3_cripple,1972,unknown,7
T3_cripple,1973,unknown,10
T3_cripple,1974,unknown,6
T3_cripple,1975,unknown,15
T3_cripple,1976,unknown,31
T3_cripple,1977,unknown,21
T3_cripple,1978,unknown,20
T3_cripple,1979,unknown,30
T3_cripple,1980,unknown,26
T3_cripple,1981,unknown,20
T3_cripple,1982,unknown,18
T3_cripple,1983,unknown,17
T3_cripple,1984,unknown,18
T3_cripple,1985,unknown,37
T3_cripple,1986,unknown,33
T3_cripple,1987,unknown,25
T3_cripple,1988,unknown,22
T3_cripple,1989,unknown,29
T3_cripple,1990,unknown,40
T3_cripple,1991,unknown,22
T3_cripple,1992,unknown,45
T3_cripple,1993,unknown,35
T3_cripple,1994,unknown,33
T3_cripple,1995,unknown,33
T3_cripple,1996,unknown,27
T3_cripple,1997,unknown,45
T3_cripple,1998,unknown,37
T3_cripple,1999,unknown,41
T3_cripple,2000,unknown,54
T3_cripple,2001,unknown,41
T3_cripple,2002,unknown,32
T3_cripple,2003,unknown,43
T3_cripple,2004,unknown,39
T3_cripple,2005,unknown,55
T3_cripple,2006,unknown,55
T3_cripple,2007,unknown,64
T3_cripple,2008,unknown,66
T3_cripple,2009,unknown,51
T3_cripple,2010,unknown,62
T3_cripple,2011,unknown,70
T3_cripple,2012,unknown,63
T3_cripple,2013,unknown,71
T3_cripple,2014,unknown,72
T3_cripple,2015,unknown,66
T3_cripple,2016,unknown,63
T3_cripple,2017,unknown,58
T3_cripple,2018,unknown,77
T3_cripple,2019,unknown,74
T3_cripple,2020,unknown,112
T3_cripple,2021,unknown,142
T3_cripple,2022,unknown,138
T3_cripple,2023,unknown,103
T3_cripple,2024,unknown,84
T3_cripple,2025,unknown,1
T3_lazar_leper,1950,biology_animal_plant,0
T3_lazar_leper,1951,biology_animal_plant,0
T3_lazar_leper,1952,biology_animal_plant,0
T3_lazar_leper,1953,biology_animal_plant,0
T3_lazar_leper,1954,biology_animal_plant,0
T3_lazar_leper,1955,biology_animal_plant,0
T3_lazar_leper,1956,biology_animal_plant,0
T3_lazar_leper,1957,biology_animal_plant,0
T3_lazar_leper,1958,biology_animal_plant,0
T3_lazar_leper,1959,biology_animal_plant,0
T3_lazar_leper,1960,biology_animal_plant,0
T3_lazar_leper,1961,biology_animal_plant,0
T3_lazar_leper,1962,biology_animal_plant,0
T3_lazar_leper,1963,biology_animal_plant,0
T3_lazar_leper,1964,biology_animal_plant,0
T3_lazar_leper,1965,biology_animal_plant,0
T3_lazar_leper,1966,biology_animal_plant,0
T3_lazar_leper,1967,biology_animal_plant,0
T3_lazar_leper,1968,biology_animal_plant,0
T3_lazar_leper,1969,biology_animal_plant,0
T3_lazar_leper,1970,biology_animal_plant,0
T3_lazar_leper,1971,biology_animal_plant,4
T3_lazar_leper,1972,biology_animal_plant,1
T3_lazar_leper,1973,biology_animal_plant,2
T3_lazar_leper,1974,biology_animal_plant,2
T3_lazar_leper,1975,biology_animal_plant,3
T3_lazar_leper,1976,biology_animal_plant,0
T3_lazar_leper,1977,biology_animal_plant,3
T3_lazar_leper,1978,biology_animal_plant,0
T3_lazar_leper,1979,biology_animal_plant,0
T3_lazar_leper,1980,biology_animal_plant,0
T3_lazar_leper,1981,biology_animal_plant,2
T3_lazar_leper,1982,biology_animal_plant,0
T3_lazar_leper,1983,biology_animal_plant,1
T3_lazar_leper,1984,biology_animal_plant,2
T3_lazar_leper,1985,biology_animal_plant,0
T3_lazar_leper,1986,biology_animal_plant,0
T3_lazar_leper,1987,biology_animal_plant,4
T3_lazar_leper,1988,biology_animal_plant,1
T3_lazar_leper,1989,biology_animal_plant,1
T3_lazar_leper,1990,biology_animal_plant,0
T3_lazar_leper,1991,biology_animal_plant,1
T3_lazar_leper,1992,biology_animal_plant,0
T3_lazar_leper,1993,biology_animal_plant,0
T3_lazar_leper,1994,biology_animal_plant,0
T3_lazar_leper,1995,biology_animal_plant,0
T3_lazar_leper,1996,biology_animal_plant,1
T3_lazar_leper,1997,biology_animal_plant,0
T3_lazar_leper,1998,biology_animal_plant,0
T3_lazar_leper,1999,biology_animal_plant,1
T3_lazar_leper,2000,biology_animal_plant,0
T3_lazar_leper,2001,biology_animal_plant,0
T3_lazar_leper,2002,biology_animal_plant,0
T3_lazar_leper,2003,biology_animal_plant,0
T3_lazar_leper,2004,biology_animal_plant,0
T3_lazar_leper,2005,biology_animal_plant,1
T3_lazar_leper,2006,biology_animal_plant,0
T3_lazar_leper,2007,biology_animal_plant,0
T3_lazar_leper,2008,biology_animal_plant,3
T3_lazar_leper,2009,biology_animal_plant,1
T3_lazar_leper,2010,biology_animal_plant,0
T3_lazar_leper,2011,biology_animal_plant,0
T3_lazar_leper,2012,biology_animal_plant,0
T3_lazar_leper,2013,biology_animal_plant,0
T3_lazar_leper,2014,biology_animal_plant,0
T3_lazar_leper,2015,biology_animal_plant,0
T3_lazar_leper,2016,biology_animal_plant,0
T3_lazar_leper,2017,biology_animal_plant,1
T3_lazar_leper,2018,biology_animal_plant,1
T3_lazar_leper,2019,biology_animal_plant,1
T3_lazar_leper,2020,biology_animal_plant,0
T3_lazar_leper,2021,biology_animal_plant,0
T3_lazar_leper,2022,biology_animal_plant,1
T3_lazar_leper,2023,biology_animal_plant,0
T3_lazar_leper,2024,biology_animal_plant,1
T3_lazar_leper,2025,biology_animal_plant,0
T3_lazar_leper,1950,hansens_disease_modern_clinical,15
T3_lazar_leper,1951,hansens_disease_modern_clinical,18
T3_lazar_leper,1952,hansens_disease_modern_clinical,30
T3_lazar_leper,1953,hansens_disease_modern_clinical,37
T3_lazar_leper,1954,hansens_disease_modern_clinical,28
T3_lazar_leper,1955,hansens_disease_modern_clinical,23
T3_lazar_leper,1956,hansens_disease_modern_clinical,26
T3_lazar_leper,1957,hansens_disease_modern_clinical,33
T3_lazar_leper,1958,hansens_disease_modern_clinical,26
T3_lazar_leper,1959,hansens_disease_modern_clinical,26
T3_lazar_leper,1960,hansens_disease_modern_clinical,32
T3_lazar_leper,1961,hansens_disease_modern_clinical,29
T3_lazar_leper,1962,hansens_disease_modern_clinical,29
T3_lazar_leper,1963,hansens_disease_modern_clinical,38
T3_lazar_leper,1964,hansens_disease_modern_clinical,46
T3_lazar_leper,1965,hansens_disease_modern_clinical,31
T3_lazar_leper,1966,hansens_disease_modern_clinical,33
T3_lazar_leper,1967,hansens_disease_modern_clinical,39
T3_lazar_leper,1968,hansens_disease_modern_clinical,41
T3_lazar_leper,1969,hansens_disease_modern_clinical,44
T3_lazar_leper,1970,hansens_disease_modern_clinical,41
T3_lazar_leper,1971,hansens_disease_modern_clinical,49
T3_lazar_leper,1972,hansens_disease_modern_clinical,52
T3_lazar_leper,1973,hansens_disease_modern_clinical,59
T3_lazar_leper,1974,hansens_disease_modern_clinical,53
T3_lazar_leper,1975,hansens_disease_modern_clinical,105
T3_lazar_leper,1976,hansens_disease_modern_clinical,122
T3_lazar_leper,1977,hansens_disease_modern_clinical,99
T3_lazar_leper,1978,hansens_disease_modern_clinical,107
T3_lazar_leper,1979,hansens_disease_modern_clinical,124
T3_lazar_leper,1980,hansens_disease_modern_clinical,123
T3_lazar_leper,1981,hansens_disease_modern_clinical,140
T3_lazar_leper,1982,hansens_disease_modern_clinical,165
T3_lazar_leper,1983,hansens_disease_modern_clinical,188
T3_lazar_leper,1984,hansens_disease_modern_clinical,187
T3_lazar_leper,1985,hansens_disease_modern_clinical,196
T3_lazar_leper,1986,hansens_disease_modern_clinical,211
T3_lazar_leper,1987,hansens_disease_modern_clinical,188
T3_lazar_leper,1988,hansens_disease_modern_clinical,210
T3_lazar_leper,1989,hansens_disease_modern_clinical,232
T3_lazar_leper,1990,hansens_disease_modern_clinical,224
T3_lazar_leper,1991,hansens_disease_modern_clinical,208
T3_lazar_leper,1992,hansens_disease_modern_clinical,213
T3_lazar_leper,1993,hansens_disease_modern_clinical,202
T3_lazar_leper,1994,hansens_disease_modern_clinical,182
T3_lazar_leper,1995,hansens_disease_modern_clinical,171
T3_lazar_leper,1996,hansens_disease_modern_clinical,144
T3_lazar_leper,1997,hansens_disease_modern_clinical,157
T3_lazar_leper,1998,hansens_disease_modern_clinical,177
T3_lazar_leper,1999,hansens_disease_modern_clinical,163
T3_lazar_leper,2000,hansens_disease_modern_clinical,168
T3_lazar_leper,2001,hansens_disease_modern_clinical,141
T3_lazar_leper,2002,hansens_disease_modern_clinical,109
T3_lazar_leper,2003,hansens_disease_modern_clinical,177
T3_lazar_leper,2004,hansens_disease_modern_clinical,193
T3_lazar_leper,2005,hansens_disease_modern_clinical,151
T3_lazar_leper,2006,hansens_disease_modern_clinical,147
T3_lazar_leper,2007,hansens_disease_modern_clinical,162
T3_lazar_leper,2008,hansens_disease_modern_clinical,171
T3_lazar_leper,2009,hansens_disease_modern_clinical,194
T3_lazar_leper,2010,hansens_disease_modern_clinical,162
T3_lazar_leper,2011,hansens_disease_modern_clinical,213
T3_lazar_leper,2012,hansens_disease_modern_clinical,210
T3_lazar_leper,2013,hansens_disease_modern_clinical,211
T3_lazar_leper,2014,hansens_disease_modern_clinical,183
T3_lazar_leper,2015,hansens_disease_modern_clinical,237
T3_lazar_leper,2016,hansens_disease_modern_clinical,221
T3_lazar_leper,2017,hansens_disease_modern_clinical,205
T3_lazar_leper,2018,hansens_disease_modern_clinical,216
T3_lazar_leper,2019,hansens_disease_modern_clinical,204
T3_lazar_leper,2020,hansens_disease_modern_clinical,259
T3_lazar_leper,2021,hansens_disease_modern_clinical,250
T3_lazar_leper,2022,hansens_disease_modern_clinical,219
T3_lazar_leper,2023,hansens_disease_modern_clinical,211
T3_lazar_leper,2024,hansens_disease_modern_clinical,250
T3_lazar_leper,2025,hansens_disease_modern_clinical,1
T3_lazar_leper,1950,historical_leprosy_archive,0
T3_lazar_leper,1951,historical_leprosy_archive,4
T3_lazar_leper,1952,historical_leprosy_archive,3
T3_lazar_leper,1953,historical_leprosy_archive,2
T3_lazar_leper,1954,historical_leprosy_archive,3
T3_lazar_leper,1955,historical_leprosy_archive,4
T3_lazar_leper,1956,historical_leprosy_archive,2
T3_lazar_leper,1957,historical_leprosy_archive,3
T3_lazar_leper,1958,historical_leprosy_archive,1
T3_lazar_leper,1959,historical_leprosy_archive,3
T3_lazar_leper,1960,historical_leprosy_archive,3
T3_lazar_leper,1961,historical_leprosy_archive,2
T3_lazar_leper,1962,historical_leprosy_archive,1
T3_lazar_leper,1963,historical_leprosy_archive,4
T3_lazar_leper,1964,historical_leprosy_archive,0
T3_lazar_leper,1965,historical_leprosy_archive,2
T3_lazar_leper,1966,historical_leprosy_archive,0
T3_lazar_leper,1967,historical_leprosy_archive,0
T3_lazar_leper,1968,historical_leprosy_archive,1
T3_lazar_leper,1969,historical_leprosy_archive,0
T3_lazar_leper,1970,historical_leprosy_archive,1
T3_lazar_leper,1971,historical_leprosy_archive,1
T3_lazar_leper,1972,historical_leprosy_archive,1
T3_lazar_leper,1973,historical_leprosy_archive,3
T3_lazar_leper,1974,historical_leprosy_archive,0
T3_lazar_leper,1975,historical_leprosy_archive,1
T3_lazar_leper,1976,historical_leprosy_archive,3
T3_lazar_leper,1977,historical_leprosy_archive,0
T3_lazar_leper,1978,historical_leprosy_archive,4
T3_lazar_leper,1979,historical_leprosy_archive,8
T3_lazar_leper,1980,historical_leprosy_archive,3
T3_lazar_leper,1981,historical_leprosy_archive,0
T3_lazar_leper,1982,historical_leprosy_archive,2
T3_lazar_leper,1983,historical_leprosy_archive,1
T3_lazar_leper,1984,historical_leprosy_archive,3
T3_lazar_leper,1985,historical_leprosy_archive,1
T3_lazar_leper,1986,historical_leprosy_archive,1
T3_lazar_leper,1987,historical_leprosy_archive,2
T3_lazar_leper,1988,historical_leprosy_archive,2
T3_lazar_leper,1989,historical_leprosy_archive,0
T3_lazar_leper,1990,historical_leprosy_archive,0
T3_lazar_leper,1991,historical_leprosy_archive,1
T3_lazar_leper,1992,historical_leprosy_archive,2
T3_lazar_leper,1993,historical_leprosy_archive,1
T3_lazar_leper,1994,historical_leprosy_archive,2
T3_lazar_leper,1995,historical_leprosy_archive,3
T3_lazar_leper,1996,historical_leprosy_archive,3
T3_lazar_leper,1997,historical_leprosy_archive,1
T3_lazar_leper,1998,historical_leprosy_archive,3
T3_lazar_leper,1999,historical_leprosy_archive,1
T3_lazar_leper,2000,historical_leprosy_archive,1
T3_lazar_leper,2001,historical_leprosy_archive,1
T3_lazar_leper,2002,historical_leprosy_archive,3
T3_lazar_leper,2003,historical_leprosy_archive,3
T3_lazar_leper,2004,historical_leprosy_archive,2
T3_lazar_leper,2005,historical_leprosy_archive,3
T3_lazar_leper,2006,historical_leprosy_archive,5
T3_lazar_leper,2007,historical_leprosy_archive,4
T3_lazar_leper,2008,historical_leprosy_archive,3
T3_lazar_leper,2009,historical_leprosy_archive,4
T3_lazar_leper,2010,historical_leprosy_archive,6
T3_lazar_leper,2011,historical_leprosy_archive,5
T3_lazar_leper,2012,historical_leprosy_archive,2
T3_lazar_leper,2013,historical_leprosy_archive,4
T3_lazar_leper,2014,historical_leprosy_archive,8
T3_lazar_leper,2015,historical_leprosy_archive,1
T3_lazar_leper,2016,historical_leprosy_archive,3
T3_lazar_leper,2017,historical_leprosy_archive,3
T3_lazar_leper,2018,historical_leprosy_archive,7
T3_lazar_leper,2019,historical_leprosy_archive,2
T3_lazar_leper,2020,historical_leprosy_archive,4
T3_lazar_leper,2021,historical_leprosy_archive,5
T3_lazar_leper,2022,historical_leprosy_archive,1
T3_lazar_leper,2023,historical_leprosy_archive,3
T3_lazar_leper,2024,historical_leprosy_archive,5
T3_lazar_leper,2025,historical_leprosy_archive,0
T3_lazar_leper,1950,slur_explicit_mention,0
T3_lazar_leper,1951,slur_explicit_mention,0
T3_lazar_leper,1952,slur_explicit_mention,0
T3_lazar_leper,1953,slur_explicit_mention,0
T3_lazar_leper,1954,slur_explicit_mention,0
T3_lazar_leper,1955,slur_explicit_mention,0
T3_lazar_leper,1956,slur_explicit_mention,0
T3_lazar_leper,1957,slur_explicit_mention,0
T3_lazar_leper,1958,slur_explicit_mention,0
T3_lazar_leper,1959,slur_explicit_mention,0
T3_lazar_leper,1960,slur_explicit_mention,0
T3_lazar_leper,1961,slur_explicit_mention,0
T3_lazar_leper,1962,slur_explicit_mention,0
T3_lazar_leper,1963,slur_explicit_mention,0
T3_lazar_leper,1964,slur_explicit_mention,0
T3_lazar_leper,1965,slur_explicit_mention,0
T3_lazar_leper,1966,slur_explicit_mention,0
T3_lazar_leper,1967,slur_explicit_mention,0
T3_lazar_leper,1968,slur_explicit_mention,0
T3_lazar_leper,1969,slur_explicit_mention,0
T3_lazar_leper,1970,slur_explicit_mention,0
T3_lazar_leper,1971,slur_explicit_mention,0
T3_lazar_leper,1972,slur_explicit_mention,0
T3_lazar_leper,1973,slur_explicit_mention,0
T3_lazar_leper,1974,slur_explicit_mention,0
T3_lazar_leper,1975,slur_explicit_mention,0
T3_lazar_leper,1976,slur_explicit_mention,0
T3_lazar_leper,1977,slur_explicit_mention,0
T3_lazar_leper,1978,slur_explicit_mention,0
T3_lazar_leper,1979,slur_explicit_mention,0
T3_lazar_leper,1980,slur_explicit_mention,0
T3_lazar_leper,1981,slur_explicit_mention,0
T3_lazar_leper,1982,slur_explicit_mention,0
T3_lazar_leper,1983,slur_explicit_mention,0
T3_lazar_leper,1984,slur_explicit_mention,0
T3_lazar_leper,1985,slur_explicit_mention,0
T3_lazar_leper,1986,slur_explicit_mention,0
T3_lazar_leper,1987,slur_explicit_mention,0
T3_lazar_leper,1988,slur_explicit_mention,0
T3_lazar_leper,1989,slur_explicit_mention,0
T3_lazar_leper,1990,slur_explicit_mention,0
T3_lazar_leper,1991,slur_explicit_mention,0
T3_lazar_leper,1992,slur_explicit_mention,0
T3_lazar_leper,1993,slur_explicit_mention,0
T3_lazar_leper,1994,slur_explicit_mention,0
T3_lazar_leper,1995,slur_explicit_mention,0
T3_lazar_leper,1996,slur_explicit_mention,0
T3_lazar_leper,1997,slur_explicit_mention,0
T3_lazar_leper,1998,slur_explicit_mention,0
T3_lazar_leper,1999,slur_explicit_mention,0
T3_lazar_leper,2000,slur_explicit_mention,0
T3_lazar_leper,2001,slur_explicit_mention,0
T3_lazar_leper,2002,slur_explicit_mention,0
T3_lazar_leper,2003,slur_explicit_mention,1
T3_lazar_leper,2004,slur_explicit_mention,0
T3_lazar_leper,2005,slur_explicit_mention,0
T3_lazar_leper,2006,slur_explicit_mention,0
T3_lazar_leper,2007,slur_explicit_mention,0
T3_lazar_leper,2008,slur_explicit_mention,0
T3_lazar_leper,2009,slur_explicit_mention,0
T3_lazar_leper,2010,slur_explicit_mention,0
T3_lazar_leper,2011,slur_explicit_mention,0
T3_lazar_leper,2012,slur_explicit_mention,0
T3_lazar_leper,2013,slur_explicit_mention,0
T3_lazar_leper,2014,slur_explicit_mention,0
T3_lazar_leper,2015,slur_explicit_mention,0
T3_lazar_leper,2016,slur_explicit_mention,0
T3_lazar_leper,2017,slur_explicit_mention,0
T3_lazar_leper,2018,slur_explicit_mention,0
T3_lazar_leper,2019,slur_explicit_mention,0
T3_lazar_leper,2020,slur_explicit_mention,0
T3_lazar_leper,2021,slur_explicit_mention,0
T3_lazar_leper,2022,slur_explicit_mention,0
T3_lazar_leper,2023,slur_explicit_mention,0
T3_lazar_leper,2024,slur_explicit_mention,0
T3_lazar_leper,2025,slur_explicit_mention,0
T3_lazar_leper,1950,unknown,189
T3_lazar_leper,1951,unknown,231
T3_lazar_leper,1952,unknown,267
T3_lazar_leper,1953,unknown,237
T3_lazar_leper,1954,unknown,188
T3_lazar_leper,1955,unknown,195
T3_lazar_leper,1956,unknown,203
T3_lazar_leper,1957,unknown,223
T3_lazar_leper,1958,unknown,146
T3_lazar_leper,1959,unknown,165
T3_lazar_leper,1960,unknown,173
T3_lazar_leper,1961,unknown,155
T3_lazar_leper,1962,unknown,165
T3_lazar_leper,1963,unknown,182
T3_lazar_leper,1964,unknown,245
T3_lazar_leper,1965,unknown,202
T3_lazar_leper,1966,unknown,173
T3_lazar_leper,1967,unknown,137
T3_lazar_leper,1968,unknown,178
T3_lazar_leper,1969,unknown,130
T3_lazar_leper,1970,unknown,169
T3_lazar_leper,1971,unknown,175
T3_lazar_leper,1972,unknown,150
T3_lazar_leper,1973,unknown,147
T3_lazar_leper,1974,unknown,153
T3_lazar_leper,1975,unknown,127
T3_lazar_leper,1976,unknown,170
T3_lazar_leper,1977,unknown,118
T3_lazar_leper,1978,unknown,136
T3_lazar_leper,1979,unknown,164
T3_lazar_leper,1980,unknown,140
T3_lazar_leper,1981,unknown,163
T3_lazar_leper,1982,unknown,215
T3_lazar_leper,1983,unknown,186
T3_lazar_leper,1984,unknown,164
T3_lazar_leper,1985,unknown,179
T3_lazar_leper,1986,unknown,194
T3_lazar_leper,1987,unknown,181
T3_lazar_leper,1988,unknown,210
T3_lazar_leper,1989,unknown,174
T3_lazar_leper,1990,unknown,173
T3_lazar_leper,1991,unknown,158
T3_lazar_leper,1992,unknown,175
T3_lazar_leper,1993,unknown,135
T3_lazar_leper,1994,unknown,184
T3_lazar_leper,1995,unknown,172
T3_lazar_leper,1996,unknown,154
T3_lazar_leper,1997,unknown,166
T3_lazar_leper,1998,unknown,167
T3_lazar_leper,1999,unknown,154
T3_lazar_leper,2000,unknown,154
T3_lazar_leper,2001,unknown,135
T3_lazar_leper,2002,unknown,141
T3_lazar_leper,2003,unknown,135
T3_lazar_leper,2004,unknown,156
T3_lazar_leper,2005,unknown,146
T3_lazar_leper,2006,unknown,136
T3_lazar_leper,2007,unknown,130
T3_lazar_leper,2008,unknown,181
T3_lazar_leper,2009,unknown,147
T3_lazar_leper,2010,unknown,148
T3_lazar_leper,2011,unknown,182
T3_lazar_leper,2012,unknown,178
T3_lazar_leper,2013,unknown,191
T3_lazar_leper,2014,unknown,188
T3_lazar_leper,2015,unknown,200
T3_lazar_leper,2016,unknown,194
T3_lazar_leper,2017,unknown,142
T3_lazar_leper,2018,unknown,169
T3_lazar_leper,2019,unknown,193
T3_lazar_leper,2020,unknown,189
T3_lazar_leper,2021,unknown,184
T3_lazar_leper,2022,unknown,186
T3_lazar_leper,2023,unknown,197
T3_lazar_leper,2024,unknown,218
T3_lazar_leper,2025,unknown,3
T3_maniac_madhouse,1950,historical_asylum_madhouse,0
T3_maniac_madhouse,1951,historical_asylum_madhouse,0
T3_maniac_madhouse,1952,historical_asylum_madhouse,0
T3_maniac_madhouse,1953,historical_asylum_madhouse,0
T3_maniac_madhouse,1954,historical_asylum_madhouse,0
T3_maniac_madhouse,1955,historical_asylum_madhouse,0
T3_maniac_madhouse,1956,historical_asylum_madhouse,0
T3_maniac_madhouse,1957,historical_asylum_madhouse,0
T3_maniac_madhouse,1958,historical_asylum_madhouse,0
T3_maniac_madhouse,1960,historical_asylum_madhouse,0
T3_maniac_madhouse,1961,historical_asylum_madhouse,0
T3_maniac_madhouse,1962,historical_asylum_madhouse,0
T3_maniac_madhouse,1963,historical_asylum_madhouse,0
T3_maniac_madhouse,1964,historical_asylum_madhouse,0
T3_maniac_madhouse,1965,historical_asylum_madhouse,0
T3_maniac_madhouse,1966,historical_asylum_madhouse,0
T3_maniac_madhouse,1967,historical_asylum_madhouse,0
T3_maniac_madhouse,1968,historical_asylum_madhouse,0
T3_maniac_madhouse,1969,historical_asylum_madhouse,0
T3_maniac_madhouse,1970,historical_asylum_madhouse,0
T3_maniac_madhouse,1971,historical_asylum_madhouse,0
T3_maniac_madhouse,1972,historical_asylum_madhouse,1
T3_maniac_madhouse,1973,historical_asylum_madhouse,1
T3_maniac_madhouse,1974,historical_asylum_madhouse,0
T3_maniac_madhouse,1975,historical_asylum_madhouse,0
T3_maniac_madhouse,1976,historical_asylum_madhouse,0
T3_maniac_madhouse,1977,historical_asylum_madhouse,1
T3_maniac_madhouse,1978,historical_asylum_madhouse,0
T3_maniac_madhouse,1979,historical_asylum_madhouse,1
T3_maniac_madhouse,1980,historical_asylum_madhouse,2
T3_maniac_madhouse,1981,historical_asylum_madhouse,0
T3_maniac_madhouse,1982,historical_asylum_madhouse,0
T3_maniac_madhouse,1983,historical_asylum_madhouse,1
T3_maniac_madhouse,1984,historical_asylum_madhouse,1
T3_maniac_madhouse,1985,historical_asylum_madhouse,0
T3_maniac_madhouse,1986,historical_asylum_madhouse,1
T3_maniac_madhouse,1987,historical_asylum_madhouse,0
T3_maniac_madhouse,1988,historical_asylum_madhouse,2
T3_maniac_madhouse,1989,historical_asylum_madhouse,0
T3_maniac_madhouse,1990,historical_asylum_madhouse,0
T3_maniac_madhouse,1991,historical_asylum_madhouse,1
T3_maniac_madhouse,1992,historical_asylum_madhouse,2
T3_maniac_madhouse,1993,historical_asylum_madhouse,2
T3_maniac_madhouse,1994,historical_asylum_madhouse,1
T3_maniac_madhouse,1995,historical_asylum_madhouse,0
T3_maniac_madhouse,1996,historical_asylum_madhouse,1
T3_maniac_madhouse,1997,historical_asylum_madhouse,0
T3_maniac_madhouse,1998,historical_asylum_madhouse,0
T3_maniac_madhouse,1999,historical_asylum_madhouse,0
T3_maniac_madhouse,2000,historical_asylum_madhouse,0
T3_maniac_madhouse,2001,historical_asylum_madhouse,0
T3_maniac_madhouse,2002,historical_asylum_madhouse,0
T3_maniac_madhouse,2003,historical_asylum_madhouse,2
T3_maniac_madhouse,2004,historical_asylum_madhouse,5
T3_maniac_madhouse,2005,historical_asylum_madhouse,0
T3_maniac_madhouse,2006,historical_asylum_madhouse,2
T3_maniac_madhouse,2007,historical_asylum_madhouse,4
T3_maniac_madhouse,2008,historical_asylum_madhouse,1
T3_maniac_madhouse,2009,historical_asylum_madhouse,3
T3_maniac_madhouse,2010,historical_asylum_madhouse,1
T3_maniac_madhouse,2011,historical_asylum_madhouse,1
T3_maniac_madhouse,2012,historical_asylum_madhouse,0
T3_maniac_madhouse,2013,historical_asylum_madhouse,0
T3_maniac_madhouse,2014,historical_asylum_madhouse,0
T3_maniac_madhouse,2015,historical_asylum_madhouse,0
T3_maniac_madhouse,2016,historical_asylum_madhouse,4
T3_maniac_madhouse,2017,historical_asylum_madhouse,4
T3_maniac_madhouse,2018,historical_asylum_madhouse,1
T3_maniac_madhouse,2019,historical_asylum_madhouse,3
T3_maniac_madhouse,2020,historical_asylum_madhouse,1
T3_maniac_madhouse,2021,historical_asylum_madhouse,2
T3_maniac_madhouse,2022,historical_asylum_madhouse,0
T3_maniac_madhouse,2023,historical_asylum_madhouse,3
T3_maniac_madhouse,2024,historical_asylum_madhouse,1
T3_maniac_madhouse,1950,informal_extreme_behavior,0
T3_maniac_madhouse,1951,informal_extreme_behavior,0
T3_maniac_madhouse,1952,informal_extreme_behavior,0
T3_maniac_madhouse,1953,informal_extreme_behavior,0
T3_maniac_madhouse,1954,informal_extreme_behavior,0
T3_maniac_madhouse,1955,informal_extreme_behavior,0
T3_maniac_madhouse,1956,informal_extreme_behavior,0
T3_maniac_madhouse,1957,informal_extreme_behavior,0
T3_maniac_madhouse,1958,informal_extreme_behavior,0
T3_maniac_madhouse,1960,informal_extreme_behavior,0
T3_maniac_madhouse,1961,informal_extreme_behavior,0
T3_maniac_madhouse,1962,informal_extreme_behavior,0
T3_maniac_madhouse,1963,informal_extreme_behavior,0
T3_maniac_madhouse,1964,informal_extreme_behavior,0
T3_maniac_madhouse,1965,informal_extreme_behavior,0
T3_maniac_madhouse,1966,informal_extreme_behavior,0
T3_maniac_madhouse,1967,informal_extreme_behavior,0
T3_maniac_madhouse,1968,informal_extreme_behavior,0
T3_maniac_madhouse,1969,informal_extreme_behavior,0
T3_maniac_madhouse,1970,informal_extreme_behavior,0
T3_maniac_madhouse,1971,informal_extreme_behavior,0
T3_maniac_madhouse,1972,informal_extreme_behavior,0
T3_maniac_madhouse,1973,informal_extreme_behavior,0
T3_maniac_madhouse,1974,informal_extreme_behavior,0
T3_maniac_madhouse,1975,informal_extreme_behavior,0
T3_maniac_madhouse,1976,informal_extreme_behavior,1
T3_maniac_madhouse,1977,informal_extreme_behavior,0
T3_maniac_madhouse,1978,informal_extreme_behavior,0
T3_maniac_madhouse,1979,informal_extreme_behavior,0
T3_maniac_madhouse,1980,informal_extreme_behavior,0
T3_maniac_madhouse,1981,informal_extreme_behavior,0
T3_maniac_madhouse,1982,informal_extreme_behavior,1
T3_maniac_madhouse,1983,informal_extreme_behavior,0
T3_maniac_madhouse,1984,informal_extreme_behavior,0
T3_maniac_madhouse,1985,informal_extreme_behavior,0
T3_maniac_madhouse,1986,informal_extreme_behavior,0
T3_maniac_madhouse,1987,informal_extreme_behavior,0
T3_maniac_madhouse,1988,informal_extreme_behavior,0
T3_maniac_madhouse,1989,informal_extreme_behavior,0
T3_maniac_madhouse,1990,informal_extreme_behavior,1
T3_maniac_madhouse,1991,informal_extreme_behavior,0
T3_maniac_madhouse,1992,informal_extreme_behavior,1
T3_maniac_madhouse,1993,informal_extreme_behavior,0
T3_maniac_madhouse,1994,informal_extreme_behavior,0
T3_maniac_madhouse,1995,informal_extreme_behavior,0
T3_maniac_madhouse,1996,informal_extreme_behavior,0
T3_maniac_madhouse,1997,informal_extreme_behavior,1
T3_maniac_madhouse,1998,informal_extreme_behavior,0
T3_maniac_madhouse,1999,informal_extreme_behavior,2
T3_maniac_madhouse,2000,informal_extreme_behavior,0
T3_maniac_madhouse,2001,informal_extreme_behavior,0
T3_maniac_madhouse,2002,informal_extreme_behavior,0
T3_maniac_madhouse,2003,informal_extreme_behavior,0
T3_maniac_madhouse,2004,informal_extreme_behavior,0
T3_maniac_madhouse,2005,informal_extreme_behavior,0
T3_maniac_madhouse,2006,informal_extreme_behavior,0
T3_maniac_madhouse,2007,informal_extreme_behavior,0
T3_maniac_madhouse,2008,informal_extreme_behavior,0
T3_maniac_madhouse,2009,informal_extreme_behavior,0
T3_maniac_madhouse,2010,informal_extreme_behavior,0
T3_maniac_madhouse,2011,informal_extreme_behavior,0
T3_maniac_madhouse,2012,informal_extreme_behavior,0
T3_maniac_madhouse,2013,informal_extreme_behavior,0
T3_maniac_madhouse,2014,informal_extreme_behavior,1
T3_maniac_madhouse,2015,informal_extreme_behavior,0
T3_maniac_madhouse,2016,informal_extreme_behavior,0
T3_maniac_madhouse,2017,informal_extreme_behavior,0
T3_maniac_madhouse,2018,informal_extreme_behavior,0
T3_maniac_madhouse,2019,informal_extreme_behavior,0
T3_maniac_madhouse,2020,informal_extreme_behavior,0
T3_maniac_madhouse,2021,informal_extreme_behavior,0
T3_maniac_madhouse,2022,informal_extreme_behavior,0
T3_maniac_madhouse,2023,informal_extreme_behavior,0
T3_maniac_madhouse,2024,informal_extreme_behavior,0
T3_maniac_madhouse,1950,manic_depressive_clinical,0
T3_maniac_madhouse,1951,manic_depressive_clinical,0
T3_maniac_madhouse,1952,manic_depressive_clinical,0
T3_maniac_madhouse,1953,manic_depressive_clinical,0
T3_maniac_madhouse,1954,manic_depressive_clinical,0
T3_maniac_madhouse,1955,manic_depressive_clinical,0
T3_maniac_madhouse,1956,manic_depressive_clinical,0
T3_maniac_madhouse,1957,manic_depressive_clinical,0
T3_maniac_madhouse,1958,manic_depressive_clinical,0
T3_maniac_madhouse,1960,manic_depressive_clinical,0
T3_maniac_madhouse,1961,manic_depressive_clinical,0
T3_maniac_madhouse,1962,manic_depressive_clinical,0
T3_maniac_madhouse,1963,manic_depressive_clinical,0
T3_maniac_madhouse,1964,manic_depressive_clinical,0
T3_maniac_madhouse,1965,manic_depressive_clinical,0
T3_maniac_madhouse,1966,manic_depressive_clinical,0
T3_maniac_madhouse,1967,manic_depressive_clinical,0
T3_maniac_madhouse,1968,manic_depressive_clinical,1
T3_maniac_madhouse,1969,manic_depressive_clinical,0
T3_maniac_madhouse,1970,manic_depressive_clinical,0
T3_maniac_madhouse,1971,manic_depressive_clinical,0
T3_maniac_madhouse,1972,manic_depressive_clinical,0
T3_maniac_madhouse,1973,manic_depressive_clinical,0
T3_maniac_madhouse,1974,manic_depressive_clinical,0
T3_maniac_madhouse,1975,manic_depressive_clinical,0
T3_maniac_madhouse,1976,manic_depressive_clinical,0
T3_maniac_madhouse,1977,manic_depressive_clinical,1
T3_maniac_madhouse,1978,manic_depressive_clinical,2
T3_maniac_madhouse,1979,manic_depressive_clinical,0
T3_maniac_madhouse,1980,manic_depressive_clinical,1
T3_maniac_madhouse,1981,manic_depressive_clinical,0
T3_maniac_madhouse,1982,manic_depressive_clinical,1
T3_maniac_madhouse,1983,manic_depressive_clinical,0
T3_maniac_madhouse,1984,manic_depressive_clinical,2
T3_maniac_madhouse,1985,manic_depressive_clinical,1
T3_maniac_madhouse,1986,manic_depressive_clinical,0
T3_maniac_madhouse,1987,manic_depressive_clinical,0
T3_maniac_madhouse,1988,manic_depressive_clinical,2
T3_maniac_madhouse,1989,manic_depressive_clinical,1
T3_maniac_madhouse,1990,manic_depressive_clinical,0
T3_maniac_madhouse,1991,manic_depressive_clinical,0
T3_maniac_madhouse,1992,manic_depressive_clinical,0
T3_maniac_madhouse,1993,manic_depressive_clinical,0
T3_maniac_madhouse,1994,manic_depressive_clinical,0
T3_maniac_madhouse,1995,manic_depressive_clinical,0
T3_maniac_madhouse,1996,manic_depressive_clinical,1
T3_maniac_madhouse,1997,manic_depressive_clinical,0
T3_maniac_madhouse,1998,manic_depressive_clinical,1
T3_maniac_madhouse,1999,manic_depressive_clinical,1
T3_maniac_madhouse,2000,manic_depressive_clinical,2
T3_maniac_madhouse,2001,manic_depressive_clinical,0
T3_maniac_madhouse,2002,manic_depressive_clinical,1
T3_maniac_madhouse,2003,manic_depressive_clinical,0
T3_maniac_madhouse,2004,manic_depressive_clinical,1
T3_maniac_madhouse,2005,manic_depressive_clinical,2
T3_maniac_madhouse,2006,manic_depressive_clinical,1
T3_maniac_madhouse,2007,manic_depressive_clinical,1
T3_maniac_madhouse,2008,manic_depressive_clinical,1
T3_maniac_madhouse,2009,manic_depressive_clinical,2
T3_maniac_madhouse,2010,manic_depressive_clinical,2
T3_maniac_madhouse,2011,manic_depressive_clinical,3
T3_maniac_madhouse,2012,manic_depressive_clinical,2
T3_maniac_madhouse,2013,manic_depressive_clinical,2
T3_maniac_madhouse,2014,manic_depressive_clinical,2
T3_maniac_madhouse,2015,manic_depressive_clinical,1
T3_maniac_madhouse,2016,manic_depressive_clinical,3
T3_maniac_madhouse,2017,manic_depressive_clinical,1
T3_maniac_madhouse,2018,manic_depressive_clinical,1
T3_maniac_madhouse,2019,manic_depressive_clinical,1
T3_maniac_madhouse,2020,manic_depressive_clinical,2
T3_maniac_madhouse,2021,manic_depressive_clinical,4
T3_maniac_madhouse,2022,manic_depressive_clinical,1
T3_maniac_madhouse,2023,manic_depressive_clinical,0
T3_maniac_madhouse,2024,manic_depressive_clinical,1
T3_maniac_madhouse,1950,unknown,2
T3_maniac_madhouse,1951,unknown,2
T3_maniac_madhouse,1952,unknown,1
T3_maniac_madhouse,1953,unknown,1
T3_maniac_madhouse,1954,unknown,1
T3_maniac_madhouse,1955,unknown,1
T3_maniac_madhouse,1956,unknown,3
T3_maniac_madhouse,1957,unknown,1
T3_maniac_madhouse,1958,unknown,2
T3_maniac_madhouse,1960,unknown,1
T3_maniac_madhouse,1961,unknown,2
T3_maniac_madhouse,1962,unknown,2
T3_maniac_madhouse,1963,unknown,3
T3_maniac_madhouse,1964,unknown,2
T3_maniac_madhouse,1965,unknown,4
T3_maniac_madhouse,1966,unknown,3
T3_maniac_madhouse,1967,unknown,4
T3_maniac_madhouse,1968,unknown,2
T3_maniac_madhouse,1969,unknown,4
T3_maniac_madhouse,1970,unknown,1
T3_maniac_madhouse,1971,unknown,1
T3_maniac_madhouse,1972,unknown,0
T3_maniac_madhouse,1973,unknown,1
T3_maniac_madhouse,1974,unknown,1
T3_maniac_madhouse,1975,unknown,2
T3_maniac_madhouse,1976,unknown,2
T3_maniac_madhouse,1977,unknown,2
T3_maniac_madhouse,1978,unknown,0
T3_maniac_madhouse,1979,unknown,2
T3_maniac_madhouse,1980,unknown,0
T3_maniac_madhouse,1981,unknown,1
T3_maniac_madhouse,1982,unknown,5
T3_maniac_madhouse,1983,unknown,2
T3_maniac_madhouse,1984,unknown,1
T3_maniac_madhouse,1985,unknown,3
T3_maniac_madhouse,1986,unknown,5
T3_maniac_madhouse,1987,unknown,4
T3_maniac_madhouse,1988,unknown,2
T3_maniac_madhouse,1989,unknown,0
T3_maniac_madhouse,1990,unknown,6
T3_maniac_madhouse,1991,unknown,6
T3_maniac_madhouse,1992,unknown,4
T3_maniac_madhouse,1993,unknown,3
T3_maniac_madhouse,1994,unknown,4
T3_maniac_madhouse,1995,unknown,6
T3_maniac_madhouse,1996,unknown,3
T3_maniac_madhouse,1997,unknown,7
T3_maniac_madhouse,1998,unknown,0
T3_maniac_madhouse,1999,unknown,6
T3_maniac_madhouse,2000,unknown,5
T3_maniac_madhouse,2001,unknown,6
T3_maniac_madhouse,2002,unknown,5
T3_maniac_madhouse,2003,unknown,7
T3_maniac_madhouse,2004,unknown,10
T3_maniac_madhouse,2005,unknown,7
T3_maniac_madhouse,2006,unknown,8
T3_maniac_madhouse,2007,unknown,7
T3_maniac_madhouse,2008,unknown,7
T3_maniac_madhouse,2009,unknown,2
T3_maniac_madhouse,2010,unknown,4
T3_maniac_madhouse,2011,unknown,8
T3_maniac_madhouse,2012,unknown,5
T3_maniac_madhouse,2013,unknown,7
T3_maniac_madhouse,2014,unknown,4
T3_maniac_madhouse,2015,unknown,8
T3_maniac_madhouse,2016,unknown,7
T3_maniac_madhouse,2017,unknown,7
T3_maniac_madhouse,2018,unknown,4
T3_maniac_madhouse,2019,unknown,5
T3_maniac_madhouse,2020,unknown,2
T3_maniac_madhouse,2021,unknown,3
T3_maniac_madhouse,2022,unknown,3
T3_maniac_madhouse,2023,unknown,5
T3_maniac_madhouse,2024,unknown,1
T2_drunkard_inebriate,1951,modern_alcohol_use_disorder,0
T2_drunkard_inebriate,1955,modern_alcohol_use_disorder,0
T2_drunkard_inebriate,1956,modern_alcohol_use_disorder,1
T2_drunkard_inebriate,1957,modern_alcohol_use_disorder,0
T2_drunkard_inebriate,1958,modern_alcohol_use_disorder,0
T2_drunkard_inebriate,1960,modern_alcohol_use_disorder,0
T2_drunkard_inebriate,1961,modern_alcohol_use_disorder,0
T2_drunkard_inebriate,1962,modern_alcohol_use_disorder,0
T2_drunkard_inebriate,1964,modern_alcohol_use_disorder,0
T2_drunkard_inebriate,1967,modern_alcohol_use_disorder,0
T2_drunkard_inebriate,1968,modern_alcohol_use_disorder,0
T2_drunkard_inebriate,1969,modern_alcohol_use_disorder,0
T2_drunkard_inebriate,1970,modern_alcohol_use_disorder,0
T2_drunkard_inebriate,1973,modern_alcohol_use_disorder,0
T2_drunkard_inebriate,1974,modern_alcohol_use_disorder,0
T2_drunkard_inebriate,1975,modern_alcohol_use_disorder,0
T2_drunkard_inebriate,1976,modern_alcohol_use_disorder,1
T2_drunkard_inebriate,1978,modern_alcohol_use_disorder,1
T2_drunkard_inebriate,1979,modern_alcohol_use_disorder,0
T2_drunkard_inebriate,1980,modern_alcohol_use_disorder,0
T2_drunkard_inebriate,1981,modern_alcohol_use_disorder,0
T2_drunkard_inebriate,1984,modern_alcohol_use_disorder,1
T2_drunkard_inebriate,1985,modern_alcohol_use_disorder,2
T2_drunkard_inebriate,1986,modern_alcohol_use_disorder,0
T2_drunkard_inebriate,1987,modern_alcohol_use_disorder,0
T2_drunkard_inebriate,1988,modern_alcohol_use_disorder,0
T2_drunkard_inebriate,1989,modern_alcohol_use_disorder,1
T2_drunkard_inebriate,1990,modern_alcohol_use_disorder,0
T2_drunkard_inebriate,1991,modern_alcohol_use_disorder,0
T2_drunkard_inebriate,1992,modern_alcohol_use_disorder,1
T2_drunkard_inebriate,1993,modern_alcohol_use_disorder,0
T2_drunkard_inebriate,1994,modern_alcohol_use_disorder,1
T2_drunkard_inebriate,1996,modern_alcohol_use_disorder,0
T2_drunkard_inebriate,1997,modern_alcohol_use_disorder,0
T2_drunkard_inebriate,1998,modern_alcohol_use_disorder,0
T2_drunkard_inebriate,1999,modern_alcohol_use_disorder,0
T2_drunkard_inebriate,2000,modern_alcohol_use_disorder,1
T2_drunkard_inebriate,2001,modern_alcohol_use_disorder,0
T2_drunkard_inebriate,2002,modern_alcohol_use_disorder,1
T2_drunkard_inebriate,2003,modern_alcohol_use_disorder,0
T2_drunkard_inebriate,2004,modern_alcohol_use_disorder,0
T2_drunkard_inebriate,2005,modern_alcohol_use_disorder,1
T2_drunkard_inebriate,2006,modern_alcohol_use_disorder,0
T2_drunkard_inebriate,2007,modern_alcohol_use_disorder,0
T2_drunkard_inebriate,2009,modern_alcohol_use_disorder,0
T2_drunkard_inebriate,2011,modern_alcohol_use_disorder,0
T2_drunkard_inebriate,2012,modern_alcohol_use_disorder,0
T2_drunkard_inebriate,2013,modern_alcohol_use_disorder,0
T2_drunkard_inebriate,2014,modern_alcohol_use_disorder,0
T2_drunkard_inebriate,2015,modern_alcohol_use_disorder,0
T2_drunkard_inebriate,2016,modern_alcohol_use_disorder,0
T2_drunkard_inebriate,2017,modern_alcohol_use_disorder,0
T2_drunkard_inebriate,2018,modern_alcohol_use_disorder,1
T2_drunkard_inebriate,2021,modern_alcohol_use_disorder,0
T2_drunkard_inebriate,2023,modern_alcohol_use_disorder,0
T2_drunkard_inebriate,2024,modern_alcohol_use_disorder,0
T2_drunkard_inebriate,1951,pre_aa_temperance_movement,0
T2_drunkard_inebriate,1955,pre_aa_temperance_movement,0
T2_drunkard_inebriate,1956,pre_aa_temperance_movement,0
T2_drunkard_inebriate,1957,pre_aa_temperance_movement,0
T2_drunkard_inebriate,1958,pre_aa_temperance_movement,0
T2_drunkard_inebriate,1960,pre_aa_temperance_movement,0
T2_drunkard_inebriate,1961,pre_aa_temperance_movement,0
T2_drunkard_inebriate,1962,pre_aa_temperance_movement,0
T2_drunkard_inebriate,1964,pre_aa_temperance_movement,0
T2_drunkard_inebriate,1967,pre_aa_temperance_movement,0
T2_drunkard_inebriate,1968,pre_aa_temperance_movement,0
T2_drunkard_inebriate,1969,pre_aa_temperance_movement,0
T2_drunkard_inebriate,1970,pre_aa_temperance_movement,0
T2_drunkard_inebriate,1973,pre_aa_temperance_movement,0
T2_drunkard_inebriate,1974,pre_aa_temperance_movement,0
T2_drunkard_inebriate,1975,pre_aa_temperance_movement,0
T2_drunkard_inebriate,1976,pre_aa_temperance_movement,0
T2_drunkard_inebriate,1978,pre_aa_temperance_movement,0
T2_drunkard_inebriate,1979,pre_aa_temperance_movement,0
T2_drunkard_inebriate,1980,pre_aa_temperance_movement,0
T2_drunkard_inebriate,1981,pre_aa_temperance_movement,0
T2_drunkard_inebriate,1984,pre_aa_temperance_movement,0
T2_drunkard_inebriate,1985,pre_aa_temperance_movement,0
T2_drunkard_inebriate,1986,pre_aa_temperance_movement,0
T2_drunkard_inebriate,1987,pre_aa_temperance_movement,1
T2_drunkard_inebriate,1988,pre_aa_temperance_movement,0
T2_drunkard_inebriate,1989,pre_aa_temperance_movement,0
T2_drunkard_inebriate,1990,pre_aa_temperance_movement,2
T2_drunkard_inebriate,1991,pre_aa_temperance_movement,0
T2_drunkard_inebriate,1992,pre_aa_temperance_movement,0
T2_drunkard_inebriate,1993,pre_aa_temperance_movement,0
T2_drunkard_inebriate,1994,pre_aa_temperance_movement,0
T2_drunkard_inebriate,1996,pre_aa_temperance_movement,0
T2_drunkard_inebriate,1997,pre_aa_temperance_movement,0
T2_drunkard_inebriate,1998,pre_aa_temperance_movement,0
T2_drunkard_inebriate,1999,pre_aa_temperance_movement,0
T2_drunkard_inebriate,2000,pre_aa_temperance_movement,0
T2_drunkard_inebriate,2001,pre_aa_temperance_movement,0
T2_drunkard_inebriate,2002,pre_aa_temperance_movement,0
T2_drunkard_inebriate,2003,pre_aa_temperance_movement,1
T2_drunkard_inebriate,2004,pre_aa_temperance_movement,1
T2_drunkard_inebriate,2005,pre_aa_temperance_movement,1
T2_drunkard_inebriate,2006,pre_aa_temperance_movement,0
T2_drunkard_inebriate,2007,pre_aa_temperance_movement,0
T2_drunkard_inebriate,2009,pre_aa_temperance_movement,0
T2_drunkard_inebriate,2011,pre_aa_temperance_movement,0
T2_drunkard_inebriate,2012,pre_aa_temperance_movement,0
T2_drunkard_inebriate,2013,pre_aa_temperance_movement,0
T2_drunkard_inebriate,2014,pre_aa_temperance_movement,0
T2_drunkard_inebriate,2015,pre_aa_temperance_movement,0
T2_drunkard_inebriate,2016,pre_aa_temperance_movement,0
T2_drunkard_inebriate,2017,pre_aa_temperance_movement,0
T2_drunkard_inebriate,2018,pre_aa_temperance_movement,0
T2_drunkard_inebriate,2021,pre_aa_temperance_movement,0
T2_drunkard_inebriate,2023,pre_aa_temperance_movement,0
T2_drunkard_inebriate,2024,pre_aa_temperance_movement,0
T2_drunkard_inebriate,1951,pre_dsm_clinical,0
T2_drunkard_inebriate,1955,pre_dsm_clinical,2
T2_drunkard_inebriate,1956,pre_dsm_clinical,0
T2_drunkard_inebriate,1957,pre_dsm_clinical,1
T2_drunkard_inebriate,1958,pre_dsm_clinical,0
T2_drunkard_inebriate,1960,pre_dsm_clinical,4
T2_drunkard_inebriate,1961,pre_dsm_clinical,0
T2_drunkard_inebriate,1962,pre_dsm_clinical,0
T2_drunkard_inebriate,1964,pre_dsm_clinical,1
T2_drunkard_inebriate,1967,pre_dsm_clinical,0
T2_drunkard_inebriate,1968,pre_dsm_clinical,0
T2_drunkard_inebriate,1969,pre_dsm_clinical,2
T2_drunkard_inebriate,1970,pre_dsm_clinical,0
T2_drunkard_inebriate,1973,pre_dsm_clinical,1
T2_drunkard_inebriate,1974,pre_dsm_clinical,2
T2_drunkard_inebriate,1975,pre_dsm_clinical,1
T2_drunkard_inebriate,1976,pre_dsm_clinical,0
T2_drunkard_inebriate,1978,pre_dsm_clinical,0
T2_drunkard_inebriate,1979,pre_dsm_clinical,0
T2_drunkard_inebriate,1980,pre_dsm_clinical,1
T2_drunkard_inebriate,1981,pre_dsm_clinical,0
T2_drunkard_inebriate,1984,pre_dsm_clinical,0
T2_drunkard_inebriate,1985,pre_dsm_clinical,2
T2_drunkard_inebriate,1986,pre_dsm_clinical,0
T2_drunkard_inebriate,1987,pre_dsm_clinical,0
T2_drunkard_inebriate,1988,pre_dsm_clinical,0
T2_drunkard_inebriate,1989,pre_dsm_clinical,1
T2_drunkard_inebriate,1990,pre_dsm_clinical,0
T2_drunkard_inebriate,1991,pre_dsm_clinical,0
T2_drunkard_inebriate,1992,pre_dsm_clinical,1
T2_drunkard_inebriate,1993,pre_dsm_clinical,0
T2_drunkard_inebriate,1994,pre_dsm_clinical,0
T2_drunkard_inebriate,1996,pre_dsm_clinical,1
T2_drunkard_inebriate,1997,pre_dsm_clinical,2
T2_drunkard_inebriate,1998,pre_dsm_clinical,1
T2_drunkard_inebriate,1999,pre_dsm_clinical,0
T2_drunkard_inebriate,2000,pre_dsm_clinical,1
T2_drunkard_inebriate,2001,pre_dsm_clinical,0
T2_drunkard_inebriate,2002,pre_dsm_clinical,0
T2_drunkard_inebriate,2003,pre_dsm_clinical,0
T2_drunkard_inebriate,2004,pre_dsm_clinical,1
T2_drunkard_inebriate,2005,pre_dsm_clinical,2
T2_drunkard_inebriate,2006,pre_dsm_clinical,0
T2_drunkard_inebriate,2007,pre_dsm_clinical,0
T2_drunkard_inebriate,2009,pre_dsm_clinical,0
T2_drunkard_inebriate,2011,pre_dsm_clinical,0
T2_drunkard_inebriate,2012,pre_dsm_clinical,0
T2_drunkard_inebriate,2013,pre_dsm_clinical,0
T2_drunkard_inebriate,2014,pre_dsm_clinical,1
T2_drunkard_inebriate,2015,pre_dsm_clinical,0
T2_drunkard_inebriate,2016,pre_dsm_clinical,0
T2_drunkard_inebriate,2017,pre_dsm_clinical,1
T2_drunkard_inebriate,2018,pre_dsm_clinical,1
T2_drunkard_inebriate,2021,pre_dsm_clinical,0
T2_drunkard_inebriate,2023,pre_dsm_clinical,0
T2_drunkard_inebriate,2024,pre_dsm_clinical,1
T2_drunkard_inebriate,1951,unknown,1
T2_drunkard_inebriate,1955,unknown,0
T2_drunkard_inebriate,1956,unknown,0
T2_drunkard_inebriate,1957,unknown,1
T2_drunkard_inebriate,1958,unknown,1
T2_drunkard_inebriate,1960,unknown,0
T2_drunkard_inebriate,1961,unknown,1
T2_drunkard_inebriate,1962,unknown,1
T2_drunkard_inebriate,1964,unknown,3
T2_drunkard_inebriate,1967,unknown,1
T2_drunkard_inebriate,1968,unknown,1
T2_drunkard_inebriate,1969,unknown,0
T2_drunkard_inebriate,1970,unknown,1
T2_drunkard_inebriate,1973,unknown,0
T2_drunkard_inebriate,1974,unknown,1
T2_drunkard_inebriate,1975,unknown,3
T2_drunkard_inebriate,1976,unknown,1
T2_drunkard_inebriate,1978,unknown,3
T2_drunkard_inebriate,1979,unknown,1
T2_drunkard_inebriate,1980,unknown,1
T2_drunkard_inebriate,1981,unknown,1
T2_drunkard_inebriate,1984,unknown,1
T2_drunkard_inebriate,1985,unknown,4
T2_drunkard_inebriate,1986,unknown,1
T2_drunkard_inebriate,1987,unknown,2
T2_drunkard_inebriate,1988,unknown,1
T2_drunkard_inebriate,1989,unknown,0
T2_drunkard_inebriate,1990,unknown,0
T2_drunkard_inebriate,1991,unknown,1
T2_drunkard_inebriate,1992,unknown,0
T2_drunkard_inebriate,1993,unknown,1
T2_drunkard_inebriate,1994,unknown,1
T2_drunkard_inebriate,1996,unknown,3
T2_drunkard_inebriate,1997,unknown,1
T2_drunkard_inebriate,1998,unknown,2
T2_drunkard_inebriate,1999,unknown,4
T2_drunkard_inebriate,2000,unknown,1
T2_drunkard_inebriate,2001,unknown,1
T2_drunkard_inebriate,2002,unknown,2
T2_drunkard_inebriate,2003,unknown,1
T2_drunkard_inebriate,2004,unknown,0
T2_drunkard_inebriate,2005,unknown,2
T2_drunkard_inebriate,2006,unknown,1
T2_drunkard_inebriate,2007,unknown,3
T2_drunkard_inebriate,2009,unknown,3
T2_drunkard_inebriate,2011,unknown,1
T2_drunkard_inebriate,2012,unknown,1
T2_drunkard_inebriate,2013,unknown,1
T2_drunkard_inebriate,2014,unknown,1
T2_drunkard_inebriate,2015,unknown,1
T2_drunkard_inebriate,2016,unknown,2
T2_drunkard_inebriate,2017,unknown,0
T2_drunkard_inebriate,2018,unknown,3
T2_drunkard_inebriate,2021,unknown,2
T2_drunkard_inebriate,2023,unknown,2
T2_drunkard_inebriate,2024,unknown,1
T2_neurasthenia,1950,asian_modern_clinical,0
T2_neurasthenia,1951,asian_modern_clinical,0
T2_neurasthenia,1952,asian_modern_clinical,0
T2_neurasthenia,1953,asian_modern_clinical,0
T2_neurasthenia,1954,asian_modern_clinical,0
T2_neurasthenia,1955,asian_modern_clinical,0
T2_neurasthenia,1956,asian_modern_clinical,0
T2_neurasthenia,1957,asian_modern_clinical,0
T2_neurasthenia,1958,asian_modern_clinical,0
T2_neurasthenia,1959,asian_modern_clinical,0
T2_neurasthenia,1960,asian_modern_clinical,0
T2_neurasthenia,1961,asian_modern_clinical,0
T2_neurasthenia,1962,asian_modern_clinical,0
T2_neurasthenia,1963,asian_modern_clinical,0
T2_neurasthenia,1964,asian_modern_clinical,0
T2_neurasthenia,1965,asian_modern_clinical,0
T2_neurasthenia,1966,asian_modern_clinical,0
T2_neurasthenia,1967,asian_modern_clinical,0
T2_neurasthenia,1968,asian_modern_clinical,0
T2_neurasthenia,1969,asian_modern_clinical,0
T2_neurasthenia,1970,asian_modern_clinical,0
T2_neurasthenia,1971,asian_modern_clinical,0
T2_neurasthenia,1972,asian_modern_clinical,0
T2_neurasthenia,1973,asian_modern_clinical,0
T2_neurasthenia,1974,asian_modern_clinical,0
T2_neurasthenia,1975,asian_modern_clinical,0
T2_neurasthenia,1976,asian_modern_clinical,0
T2_neurasthenia,1977,asian_modern_clinical,0
T2_neurasthenia,1978,asian_modern_clinical,0
T2_neurasthenia,1979,asian_modern_clinical,0
T2_neurasthenia,1980,asian_modern_clinical,0
T2_neurasthenia,1981,asian_modern_clinical,0
T2_neurasthenia,1982,asian_modern_clinical,0
T2_neurasthenia,1983,asian_modern_clinical,0
T2_neurasthenia,1984,asian_modern_clinical,0
T2_neurasthenia,1985,asian_modern_clinical,0
T2_neurasthenia,1986,asian_modern_clinical,0
T2_neurasthenia,1987,asian_modern_clinical,0
T2_neurasthenia,1988,asian_modern_clinical,0
T2_neurasthenia,1989,asian_modern_clinical,1
T2_neurasthenia,1990,asian_modern_clinical,0
T2_neurasthenia,1991,asian_modern_clinical,0
T2_neurasthenia,1992,asian_modern_clinical,0
T2_neurasthenia,1993,asian_modern_clinical,0
T2_neurasthenia,1994,asian_modern_clinical,0
T2_neurasthenia,1995,asian_modern_clinical,0
T2_neurasthenia,1996,asian_modern_clinical,0
T2_neurasthenia,1997,asian_modern_clinical,0
T2_neurasthenia,1998,asian_modern_clinical,0
T2_neurasthenia,1999,asian_modern_clinical,0
T2_neurasthenia,2000,asian_modern_clinical,0
T2_neurasthenia,2001,asian_modern_clinical,0
T2_neurasthenia,2002,asian_modern_clinical,0
T2_neurasthenia,2003,asian_modern_clinical,0
T2_neurasthenia,2004,asian_modern_clinical,0
T2_neurasthenia,2005,asian_modern_clinical,0
T2_neurasthenia,2006,asian_modern_clinical,0
T2_neurasthenia,2007,asian_modern_clinical,1
T2_neurasthenia,2008,asian_modern_clinical,0
T2_neurasthenia,2009,asian_modern_clinical,0
T2_neurasthenia,2010,asian_modern_clinical,0
T2_neurasthenia,2011,asian_modern_clinical,0
T2_neurasthenia,2012,asian_modern_clinical,0
T2_neurasthenia,2013,asian_modern_clinical,0
T2_neurasthenia,2014,asian_modern_clinical,0
T2_neurasthenia,2015,asian_modern_clinical,1
T2_neurasthenia,2016,asian_modern_clinical,0
T2_neurasthenia,2017,asian_modern_clinical,0
T2_neurasthenia,2018,asian_modern_clinical,0
T2_neurasthenia,2019,asian_modern_clinical,0
T2_neurasthenia,2020,asian_modern_clinical,0
T2_neurasthenia,2021,asian_modern_clinical,0
T2_neurasthenia,2022,asian_modern_clinical,0
T2_neurasthenia,2023,asian_modern_clinical,0
T2_neurasthenia,2024,asian_modern_clinical,0
T2_neurasthenia,2025,asian_modern_clinical,0
T2_neurasthenia,1950,beard_19c_clinical,0
T2_neurasthenia,1951,beard_19c_clinical,1
T2_neurasthenia,1952,beard_19c_clinical,0
T2_neurasthenia,1953,beard_19c_clinical,0
T2_neurasthenia,1954,beard_19c_clinical,0
T2_neurasthenia,1955,beard_19c_clinical,1
T2_neurasthenia,1956,beard_19c_clinical,0
T2_neurasthenia,1957,beard_19c_clinical,1
T2_neurasthenia,1958,beard_19c_clinical,0
T2_neurasthenia,1959,beard_19c_clinical,0
T2_neurasthenia,1960,beard_19c_clinical,0
T2_neurasthenia,1961,beard_19c_clinical,0
T2_neurasthenia,1962,beard_19c_clinical,0
T2_neurasthenia,1963,beard_19c_clinical,0
T2_neurasthenia,1964,beard_19c_clinical,0
T2_neurasthenia,1965,beard_19c_clinical,0
T2_neurasthenia,1966,beard_19c_clinical,0
T2_neurasthenia,1967,beard_19c_clinical,0
T2_neurasthenia,1968,beard_19c_clinical,0
T2_neurasthenia,1969,beard_19c_clinical,0
T2_neurasthenia,1970,beard_19c_clinical,0
T2_neurasthenia,1971,beard_19c_clinical,2
T2_neurasthenia,1972,beard_19c_clinical,0
T2_neurasthenia,1973,beard_19c_clinical,0
T2_neurasthenia,1974,beard_19c_clinical,0
T2_neurasthenia,1975,beard_19c_clinical,0
T2_neurasthenia,1976,beard_19c_clinical,0
T2_neurasthenia,1977,beard_19c_clinical,0
T2_neurasthenia,1978,beard_19c_clinical,0
T2_neurasthenia,1979,beard_19c_clinical,0
T2_neurasthenia,1980,beard_19c_clinical,0
T2_neurasthenia,1981,beard_19c_clinical,0
T2_neurasthenia,1982,beard_19c_clinical,0
T2_neurasthenia,1983,beard_19c_clinical,1
T2_neurasthenia,1984,beard_19c_clinical,0
T2_neurasthenia,1985,beard_19c_clinical,0
T2_neurasthenia,1986,beard_19c_clinical,0
T2_neurasthenia,1987,beard_19c_clinical,0
T2_neurasthenia,1988,beard_19c_clinical,1
T2_neurasthenia,1989,beard_19c_clinical,0
T2_neurasthenia,1990,beard_19c_clinical,1
T2_neurasthenia,1991,beard_19c_clinical,1
T2_neurasthenia,1992,beard_19c_clinical,0
T2_neurasthenia,1993,beard_19c_clinical,3
T2_neurasthenia,1994,beard_19c_clinical,2
T2_neurasthenia,1995,beard_19c_clinical,0
T2_neurasthenia,1996,beard_19c_clinical,2
T2_neurasthenia,1997,beard_19c_clinical,0
T2_neurasthenia,1998,beard_19c_clinical,0
T2_neurasthenia,1999,beard_19c_clinical,1
T2_neurasthenia,2000,beard_19c_clinical,1
T2_neurasthenia,2001,beard_19c_clinical,2
T2_neurasthenia,2002,beard_19c_clinical,1
T2_neurasthenia,2003,beard_19c_clinical,2
T2_neurasthenia,2004,beard_19c_clinical,0
T2_neurasthenia,2005,beard_19c_clinical,3
T2_neurasthenia,2006,beard_19c_clinical,2
T2_neurasthenia,2007,beard_19c_clinical,2
T2_neurasthenia,2008,beard_19c_clinical,0
T2_neurasthenia,2009,beard_19c_clinical,1
T2_neurasthenia,2010,beard_19c_clinical,1
T2_neurasthenia,2011,beard_19c_clinical,1
T2_neurasthenia,2012,beard_19c_clinical,3
T2_neurasthenia,2013,beard_19c_clinical,1
T2_neurasthenia,2014,beard_19c_clinical,1
T2_neurasthenia,2015,beard_19c_clinical,1
T2_neurasthenia,2016,beard_19c_clinical,1
T2_neurasthenia,2017,beard_19c_clinical,2
T2_neurasthenia,2018,beard_19c_clinical,1
T2_neurasthenia,2019,beard_19c_clinical,6
T2_neurasthenia,2020,beard_19c_clinical,3
T2_neurasthenia,2021,beard_19c_clinical,2
T2_neurasthenia,2022,beard_19c_clinical,1
T2_neurasthenia,2023,beard_19c_clinical,1
T2_neurasthenia,2024,beard_19c_clinical,2
T2_neurasthenia,2025,beard_19c_clinical,0
T2_neurasthenia,1950,chronic_fatigue_modern,0
T2_neurasthenia,1951,chronic_fatigue_modern,0
T2_neurasthenia,1952,chronic_fatigue_modern,0
T2_neurasthenia,1953,chronic_fatigue_modern,0
T2_neurasthenia,1954,chronic_fatigue_modern,0
T2_neurasthenia,1955,chronic_fatigue_modern,0
T2_neurasthenia,1956,chronic_fatigue_modern,0
T2_neurasthenia,1957,chronic_fatigue_modern,0
T2_neurasthenia,1958,chronic_fatigue_modern,0
T2_neurasthenia,1959,chronic_fatigue_modern,0
T2_neurasthenia,1960,chronic_fatigue_modern,0
T2_neurasthenia,1961,chronic_fatigue_modern,0
T2_neurasthenia,1962,chronic_fatigue_modern,0
T2_neurasthenia,1963,chronic_fatigue_modern,0
T2_neurasthenia,1964,chronic_fatigue_modern,0
T2_neurasthenia,1965,chronic_fatigue_modern,0
T2_neurasthenia,1966,chronic_fatigue_modern,0
T2_neurasthenia,1967,chronic_fatigue_modern,0
T2_neurasthenia,1968,chronic_fatigue_modern,0
T2_neurasthenia,1969,chronic_fatigue_modern,0
T2_neurasthenia,1970,chronic_fatigue_modern,0
T2_neurasthenia,1971,chronic_fatigue_modern,0
T2_neurasthenia,1972,chronic_fatigue_modern,0
T2_neurasthenia,1973,chronic_fatigue_modern,0
T2_neurasthenia,1974,chronic_fatigue_modern,0
T2_neurasthenia,1975,chronic_fatigue_modern,0
T2_neurasthenia,1976,chronic_fatigue_modern,0
T2_neurasthenia,1977,chronic_fatigue_modern,0
T2_neurasthenia,1978,chronic_fatigue_modern,0
T2_neurasthenia,1979,chronic_fatigue_modern,0
T2_neurasthenia,1980,chronic_fatigue_modern,0
T2_neurasthenia,1981,chronic_fatigue_modern,0
T2_neurasthenia,1982,chronic_fatigue_modern,0
T2_neurasthenia,1983,chronic_fatigue_modern,0
T2_neurasthenia,1984,chronic_fatigue_modern,0
T2_neurasthenia,1985,chronic_fatigue_modern,0
T2_neurasthenia,1986,chronic_fatigue_modern,0
T2_neurasthenia,1987,chronic_fatigue_modern,0
T2_neurasthenia,1988,chronic_fatigue_modern,0
T2_neurasthenia,1989,chronic_fatigue_modern,0
T2_neurasthenia,1990,chronic_fatigue_modern,1
T2_neurasthenia,1991,chronic_fatigue_modern,3
T2_neurasthenia,1992,chronic_fatigue_modern,1
T2_neurasthenia,1993,chronic_fatigue_modern,4
T2_neurasthenia,1994,chronic_fatigue_modern,2
T2_neurasthenia,1995,chronic_fatigue_modern,1
T2_neurasthenia,1996,chronic_fatigue_modern,3
T2_neurasthenia,1997,chronic_fatigue_modern,6
T2_neurasthenia,1998,chronic_fatigue_modern,2
T2_neurasthenia,1999,chronic_fatigue_modern,3
T2_neurasthenia,2000,chronic_fatigue_modern,2
T2_neurasthenia,2001,chronic_fatigue_modern,1
T2_neurasthenia,2002,chronic_fatigue_modern,5
T2_neurasthenia,2003,chronic_fatigue_modern,2
T2_neurasthenia,2004,chronic_fatigue_modern,4
T2_neurasthenia,2005,chronic_fatigue_modern,1
T2_neurasthenia,2006,chronic_fatigue_modern,0
T2_neurasthenia,2007,chronic_fatigue_modern,6
T2_neurasthenia,2008,chronic_fatigue_modern,2
T2_neurasthenia,2009,chronic_fatigue_modern,0
T2_neurasthenia,2010,chronic_fatigue_modern,0
T2_neurasthenia,2011,chronic_fatigue_modern,0
T2_neurasthenia,2012,chronic_fatigue_modern,0
T2_neurasthenia,2013,chronic_fatigue_modern,3
T2_neurasthenia,2014,chronic_fatigue_modern,1
T2_neurasthenia,2015,chronic_fatigue_modern,1
T2_neurasthenia,2016,chronic_fatigue_modern,2
T2_neurasthenia,2017,chronic_fatigue_modern,1
T2_neurasthenia,2018,chronic_fatigue_modern,0
T2_neurasthenia,2019,chronic_fatigue_modern,2
T2_neurasthenia,2020,chronic_fatigue_modern,2
T2_neurasthenia,2021,chronic_fatigue_modern,0
T2_neurasthenia,2022,chronic_fatigue_modern,0
T2_neurasthenia,2023,chronic_fatigue_modern,0
T2_neurasthenia,2024,chronic_fatigue_modern,3
T2_neurasthenia,2025,chronic_fatigue_modern,0
T2_neurasthenia,1950,unknown,15
T2_neurasthenia,1951,unknown,8
T2_neurasthenia,1952,unknown,9
T2_neurasthenia,1953,unknown,8
T2_neurasthenia,1954,unknown,10
T2_neurasthenia,1955,unknown,14
T2_neurasthenia,1956,unknown,7
T2_neurasthenia,1957,unknown,9
T2_neurasthenia,1958,unknown,6
T2_neurasthenia,1959,unknown,5
T2_neurasthenia,1960,unknown,9
T2_neurasthenia,1961,unknown,10
T2_neurasthenia,1962,unknown,15
T2_neurasthenia,1963,unknown,44
T2_neurasthenia,1964,unknown,38
T2_neurasthenia,1965,unknown,9
T2_neurasthenia,1966,unknown,6
T2_neurasthenia,1967,unknown,6
T2_neurasthenia,1968,unknown,6
T2_neurasthenia,1969,unknown,8
T2_neurasthenia,1970,unknown,6
T2_neurasthenia,1971,unknown,4
T2_neurasthenia,1972,unknown,8
T2_neurasthenia,1973,unknown,4
T2_neurasthenia,1974,unknown,7
T2_neurasthenia,1975,unknown,11
T2_neurasthenia,1976,unknown,15
T2_neurasthenia,1977,unknown,8
T2_neurasthenia,1978,unknown,9
T2_neurasthenia,1979,unknown,10
T2_neurasthenia,1980,unknown,9
T2_neurasthenia,1981,unknown,7
T2_neurasthenia,1982,unknown,11
T2_neurasthenia,1983,unknown,8
T2_neurasthenia,1984,unknown,8
T2_neurasthenia,1985,unknown,9
T2_neurasthenia,1986,unknown,12
T2_neurasthenia,1987,unknown,7
T2_neurasthenia,1988,unknown,11
T2_neurasthenia,1989,unknown,30
T2_neurasthenia,1990,unknown,13
T2_neurasthenia,1991,unknown,8
T2_neurasthenia,1992,unknown,11
T2_neurasthenia,1993,unknown,7
T2_neurasthenia,1994,unknown,15
T2_neurasthenia,1995,unknown,8
T2_neurasthenia,1996,unknown,13
T2_neurasthenia,1997,unknown,16
T2_neurasthenia,1998,unknown,11
T2_neurasthenia,1999,unknown,10
T2_neurasthenia,2000,unknown,9
T2_neurasthenia,2001,unknown,26
T2_neurasthenia,2002,unknown,11
T2_neurasthenia,2003,unknown,15
T2_neurasthenia,2004,unknown,7
T2_neurasthenia,2005,unknown,15
T2_neurasthenia,2006,unknown,9
T2_neurasthenia,2007,unknown,6
T2_neurasthenia,2008,unknown,14
T2_neurasthenia,2009,unknown,9
T2_neurasthenia,2010,unknown,11
T2_neurasthenia,2011,unknown,13
T2_neurasthenia,2012,unknown,17
T2_neurasthenia,2013,unknown,14
T2_neurasthenia,2014,unknown,11
T2_neurasthenia,2015,unknown,10
T2_neurasthenia,2016,unknown,11
T2_neurasthenia,2017,unknown,10
T2_neurasthenia,2018,unknown,9
T2_neurasthenia,2019,unknown,10
T2_neurasthenia,2020,unknown,15
T2_neurasthenia,2021,unknown,18
T2_neurasthenia,2022,unknown,15
T2_neurasthenia,2023,unknown,7
T2_neurasthenia,2024,unknown,18
T2_neurasthenia,2025,unknown,1
T2_psychopath_socio,1950,antisocial_personality_disorder,0
T2_psychopath_socio,1951,antisocial_personality_disorder,0
T2_psychopath_socio,1952,antisocial_personality_disorder,0
T2_psychopath_socio,1953,antisocial_personality_disorder,0
T2_psychopath_socio,1954,antisocial_personality_disorder,0
T2_psychopath_socio,1955,antisocial_personality_disorder,0
T2_psychopath_socio,1956,antisocial_personality_disorder,0
T2_psychopath_socio,1957,antisocial_personality_disorder,0
T2_psychopath_socio,1958,antisocial_personality_disorder,0
T2_psychopath_socio,1959,antisocial_personality_disorder,0
T2_psychopath_socio,1960,antisocial_personality_disorder,0
T2_psychopath_socio,1961,antisocial_personality_disorder,0
T2_psychopath_socio,1962,antisocial_personality_disorder,0
T2_psychopath_socio,1963,antisocial_personality_disorder,0
T2_psychopath_socio,1964,antisocial_personality_disorder,0
T2_psychopath_socio,1965,antisocial_personality_disorder,0
T2_psychopath_socio,1966,antisocial_personality_disorder,0
T2_psychopath_socio,1967,antisocial_personality_disorder,0
T2_psychopath_socio,1968,antisocial_personality_disorder,0
T2_psychopath_socio,1969,antisocial_personality_disorder,0
T2_psychopath_socio,1970,antisocial_personality_disorder,0
T2_psychopath_socio,1971,antisocial_personality_disorder,0
T2_psychopath_socio,1972,antisocial_personality_disorder,0
T2_psychopath_socio,1973,antisocial_personality_disorder,0
T2_psychopath_socio,1974,antisocial_personality_disorder,0
T2_psychopath_socio,1975,antisocial_personality_disorder,0
T2_psychopath_socio,1976,antisocial_personality_disorder,0
T2_psychopath_socio,1977,antisocial_personality_disorder,0
T2_psychopath_socio,1978,antisocial_personality_disorder,0
T2_psychopath_socio,1979,antisocial_personality_disorder,0
T2_psychopath_socio,1980,antisocial_personality_disorder,0
T2_psychopath_socio,1981,antisocial_personality_disorder,0
T2_psychopath_socio,1982,antisocial_personality_disorder,0
T2_psychopath_socio,1983,antisocial_personality_disorder,1
T2_psychopath_socio,1984,antisocial_personality_disorder,0
T2_psychopath_socio,1985,antisocial_personality_disorder,0
T2_psychopath_socio,1986,antisocial_personality_disorder,0
T2_psychopath_socio,1987,antisocial_personality_disorder,0
T2_psychopath_socio,1988,antisocial_personality_disorder,0
T2_psychopath_socio,1989,antisocial_personality_disorder,0
T2_psychopath_socio,1990,antisocial_personality_disorder,0
T2_psychopath_socio,1991,antisocial_personality_disorder,1
T2_psychopath_socio,1992,antisocial_personality_disorder,0
T2_psychopath_socio,1993,antisocial_personality_disorder,0
T2_psychopath_socio,1994,antisocial_personality_disorder,0
T2_psychopath_socio,1995,antisocial_personality_disorder,0
T2_psychopath_socio,1996,antisocial_personality_disorder,0
T2_psychopath_socio,1997,antisocial_personality_disorder,0
T2_psychopath_socio,1998,antisocial_personality_disorder,2
T2_psychopath_socio,1999,antisocial_personality_disorder,0
T2_psychopath_socio,2000,antisocial_personality_disorder,2
T2_psychopath_socio,2001,antisocial_personality_disorder,1
T2_psychopath_socio,2002,antisocial_personality_disorder,2
T2_psychopath_socio,2003,antisocial_personality_disorder,1
T2_psychopath_socio,2004,antisocial_personality_disorder,3
T2_psychopath_socio,2005,antisocial_personality_disorder,4
T2_psychopath_socio,2006,antisocial_personality_disorder,2
T2_psychopath_socio,2007,antisocial_personality_disorder,0
T2_psychopath_socio,2008,antisocial_personality_disorder,1
T2_psychopath_socio,2009,antisocial_personality_disorder,2
T2_psychopath_socio,2010,antisocial_personality_disorder,2
T2_psychopath_socio,2011,antisocial_personality_disorder,5
T2_psychopath_socio,2012,antisocial_personality_disorder,6
T2_psychopath_socio,2013,antisocial_personality_disorder,2
T2_psychopath_socio,2014,antisocial_personality_disorder,5
T2_psychopath_socio,2015,antisocial_personality_disorder,0
T2_psychopath_socio,2016,antisocial_personality_disorder,1
T2_psychopath_socio,2017,antisocial_personality_disorder,0
T2_psychopath_socio,2018,antisocial_personality_disorder,2
T2_psychopath_socio,2019,antisocial_personality_disorder,1
T2_psychopath_socio,2020,antisocial_personality_disorder,1
T2_psychopath_socio,2021,antisocial_personality_disorder,2
T2_psychopath_socio,2022,antisocial_personality_disorder,0
T2_psychopath_socio,2023,antisocial_personality_disorder,2
T2_psychopath_socio,2024,antisocial_personality_disorder,1
T2_psychopath_socio,1950,forensic_psychopathy_research,0
T2_psychopath_socio,1951,forensic_psychopathy_research,0
T2_psychopath_socio,1952,forensic_psychopathy_research,0
T2_psychopath_socio,1953,forensic_psychopathy_research,0
T2_psychopath_socio,1954,forensic_psychopathy_research,0
T2_psychopath_socio,1955,forensic_psychopathy_research,0
T2_psychopath_socio,1956,forensic_psychopathy_research,0
T2_psychopath_socio,1957,forensic_psychopathy_research,0
T2_psychopath_socio,1958,forensic_psychopathy_research,0
T2_psychopath_socio,1959,forensic_psychopathy_research,0
T2_psychopath_socio,1960,forensic_psychopathy_research,0
T2_psychopath_socio,1961,forensic_psychopathy_research,0
T2_psychopath_socio,1962,forensic_psychopathy_research,0
T2_psychopath_socio,1963,forensic_psychopathy_research,0
T2_psychopath_socio,1964,forensic_psychopathy_research,0
T2_psychopath_socio,1965,forensic_psychopathy_research,0
T2_psychopath_socio,1966,forensic_psychopathy_research,0
T2_psychopath_socio,1967,forensic_psychopathy_research,0
T2_psychopath_socio,1968,forensic_psychopathy_research,0
T2_psychopath_socio,1969,forensic_psychopathy_research,0
T2_psychopath_socio,1970,forensic_psychopathy_research,0
T2_psychopath_socio,1971,forensic_psychopathy_research,0
T2_psychopath_socio,1972,forensic_psychopathy_research,0
T2_psychopath_socio,1973,forensic_psychopathy_research,0
T2_psychopath_socio,1974,forensic_psychopathy_research,0
T2_psychopath_socio,1975,forensic_psychopathy_research,1
T2_psychopath_socio,1976,forensic_psychopathy_research,0
T2_psychopath_socio,1977,forensic_psychopathy_research,0
T2_psychopath_socio,1978,forensic_psychopathy_research,0
T2_psychopath_socio,1979,forensic_psychopathy_research,0
T2_psychopath_socio,1980,forensic_psychopathy_research,0
T2_psychopath_socio,1981,forensic_psychopathy_research,0
T2_psychopath_socio,1982,forensic_psychopathy_research,0
T2_psychopath_socio,1983,forensic_psychopathy_research,0
T2_psychopath_socio,1984,forensic_psychopathy_research,0
T2_psychopath_socio,1985,forensic_psychopathy_research,0
T2_psychopath_socio,1986,forensic_psychopathy_research,0
T2_psychopath_socio,1987,forensic_psychopathy_research,0
T2_psychopath_socio,1988,forensic_psychopathy_research,0
T2_psychopath_socio,1989,forensic_psychopathy_research,0
T2_psychopath_socio,1990,forensic_psychopathy_research,0
T2_psychopath_socio,1991,forensic_psychopathy_research,0
T2_psychopath_socio,1992,forensic_psychopathy_research,0
T2_psychopath_socio,1993,forensic_psychopathy_research,0
T2_psychopath_socio,1994,forensic_psychopathy_research,1
T2_psychopath_socio,1995,forensic_psychopathy_research,0
T2_psychopath_socio,1996,forensic_psychopathy_research,2
T2_psychopath_socio,1997,forensic_psychopathy_research,0
T2_psychopath_socio,1998,forensic_psychopathy_research,1
T2_psychopath_socio,1999,forensic_psychopathy_research,4
T2_psychopath_socio,2000,forensic_psychopathy_research,1
T2_psychopath_socio,2001,forensic_psychopathy_research,0
T2_psychopath_socio,2002,forensic_psychopathy_research,1
T2_psychopath_socio,2003,forensic_psychopathy_research,4
T2_psychopath_socio,2004,forensic_psychopathy_research,4
T2_psychopath_socio,2005,forensic_psychopathy_research,1
T2_psychopath_socio,2006,forensic_psychopathy_research,1
T2_psychopath_socio,2007,forensic_psychopathy_research,5
T2_psychopath_socio,2008,forensic_psychopathy_research,4
T2_psychopath_socio,2009,forensic_psychopathy_research,8
T2_psychopath_socio,2010,forensic_psychopathy_research,5
T2_psychopath_socio,2011,forensic_psychopathy_research,9
T2_psychopath_socio,2012,forensic_psychopathy_research,8
T2_psychopath_socio,2013,forensic_psychopathy_research,5
T2_psychopath_socio,2014,forensic_psychopathy_research,9
T2_psychopath_socio,2015,forensic_psychopathy_research,11
T2_psychopath_socio,2016,forensic_psychopathy_research,12
T2_psychopath_socio,2017,forensic_psychopathy_research,3
T2_psychopath_socio,2018,forensic_psychopathy_research,6
T2_psychopath_socio,2019,forensic_psychopathy_research,7
T2_psychopath_socio,2020,forensic_psychopathy_research,7
T2_psychopath_socio,2021,forensic_psychopathy_research,8
T2_psychopath_socio,2022,forensic_psychopathy_research,7
T2_psychopath_socio,2023,forensic_psychopathy_research,3
T2_psychopath_socio,2024,forensic_psychopathy_research,4
T2_psychopath_socio,1950,pop_psychology_corporate,0
T2_psychopath_socio,1951,pop_psychology_corporate,0
T2_psychopath_socio,1952,pop_psychology_corporate,0
T2_psychopath_socio,1953,pop_psychology_corporate,0
T2_psychopath_socio,1954,pop_psychology_corporate,0
T2_psychopath_socio,1955,pop_psychology_corporate,0
T2_psychopath_socio,1956,pop_psychology_corporate,0
T2_psychopath_socio,1957,pop_psychology_corporate,0
T2_psychopath_socio,1958,pop_psychology_corporate,0
T2_psychopath_socio,1959,pop_psychology_corporate,0
T2_psychopath_socio,1960,pop_psychology_corporate,0
T2_psychopath_socio,1961,pop_psychology_corporate,0
T2_psychopath_socio,1962,pop_psychology_corporate,0
T2_psychopath_socio,1963,pop_psychology_corporate,0
T2_psychopath_socio,1964,pop_psychology_corporate,0
T2_psychopath_socio,1965,pop_psychology_corporate,0
T2_psychopath_socio,1966,pop_psychology_corporate,0
T2_psychopath_socio,1967,pop_psychology_corporate,0
T2_psychopath_socio,1968,pop_psychology_corporate,0
T2_psychopath_socio,1969,pop_psychology_corporate,0
T2_psychopath_socio,1970,pop_psychology_corporate,0
T2_psychopath_socio,1971,pop_psychology_corporate,0
T2_psychopath_socio,1972,pop_psychology_corporate,0
T2_psychopath_socio,1973,pop_psychology_corporate,0
T2_psychopath_socio,1974,pop_psychology_corporate,0
T2_psychopath_socio,1975,pop_psychology_corporate,0
T2_psychopath_socio,1976,pop_psychology_corporate,0
T2_psychopath_socio,1977,pop_psychology_corporate,0
T2_psychopath_socio,1978,pop_psychology_corporate,0
T2_psychopath_socio,1979,pop_psychology_corporate,0
T2_psychopath_socio,1980,pop_psychology_corporate,0
T2_psychopath_socio,1981,pop_psychology_corporate,0
T2_psychopath_socio,1982,pop_psychology_corporate,0
T2_psychopath_socio,1983,pop_psychology_corporate,0
T2_psychopath_socio,1984,pop_psychology_corporate,0
T2_psychopath_socio,1985,pop_psychology_corporate,0
T2_psychopath_socio,1986,pop_psychology_corporate,0
T2_psychopath_socio,1987,pop_psychology_corporate,0
T2_psychopath_socio,1988,pop_psychology_corporate,0
T2_psychopath_socio,1989,pop_psychology_corporate,0
T2_psychopath_socio,1990,pop_psychology_corporate,0
T2_psychopath_socio,1991,pop_psychology_corporate,0
T2_psychopath_socio,1992,pop_psychology_corporate,0
T2_psychopath_socio,1993,pop_psychology_corporate,0
T2_psychopath_socio,1994,pop_psychology_corporate,0
T2_psychopath_socio,1995,pop_psychology_corporate,0
T2_psychopath_socio,1996,pop_psychology_corporate,0
T2_psychopath_socio,1997,pop_psychology_corporate,0
T2_psychopath_socio,1998,pop_psychology_corporate,0
T2_psychopath_socio,1999,pop_psychology_corporate,0
T2_psychopath_socio,2000,pop_psychology_corporate,0
T2_psychopath_socio,2001,pop_psychology_corporate,0
T2_psychopath_socio,2002,pop_psychology_corporate,0
T2_psychopath_socio,2003,pop_psychology_corporate,0
T2_psychopath_socio,2004,pop_psychology_corporate,0
T2_psychopath_socio,2005,pop_psychology_corporate,0
T2_psychopath_socio,2006,pop_psychology_corporate,0
T2_psychopath_socio,2007,pop_psychology_corporate,0
T2_psychopath_socio,2008,pop_psychology_corporate,0
T2_psychopath_socio,2009,pop_psychology_corporate,0
T2_psychopath_socio,2010,pop_psychology_corporate,0
T2_psychopath_socio,2011,pop_psychology_corporate,0
T2_psychopath_socio,2012,pop_psychology_corporate,0
T2_psychopath_socio,2013,pop_psychology_corporate,0
T2_psychopath_socio,2014,pop_psychology_corporate,0
T2_psychopath_socio,2015,pop_psychology_corporate,0
T2_psychopath_socio,2016,pop_psychology_corporate,0
T2_psychopath_socio,2017,pop_psychology_corporate,0
T2_psychopath_socio,2018,pop_psychology_corporate,0
T2_psychopath_socio,2019,pop_psychology_corporate,0
T2_psychopath_socio,2020,pop_psychology_corporate,0
T2_psychopath_socio,2021,pop_psychology_corporate,1
T2_psychopath_socio,2022,pop_psychology_corporate,0
T2_psychopath_socio,2023,pop_psychology_corporate,0
T2_psychopath_socio,2024,pop_psychology_corporate,0
T2_psychopath_socio,1950,unknown,7
T2_psychopath_socio,1951,unknown,11
T2_psychopath_socio,1952,unknown,10
T2_psychopath_socio,1953,unknown,2
T2_psychopath_socio,1954,unknown,5
T2_psychopath_socio,1955,unknown,5
T2_psychopath_socio,1956,unknown,4
T2_psychopath_socio,1957,unknown,3
T2_psychopath_socio,1958,unknown,7
T2_psychopath_socio,1959,unknown,24
T2_psychopath_socio,1960,unknown,35
T2_psychopath_socio,1961,unknown,29
T2_psychopath_socio,1962,unknown,16
T2_psychopath_socio,1963,unknown,9
T2_psychopath_socio,1964,unknown,9
T2_psychopath_socio,1965,unknown,5
T2_psychopath_socio,1966,unknown,5
T2_psychopath_socio,1967,unknown,6
T2_psychopath_socio,1968,unknown,3
T2_psychopath_socio,1969,unknown,7
T2_psychopath_socio,1970,unknown,3
T2_psychopath_socio,1971,unknown,5
T2_psychopath_socio,1972,unknown,1
T2_psychopath_socio,1973,unknown,1
T2_psychopath_socio,1974,unknown,8
T2_psychopath_socio,1975,unknown,10
T2_psychopath_socio,1976,unknown,12
T2_psychopath_socio,1977,unknown,12
T2_psychopath_socio,1978,unknown,11
T2_psychopath_socio,1979,unknown,3
T2_psychopath_socio,1980,unknown,4
T2_psychopath_socio,1981,unknown,4
T2_psychopath_socio,1982,unknown,3
T2_psychopath_socio,1983,unknown,7
T2_psychopath_socio,1984,unknown,8
T2_psychopath_socio,1985,unknown,4
T2_psychopath_socio,1986,unknown,8
T2_psychopath_socio,1987,unknown,4
T2_psychopath_socio,1988,unknown,3
T2_psychopath_socio,1989,unknown,10
T2_psychopath_socio,1990,unknown,2
T2_psychopath_socio,1991,unknown,3
T2_psychopath_socio,1992,unknown,7
T2_psychopath_socio,1993,unknown,4
T2_psychopath_socio,1994,unknown,5
T2_psychopath_socio,1995,unknown,2
T2_psychopath_socio,1996,unknown,6
T2_psychopath_socio,1997,unknown,2
T2_psychopath_socio,1998,unknown,4
T2_psychopath_socio,1999,unknown,1
T2_psychopath_socio,2000,unknown,7
T2_psychopath_socio,2001,unknown,7
T2_psychopath_socio,2002,unknown,7
T2_psychopath_socio,2003,unknown,7
T2_psychopath_socio,2004,unknown,5
T2_psychopath_socio,2005,unknown,10
T2_psychopath_socio,2006,unknown,12
T2_psychopath_socio,2007,unknown,9
T2_psychopath_socio,2008,unknown,19
T2_psychopath_socio,2009,unknown,15
T2_psychopath_socio,2010,unknown,17
T2_psychopath_socio,2011,unknown,26
T2_psychopath_socio,2012,unknown,22
T2_psychopath_socio,2013,unknown,24
T2_psychopath_socio,2014,unknown,22
T2_psychopath_socio,2015,unknown,15
T2_psychopath_socio,2016,unknown,24
T2_psychopath_socio,2017,unknown,22
T2_psychopath_socio,2018,unknown,35
T2_psychopath_socio,2019,unknown,29
T2_psychopath_socio,2020,unknown,20
T2_psychopath_socio,2021,unknown,20
T2_psychopath_socio,2022,unknown,11
T2_psychopath_socio,2023,unknown,21
T2_psychopath_socio,2024,unknown,14
T3_deaf_mute,1950,historical_deafness_clinical,4
T3_deaf_mute,1951,historical_deafness_clinical,2
T3_deaf_mute,1952,historical_deafness_clinical,3
T3_deaf_mute,1953,historical_deafness_clinical,9
T3_deaf_mute,1954,historical_deafness_clinical,4
T3_deaf_mute,1955,historical_deafness_clinical,2
T3_deaf_mute,1956,historical_deafness_clinical,7
T3_deaf_mute,1957,historical_deafness_clinical,2
T3_deaf_mute,1958,historical_deafness_clinical,2
T3_deaf_mute,1959,historical_deafness_clinical,3
T3_deaf_mute,1960,historical_deafness_clinical,3
T3_deaf_mute,1961,historical_deafness_clinical,3
T3_deaf_mute,1962,historical_deafness_clinical,1
T3_deaf_mute,1963,historical_deafness_clinical,1
T3_deaf_mute,1964,historical_deafness_clinical,3
T3_deaf_mute,1965,historical_deafness_clinical,1
T3_deaf_mute,1966,historical_deafness_clinical,4
T3_deaf_mute,1967,historical_deafness_clinical,4
T3_deaf_mute,1968,historical_deafness_clinical,3
T3_deaf_mute,1969,historical_deafness_clinical,3
T3_deaf_mute,1970,historical_deafness_clinical,0
T3_deaf_mute,1971,historical_deafness_clinical,1
T3_deaf_mute,1972,historical_deafness_clinical,3
T3_deaf_mute,1973,historical_deafness_clinical,2
T3_deaf_mute,1974,historical_deafness_clinical,1
T3_deaf_mute,1975,historical_deafness_clinical,5
T3_deaf_mute,1976,historical_deafness_clinical,3
T3_deaf_mute,1977,historical_deafness_clinical,4
T3_deaf_mute,1978,historical_deafness_clinical,1
T3_deaf_mute,1979,historical_deafness_clinical,4
T3_deaf_mute,1980,historical_deafness_clinical,4
T3_deaf_mute,1981,historical_deafness_clinical,2
T3_deaf_mute,1982,historical_deafness_clinical,4
T3_deaf_mute,1983,historical_deafness_clinical,2
T3_deaf_mute,1984,historical_deafness_clinical,3
T3_deaf_mute,1985,historical_deafness_clinical,2
T3_deaf_mute,1986,historical_deafness_clinical,1
T3_deaf_mute,1987,historical_deafness_clinical,2
T3_deaf_mute,1988,historical_deafness_clinical,1
T3_deaf_mute,1989,historical_deafness_clinical,4
T3_deaf_mute,1990,historical_deafness_clinical,2
T3_deaf_mute,1991,historical_deafness_clinical,1
T3_deaf_mute,1992,historical_deafness_clinical,2
T3_deaf_mute,1993,historical_deafness_clinical,6
T3_deaf_mute,1994,historical_deafness_clinical,2
T3_deaf_mute,1995,historical_deafness_clinical,6
T3_deaf_mute,1996,historical_deafness_clinical,3
T3_deaf_mute,1997,historical_deafness_clinical,3
T3_deaf_mute,1998,historical_deafness_clinical,2
T3_deaf_mute,1999,historical_deafness_clinical,1
T3_deaf_mute,2000,historical_deafness_clinical,3
T3_deaf_mute,2001,historical_deafness_clinical,2
T3_deaf_mute,2002,historical_deafness_clinical,3
T3_deaf_mute,2004,historical_deafness_clinical,4
T3_deaf_mute,2005,historical_deafness_clinical,2
T3_deaf_mute,2006,historical_deafness_clinical,4
T3_deaf_mute,2007,historical_deafness_clinical,7
T3_deaf_mute,2008,historical_deafness_clinical,2
T3_deaf_mute,2009,historical_deafness_clinical,3
T3_deaf_mute,2010,historical_deafness_clinical,4
T3_deaf_mute,2011,historical_deafness_clinical,3
T3_deaf_mute,2012,historical_deafness_clinical,4
T3_deaf_mute,2013,historical_deafness_clinical,3
T3_deaf_mute,2014,historical_deafness_clinical,2
T3_deaf_mute,2015,historical_deafness_clinical,2
T3_deaf_mute,2016,historical_deafness_clinical,6
T3_deaf_mute,2017,historical_deafness_clinical,5
T3_deaf_mute,2018,historical_deafness_clinical,6
T3_deaf_mute,2019,historical_deafness_clinical,2
T3_deaf_mute,2020,historical_deafness_clinical,6
T3_deaf_mute,2021,historical_deafness_clinical,4
T3_deaf_mute,2022,historical_deafness_clinical,8
T3_deaf_mute,2023,historical_deafness_clinical,8
T3_deaf_mute,2024,historical_deafness_clinical,2
T3_deaf_mute,2025,historical_deafness_clinical,1
T3_deaf_mute,1950,terminology_advocacy,0
T3_deaf_mute,1951,terminology_advocacy,0
T3_deaf_mute,1952,terminology_advocacy,0
T3_deaf_mute,1953,terminology_advocacy,0
T3_deaf_mute,1954,terminology_advocacy,0
T3_deaf_mute,1955,terminology_advocacy,0
T3_deaf_mute,1956,terminology_advocacy,0
T3_deaf_mute,1957,terminology_advocacy,0
T3_deaf_mute,1958,terminology_advocacy,0
T3_deaf_mute,1959,terminology_advocacy,0
T3_deaf_mute,1960,terminology_advocacy,0
T3_deaf_mute,1961,terminology_advocacy,0
T3_deaf_mute,1962,terminology_advocacy,0
T3_deaf_mute,1963,terminology_advocacy,0
T3_deaf_mute,1964,terminology_advocacy,0
T3_deaf_mute,1965,terminology_advocacy,0
T3_deaf_mute,1966,terminology_advocacy,0
T3_deaf_mute,1967,terminology_advocacy,0
T3_deaf_mute,1968,terminology_advocacy,0
T3_deaf_mute,1969,terminology_advocacy,0
T3_deaf_mute,1970,terminology_advocacy,0
T3_deaf_mute,1971,terminology_advocacy,0
T3_deaf_mute,1972,terminology_advocacy,0
T3_deaf_mute,1973,terminology_advocacy,0
T3_deaf_mute,1974,terminology_advocacy,0
T3_deaf_mute,1975,terminology_advocacy,0
T3_deaf_mute,1976,terminology_advocacy,0
T3_deaf_mute,1977,terminology_advocacy,0
T3_deaf_mute,1978,terminology_advocacy,0
T3_deaf_mute,1979,terminology_advocacy,0
T3_deaf_mute,1980,terminology_advocacy,0
T3_deaf_mute,1981,terminology_advocacy,0
T3_deaf_mute,1982,terminology_advocacy,0
T3_deaf_mute,1983,terminology_advocacy,0
T3_deaf_mute,1984,terminology_advocacy,0
T3_deaf_mute,1985,terminology_advocacy,0
T3_deaf_mute,1986,terminology_advocacy,0
T3_deaf_mute,1987,terminology_advocacy,0
T3_deaf_mute,1988,terminology_advocacy,0
T3_deaf_mute,1989,terminology_advocacy,0
T3_deaf_mute,1990,terminology_advocacy,0
T3_deaf_mute,1991,terminology_advocacy,0
T3_deaf_mute,1992,terminology_advocacy,0
T3_deaf_mute,1993,terminology_advocacy,0
T3_deaf_mute,1994,terminology_advocacy,0
T3_deaf_mute,1995,terminology_advocacy,0
T3_deaf_mute,1996,terminology_advocacy,0
T3_deaf_mute,1997,terminology_advocacy,0
T3_deaf_mute,1998,terminology_advocacy,0
T3_deaf_mute,1999,terminology_advocacy,0
T3_deaf_mute,2000,terminology_advocacy,0
T3_deaf_mute,2001,terminology_advocacy,0
T3_deaf_mute,2002,terminology_advocacy,0
T3_deaf_mute,2004,terminology_advocacy,0
T3_deaf_mute,2005,terminology_advocacy,0
T3_deaf_mute,2006,terminology_advocacy,0
T3_deaf_mute,2007,terminology_advocacy,0
T3_deaf_mute,2008,terminology_advocacy,0
T3_deaf_mute,2009,terminology_advocacy,0
T3_deaf_mute,2010,terminology_advocacy,0
T3_deaf_mute,2011,terminology_advocacy,0
T3_deaf_mute,2012,terminology_advocacy,0
T3_deaf_mute,2013,terminology_advocacy,1
T3_deaf_mute,2014,terminology_advocacy,0
T3_deaf_mute,2015,terminology_advocacy,0
T3_deaf_mute,2016,terminology_advocacy,0
T3_deaf_mute,2017,terminology_advocacy,0
T3_deaf_mute,2018,terminology_advocacy,0
T3_deaf_mute,2019,terminology_advocacy,0
T3_deaf_mute,2020,terminology_advocacy,0
T3_deaf_mute,2021,terminology_advocacy,0
T3_deaf_mute,2022,terminology_advocacy,0
T3_deaf_mute,2023,terminology_advocacy,0
T3_deaf_mute,2024,terminology_advocacy,0
T3_deaf_mute,2025,terminology_advocacy,0
T3_deaf_mute,1950,unknown,3
T3_deaf_mute,1951,unknown,5
T3_deaf_mute,1952,unknown,4
T3_deaf_mute,1953,unknown,5
T3_deaf_mute,1954,unknown,3
T3_deaf_mute,1955,unknown,3
T3_deaf_mute,1956,unknown,6
T3_deaf_mute,1957,unknown,3
T3_deaf_mute,1958,unknown,1
T3_deaf_mute,1959,unknown,1
T3_deaf_mute,1960,unknown,1
T3_deaf_mute,1961,unknown,0
T3_deaf_mute,1962,unknown,0
T3_deaf_mute,1963,unknown,3
T3_deaf_mute,1964,unknown,1
T3_deaf_mute,1965,unknown,4
T3_deaf_mute,1966,unknown,6
T3_deaf_mute,1967,unknown,2
T3_deaf_mute,1968,unknown,3
T3_deaf_mute,1969,unknown,5
T3_deaf_mute,1970,unknown,2
T3_deaf_mute,1971,unknown,1
T3_deaf_mute,1972,unknown,2
T3_deaf_mute,1973,unknown,1
T3_deaf_mute,1974,unknown,2
T3_deaf_mute,1975,unknown,0
T3_deaf_mute,1976,unknown,2
T3_deaf_mute,1977,unknown,0
T3_deaf_mute,1978,unknown,0
T3_deaf_mute,1979,unknown,0
T3_deaf_mute,1980,unknown,1
T3_deaf_mute,1981,unknown,3
T3_deaf_mute,1982,unknown,1
T3_deaf_mute,1983,unknown,0
T3_deaf_mute,1984,unknown,1
T3_deaf_mute,1985,unknown,0
T3_deaf_mute,1986,unknown,0
T3_deaf_mute,1987,unknown,0
T3_deaf_mute,1988,unknown,0
T3_deaf_mute,1989,unknown,0
T3_deaf_mute,1990,unknown,0
T3_deaf_mute,1991,unknown,0
T3_deaf_mute,1992,unknown,0
T3_deaf_mute,1993,unknown,1
T3_deaf_mute,1994,unknown,0
T3_deaf_mute,1995,unknown,0
T3_deaf_mute,1996,unknown,0
T3_deaf_mute,1997,unknown,2
T3_deaf_mute,1998,unknown,0
T3_deaf_mute,1999,unknown,1
T3_deaf_mute,2000,unknown,1
T3_deaf_mute,2001,unknown,0
T3_deaf_mute,2002,unknown,0
T3_deaf_mute,2004,unknown,1
T3_deaf_mute,2005,unknown,0
T3_deaf_mute,2006,unknown,3
T3_deaf_mute,2007,unknown,1
T3_deaf_mute,2008,unknown,0
T3_deaf_mute,2009,unknown,1
T3_deaf_mute,2010,unknown,0
T3_deaf_mute,2011,unknown,4
T3_deaf_mute,2012,unknown,2
T3_deaf_mute,2013,unknown,0
T3_deaf_mute,2014,unknown,0
T3_deaf_mute,2015,unknown,1
T3_deaf_mute,2016,unknown,0
T3_deaf_mute,2017,unknown,0
T3_deaf_mute,2018,unknown,0
T3_deaf_mute,2019,unknown,1
T3_deaf_mute,2020,unknown,1
T3_deaf_mute,2021,unknown,4
T3_deaf_mute,2022,unknown,1
T3_deaf_mute,2023,unknown,1
T3_deaf_mute,2024,unknown,0
T3_deaf_mute,2025,unknown,0
T3_siamese_twins,1950,clinical_conjoined_twins,0
T3_siamese_twins,1951,clinical_conjoined_twins,0
T3_siamese_twins,1952,clinical_conjoined_twins,0
T3_siamese_twins,1954,clinical_conjoined_twins,0
T3_siamese_twins,1956,clinical_conjoined_twins,0
T3_siamese_twins,1957,clinical_conjoined_twins,1
T3_siamese_twins,1958,clinical_conjoined_twins,1
T3_siamese_twins,1959,clinical_conjoined_twins,0
T3_siamese_twins,1960,clinical_conjoined_twins,0
T3_siamese_twins,1961,clinical_conjoined_twins,0
T3_siamese_twins,1962,clinical_conjoined_twins,0
T3_siamese_twins,1963,clinical_conjoined_twins,1
T3_siamese_twins,1964,clinical_conjoined_twins,0
T3_siamese_twins,1965,clinical_conjoined_twins,1
T3_siamese_twins,1966,clinical_conjoined_twins,1
T3_siamese_twins,1967,clinical_conjoined_twins,0
T3_siamese_twins,1969,clinical_conjoined_twins,3
T3_siamese_twins,1971,clinical_conjoined_twins,0
T3_siamese_twins,1972,clinical_conjoined_twins,0
T3_siamese_twins,1973,clinical_conjoined_twins,1
T3_siamese_twins,1974,clinical_conjoined_twins,1
T3_siamese_twins,1976,clinical_conjoined_twins,0
T3_siamese_twins,1977,clinical_conjoined_twins,2
T3_siamese_twins,1978,clinical_conjoined_twins,0
T3_siamese_twins,1979,clinical_conjoined_twins,2
T3_siamese_twins,1980,clinical_conjoined_twins,3
T3_siamese_twins,1981,clinical_conjoined_twins,0
T3_siamese_twins,1982,clinical_conjoined_twins,1
T3_siamese_twins,1983,clinical_conjoined_twins,0
T3_siamese_twins,1984,clinical_conjoined_twins,0
T3_siamese_twins,1985,clinical_conjoined_twins,1
T3_siamese_twins,1986,clinical_conjoined_twins,0
T3_siamese_twins,1987,clinical_conjoined_twins,0
T3_siamese_twins,1988,clinical_conjoined_twins,0
T3_siamese_twins,1989,clinical_conjoined_twins,4
T3_siamese_twins,1990,clinical_conjoined_twins,1
T3_siamese_twins,1991,clinical_conjoined_twins,2
T3_siamese_twins,1992,clinical_conjoined_twins,1
T3_siamese_twins,1993,clinical_conjoined_twins,1
T3_siamese_twins,1994,clinical_conjoined_twins,2
T3_siamese_twins,1995,clinical_conjoined_twins,2
T3_siamese_twins,1996,clinical_conjoined_twins,0
T3_siamese_twins,1997,clinical_conjoined_twins,0
T3_siamese_twins,1998,clinical_conjoined_twins,1
T3_siamese_twins,2000,clinical_conjoined_twins,0
T3_siamese_twins,2001,clinical_conjoined_twins,2
T3_siamese_twins,2002,clinical_conjoined_twins,0
T3_siamese_twins,2003,clinical_conjoined_twins,0
T3_siamese_twins,2004,clinical_conjoined_twins,3
T3_siamese_twins,2005,clinical_conjoined_twins,1
T3_siamese_twins,2006,clinical_conjoined_twins,0
T3_siamese_twins,2007,clinical_conjoined_twins,1
T3_siamese_twins,2008,clinical_conjoined_twins,1
T3_siamese_twins,2010,clinical_conjoined_twins,2
T3_siamese_twins,2011,clinical_conjoined_twins,0
T3_siamese_twins,2013,clinical_conjoined_twins,2
T3_siamese_twins,2014,clinical_conjoined_twins,3
T3_siamese_twins,2015,clinical_conjoined_twins,1
T3_siamese_twins,2016,clinical_conjoined_twins,0
T3_siamese_twins,2017,clinical_conjoined_twins,1
T3_siamese_twins,2018,clinical_conjoined_twins,1
T3_siamese_twins,2019,clinical_conjoined_twins,1
T3_siamese_twins,2020,clinical_conjoined_twins,0
T3_siamese_twins,2021,clinical_conjoined_twins,1
T3_siamese_twins,2022,clinical_conjoined_twins,1
T3_siamese_twins,2023,clinical_conjoined_twins,3
T3_siamese_twins,2024,clinical_conjoined_twins,2
T3_siamese_twins,1950,historical_chang_eng,0
T3_siamese_twins,1951,historical_chang_eng,0
T3_siamese_twins,1952,historical_chang_eng,0
T3_siamese_twins,1954,historical_chang_eng,0
T3_siamese_twins,1956,historical_chang_eng,0
T3_siamese_twins,1957,historical_chang_eng,0
T3_siamese_twins,1958,historical_chang_eng,0
T3_siamese_twins,1959,historical_chang_eng,0
T3_siamese_twins,1960,historical_chang_eng,0
T3_siamese_twins,1961,historical_chang_eng,0
T3_siamese_twins,1962,historical_chang_eng,0
T3_siamese_twins,1963,historical_chang_eng,0
T3_siamese_twins,1964,historical_chang_eng,0
T3_siamese_twins,1965,historical_chang_eng,0
T3_siamese_twins,1966,historical_chang_eng,0
T3_siamese_twins,1967,historical_chang_eng,1
T3_siamese_twins,1969,historical_chang_eng,0
T3_siamese_twins,1971,historical_chang_eng,0
T3_siamese_twins,1972,historical_chang_eng,0
T3_siamese_twins,1973,historical_chang_eng,0
T3_siamese_twins,1974,historical_chang_eng,0
T3_siamese_twins,1976,historical_chang_eng,0
T3_siamese_twins,1977,historical_chang_eng,0
T3_siamese_twins,1978,historical_chang_eng,0
T3_siamese_twins,1979,historical_chang_eng,0
T3_siamese_twins,1980,historical_chang_eng,0
T3_siamese_twins,1981,historical_chang_eng,0
T3_siamese_twins,1982,historical_chang_eng,0
T3_siamese_twins,1983,historical_chang_eng,0
T3_siamese_twins,1984,historical_chang_eng,0
T3_siamese_twins,1985,historical_chang_eng,0
T3_siamese_twins,1986,historical_chang_eng,0
T3_siamese_twins,1987,historical_chang_eng,0
T3_siamese_twins,1988,historical_chang_eng,0
T3_siamese_twins,1989,historical_chang_eng,0
T3_siamese_twins,1990,historical_chang_eng,0
T3_siamese_twins,1991,historical_chang_eng,0
T3_siamese_twins,1992,historical_chang_eng,0
T3_siamese_twins,1993,historical_chang_eng,0
T3_siamese_twins,1994,historical_chang_eng,0
T3_siamese_twins,1995,historical_chang_eng,0
T3_siamese_twins,1996,historical_chang_eng,0
T3_siamese_twins,1997,historical_chang_eng,0
T3_siamese_twins,1998,historical_chang_eng,0
T3_siamese_twins,2000,historical_chang_eng,0
T3_siamese_twins,2001,historical_chang_eng,0
T3_siamese_twins,2002,historical_chang_eng,0
T3_siamese_twins,2003,historical_chang_eng,1
T3_siamese_twins,2004,historical_chang_eng,0
T3_siamese_twins,2005,historical_chang_eng,0
T3_siamese_twins,2006,historical_chang_eng,0
T3_siamese_twins,2007,historical_chang_eng,0
T3_siamese_twins,2008,historical_chang_eng,0
T3_siamese_twins,2010,historical_chang_eng,0
T3_siamese_twins,2011,historical_chang_eng,1
T3_siamese_twins,2013,historical_chang_eng,1
T3_siamese_twins,2014,historical_chang_eng,0
T3_siamese_twins,2015,historical_chang_eng,0
T3_siamese_twins,2016,historical_chang_eng,0
T3_siamese_twins,2017,historical_chang_eng,0
T3_siamese_twins,2018,historical_chang_eng,0
T3_siamese_twins,2019,historical_chang_eng,0
T3_siamese_twins,2020,historical_chang_eng,0
T3_siamese_twins,2021,historical_chang_eng,0
T3_siamese_twins,2022,historical_chang_eng,0
T3_siamese_twins,2023,historical_chang_eng,0
T3_siamese_twins,2024,historical_chang_eng,0
T3_siamese_twins,1950,unknown,1
T3_siamese_twins,1951,unknown,1
T3_siamese_twins,1952,unknown,1
T3_siamese_twins,1954,unknown,1
T3_siamese_twins,1956,unknown,1
T3_siamese_twins,1957,unknown,1
T3_siamese_twins,1958,unknown,1
T3_siamese_twins,1959,unknown,2
T3_siamese_twins,1960,unknown,1
T3_siamese_twins,1961,unknown,1
T3_siamese_twins,1962,unknown,1
T3_siamese_twins,1963,unknown,2
T3_siamese_twins,1964,unknown,1
T3_siamese_twins,1965,unknown,2
T3_siamese_twins,1966,unknown,1
T3_siamese_twins,1967,unknown,3
T3_siamese_twins,1969,unknown,2
T3_siamese_twins,1971,unknown,1
T3_siamese_twins,1972,unknown,6
T3_siamese_twins,1973,unknown,0
T3_siamese_twins,1974,unknown,0
T3_siamese_twins,1976,unknown,2
T3_siamese_twins,1977,unknown,5
T3_siamese_twins,1978,unknown,3
T3_siamese_twins,1979,unknown,5
T3_siamese_twins,1980,unknown,5
T3_siamese_twins,1981,unknown,4
T3_siamese_twins,1982,unknown,3
T3_siamese_twins,1983,unknown,7
T3_siamese_twins,1984,unknown,1
T3_siamese_twins,1985,unknown,1
T3_siamese_twins,1986,unknown,2
T3_siamese_twins,1987,unknown,3
T3_siamese_twins,1988,unknown,1
T3_siamese_twins,1989,unknown,3
T3_siamese_twins,1990,unknown,1
T3_siamese_twins,1991,unknown,4
T3_siamese_twins,1992,unknown,2
T3_siamese_twins,1993,unknown,3
T3_siamese_twins,1994,unknown,1
T3_siamese_twins,1995,unknown,0
T3_siamese_twins,1996,unknown,1
T3_siamese_twins,1997,unknown,2
T3_siamese_twins,1998,unknown,1
T3_siamese_twins,2000,unknown,6
T3_siamese_twins,2001,unknown,4
T3_siamese_twins,2002,unknown,8
T3_siamese_twins,2003,unknown,2
T3_siamese_twins,2004,unknown,1
T3_siamese_twins,2005,unknown,2
T3_siamese_twins,2006,unknown,3
T3_siamese_twins,2007,unknown,1
T3_siamese_twins,2008,unknown,2
T3_siamese_twins,2010,unknown,1
T3_siamese_twins,2011,unknown,1
T3_siamese_twins,2013,unknown,1
T3_siamese_twins,2014,unknown,1
T3_siamese_twins,2015,unknown,2
T3_siamese_twins,2016,unknown,4
T3_siamese_twins,2017,unknown,2
T3_siamese_twins,2018,unknown,1
T3_siamese_twins,2019,unknown,3
T3_siamese_twins,2020,unknown,3
T3_siamese_twins,2021,unknown,0
T3_siamese_twins,2022,unknown,3
T3_siamese_twins,2023,unknown,3
T3_siamese_twins,2024,unknown,2
T3_bushman,1952,colonial_historical_anthropology,0
T3_bushman,1953,colonial_historical_anthropology,0
T3_bushman,1955,colonial_historical_anthropology,0
T3_bushman,1956,colonial_historical_anthropology,0
T3_bushman,1957,colonial_historical_anthropology,0
T3_bushman,1958,colonial_historical_anthropology,0
T3_bushman,1959,colonial_historical_anthropology,0
T3_bushman,1960,colonial_historical_anthropology,0
T3_bushman,1962,colonial_historical_anthropology,0
T3_bushman,1963,colonial_historical_anthropology,0
T3_bushman,1964,colonial_historical_anthropology,0
T3_bushman,1965,colonial_historical_anthropology,0
T3_bushman,1966,colonial_historical_anthropology,0
T3_bushman,1967,colonial_historical_anthropology,0
T3_bushman,1968,colonial_historical_anthropology,0
T3_bushman,1969,colonial_historical_anthropology,0
T3_bushman,1970,colonial_historical_anthropology,1
T3_bushman,1971,colonial_historical_anthropology,0
T3_bushman,1972,colonial_historical_anthropology,0
T3_bushman,1973,colonial_historical_anthropology,0
T3_bushman,1974,colonial_historical_anthropology,0
T3_bushman,1975,colonial_historical_anthropology,1
T3_bushman,1976,colonial_historical_anthropology,0
T3_bushman,1977,colonial_historical_anthropology,0
T3_bushman,1978,colonial_historical_anthropology,0
T3_bushman,1979,colonial_historical_anthropology,0
T3_bushman,1981,colonial_historical_anthropology,1
T3_bushman,1982,colonial_historical_anthropology,0
T3_bushman,1983,colonial_historical_anthropology,0
T3_bushman,1984,colonial_historical_anthropology,0
T3_bushman,1985,colonial_historical_anthropology,0
T3_bushman,1986,colonial_historical_anthropology,0
T3_bushman,1987,colonial_historical_anthropology,0
T3_bushman,1988,colonial_historical_anthropology,0
T3_bushman,1989,colonial_historical_anthropology,0
T3_bushman,1990,colonial_historical_anthropology,0
T3_bushman,1991,colonial_historical_anthropology,0
T3_bushman,1992,colonial_historical_anthropology,0
T3_bushman,1993,colonial_historical_anthropology,0
T3_bushman,1994,colonial_historical_anthropology,0
T3_bushman,1995,colonial_historical_anthropology,0
T3_bushman,1996,colonial_historical_anthropology,0
T3_bushman,1997,colonial_historical_anthropology,0
T3_bushman,1998,colonial_historical_anthropology,0
T3_bushman,1999,colonial_historical_anthropology,0
T3_bushman,2000,colonial_historical_anthropology,0
T3_bushman,2001,colonial_historical_anthropology,0
T3_bushman,2003,colonial_historical_anthropology,0
T3_bushman,2004,colonial_historical_anthropology,0
T3_bushman,2005,colonial_historical_anthropology,0
T3_bushman,2006,colonial_historical_anthropology,0
T3_bushman,2007,colonial_historical_anthropology,0
T3_bushman,2008,colonial_historical_anthropology,1
T3_bushman,2009,colonial_historical_anthropology,0
T3_bushman,2010,colonial_historical_anthropology,0
T3_bushman,2011,colonial_historical_anthropology,0
T3_bushman,2012,colonial_historical_anthropology,0
T3_bushman,2013,colonial_historical_anthropology,0
T3_bushman,2014,colonial_historical_anthropology,0
T3_bushman,2016,colonial_historical_anthropology,0
T3_bushman,2017,colonial_historical_anthropology,0
T3_bushman,2018,colonial_historical_anthropology,0
T3_bushman,2019,colonial_historical_anthropology,0
T3_bushman,2020,colonial_historical_anthropology,0
T3_bushman,2021,colonial_historical_anthropology,0
T3_bushman,2022,colonial_historical_anthropology,0
T3_bushman,2023,colonial_historical_anthropology,0
T3_bushman,2024,colonial_historical_anthropology,0
T3_bushman,1952,khoisan_san_modern_anthropology,0
T3_bushman,1953,khoisan_san_modern_anthropology,0
T3_bushman,1955,khoisan_san_modern_anthropology,0
T3_bushman,1956,khoisan_san_modern_anthropology,0
T3_bushman,1957,khoisan_san_modern_anthropology,0
T3_bushman,1958,khoisan_san_modern_anthropology,0
T3_bushman,1959,khoisan_san_modern_anthropology,0
T3_bushman,1960,khoisan_san_modern_anthropology,0
T3_bushman,1962,khoisan_san_modern_anthropology,0
T3_bushman,1963,khoisan_san_modern_anthropology,0
T3_bushman,1964,khoisan_san_modern_anthropology,0
T3_bushman,1965,khoisan_san_modern_anthropology,0
T3_bushman,1966,khoisan_san_modern_anthropology,0
T3_bushman,1967,khoisan_san_modern_anthropology,0
T3_bushman,1968,khoisan_san_modern_anthropology,0
T3_bushman,1969,khoisan_san_modern_anthropology,0
T3_bushman,1970,khoisan_san_modern_anthropology,0
T3_bushman,1971,khoisan_san_modern_anthropology,0
T3_bushman,1972,khoisan_san_modern_anthropology,0
T3_bushman,1973,khoisan_san_modern_anthropology,0
T3_bushman,1974,khoisan_san_modern_anthropology,1
T3_bushman,1975,khoisan_san_modern_anthropology,2
T3_bushman,1976,khoisan_san_modern_anthropology,0
T3_bushman,1977,khoisan_san_modern_anthropology,2
T3_bushman,1978,khoisan_san_modern_anthropology,0
T3_bushman,1979,khoisan_san_modern_anthropology,1
T3_bushman,1981,khoisan_san_modern_anthropology,0
T3_bushman,1982,khoisan_san_modern_anthropology,1
T3_bushman,1983,khoisan_san_modern_anthropology,0
T3_bushman,1984,khoisan_san_modern_anthropology,0
T3_bushman,1985,khoisan_san_modern_anthropology,0
T3_bushman,1986,khoisan_san_modern_anthropology,1
T3_bushman,1987,khoisan_san_modern_anthropology,0
T3_bushman,1988,khoisan_san_modern_anthropology,0
T3_bushman,1989,khoisan_san_modern_anthropology,1
T3_bushman,1990,khoisan_san_modern_anthropology,0
T3_bushman,1991,khoisan_san_modern_anthropology,0
T3_bushman,1992,khoisan_san_modern_anthropology,1
T3_bushman,1993,khoisan_san_modern_anthropology,0
T3_bushman,1994,khoisan_san_modern_anthropology,0
T3_bushman,1995,khoisan_san_modern_anthropology,0
T3_bushman,1996,khoisan_san_modern_anthropology,0
T3_bushman,1997,khoisan_san_modern_anthropology,0
T3_bushman,1998,khoisan_san_modern_anthropology,0
T3_bushman,1999,khoisan_san_modern_anthropology,1
T3_bushman,2000,khoisan_san_modern_anthropology,0
T3_bushman,2001,khoisan_san_modern_anthropology,0
T3_bushman,2003,khoisan_san_modern_anthropology,1
T3_bushman,2004,khoisan_san_modern_anthropology,0
T3_bushman,2005,khoisan_san_modern_anthropology,1
T3_bushman,2006,khoisan_san_modern_anthropology,0
T3_bushman,2007,khoisan_san_modern_anthropology,0
T3_bushman,2008,khoisan_san_modern_anthropology,0
T3_bushman,2009,khoisan_san_modern_anthropology,0
T3_bushman,2010,khoisan_san_modern_anthropology,2
T3_bushman,2011,khoisan_san_modern_anthropology,0
T3_bushman,2012,khoisan_san_modern_anthropology,1
T3_bushman,2013,khoisan_san_modern_anthropology,0
T3_bushman,2014,khoisan_san_modern_anthropology,1
T3_bushman,2016,khoisan_san_modern_anthropology,1
T3_bushman,2017,khoisan_san_modern_anthropology,0
T3_bushman,2018,khoisan_san_modern_anthropology,0
T3_bushman,2019,khoisan_san_modern_anthropology,0
T3_bushman,2020,khoisan_san_modern_anthropology,0
T3_bushman,2021,khoisan_san_modern_anthropology,1
T3_bushman,2022,khoisan_san_modern_anthropology,1
T3_bushman,2023,khoisan_san_modern_anthropology,1
T3_bushman,2024,khoisan_san_modern_anthropology,0
T3_bushman,1952,population_genetics_studies,0
T3_bushman,1953,population_genetics_studies,0
T3_bushman,1955,population_genetics_studies,0
T3_bushman,1956,population_genetics_studies,0
T3_bushman,1957,population_genetics_studies,0
T3_bushman,1958,population_genetics_studies,0
T3_bushman,1959,population_genetics_studies,0
T3_bushman,1960,population_genetics_studies,0
T3_bushman,1962,population_genetics_studies,0
T3_bushman,1963,population_genetics_studies,0
T3_bushman,1964,population_genetics_studies,0
T3_bushman,1965,population_genetics_studies,0
T3_bushman,1966,population_genetics_studies,0
T3_bushman,1967,population_genetics_studies,0
T3_bushman,1968,population_genetics_studies,0
T3_bushman,1969,population_genetics_studies,0
T3_bushman,1970,population_genetics_studies,0
T3_bushman,1971,population_genetics_studies,0
T3_bushman,1972,population_genetics_studies,0
T3_bushman,1973,population_genetics_studies,0
T3_bushman,1974,population_genetics_studies,0
T3_bushman,1975,population_genetics_studies,0
T3_bushman,1976,population_genetics_studies,1
T3_bushman,1977,population_genetics_studies,0
T3_bushman,1978,population_genetics_studies,0
T3_bushman,1979,population_genetics_studies,1
T3_bushman,1981,population_genetics_studies,0
T3_bushman,1982,population_genetics_studies,0
T3_bushman,1983,population_genetics_studies,0
T3_bushman,1984,population_genetics_studies,0
T3_bushman,1985,population_genetics_studies,0
T3_bushman,1986,population_genetics_studies,0
T3_bushman,1987,population_genetics_studies,0
T3_bushman,1988,population_genetics_studies,0
T3_bushman,1989,population_genetics_studies,0
T3_bushman,1990,population_genetics_studies,0
T3_bushman,1991,population_genetics_studies,0
T3_bushman,1992,population_genetics_studies,0
T3_bushman,1993,population_genetics_studies,0
T3_bushman,1994,population_genetics_studies,0
T3_bushman,1995,population_genetics_studies,0
T3_bushman,1996,population_genetics_studies,0
T3_bushman,1997,population_genetics_studies,0
T3_bushman,1998,population_genetics_studies,0
T3_bushman,1999,population_genetics_studies,0
T3_bushman,2000,population_genetics_studies,0
T3_bushman,2001,population_genetics_studies,0
T3_bushman,2003,population_genetics_studies,0
T3_bushman,2004,population_genetics_studies,0
T3_bushman,2005,population_genetics_studies,1
T3_bushman,2006,population_genetics_studies,0
T3_bushman,2007,population_genetics_studies,0
T3_bushman,2008,population_genetics_studies,0
T3_bushman,2009,population_genetics_studies,0
T3_bushman,2010,population_genetics_studies,0
T3_bushman,2011,population_genetics_studies,0
T3_bushman,2012,population_genetics_studies,0
T3_bushman,2013,population_genetics_studies,0
T3_bushman,2014,population_genetics_studies,0
T3_bushman,2016,population_genetics_studies,0
T3_bushman,2017,population_genetics_studies,1
T3_bushman,2018,population_genetics_studies,0
T3_bushman,2019,population_genetics_studies,0
T3_bushman,2020,population_genetics_studies,0
T3_bushman,2021,population_genetics_studies,0
T3_bushman,2022,population_genetics_studies,0
T3_bushman,2023,population_genetics_studies,1
T3_bushman,2024,population_genetics_studies,0
T3_bushman,1952,unknown,1
T3_bushman,1953,unknown,2
T3_bushman,1955,unknown,1
T3_bushman,1956,unknown,2
T3_bushman,1957,unknown,2
T3_bushman,1958,unknown,1
T3_bushman,1959,unknown,3
T3_bushman,1960,unknown,2
T3_bushman,1962,unknown,1
T3_bushman,1963,unknown,1
T3_bushman,1964,unknown,2
T3_bushman,1965,unknown,2
T3_bushman,1966,unknown,3
T3_bushman,1967,unknown,5
T3_bushman,1968,unknown,7
T3_bushman,1969,unknown,2
T3_bushman,1970,unknown,3
T3_bushman,1971,unknown,2
T3_bushman,1972,unknown,4
T3_bushman,1973,unknown,2
T3_bushman,1974,unknown,1
T3_bushman,1975,unknown,1
T3_bushman,1976,unknown,2
T3_bushman,1977,unknown,4
T3_bushman,1978,unknown,4
T3_bushman,1979,unknown,3
T3_bushman,1981,unknown,3
T3_bushman,1982,unknown,3
T3_bushman,1983,unknown,4
T3_bushman,1984,unknown,3
T3_bushman,1985,unknown,3
T3_bushman,1986,unknown,10
T3_bushman,1987,unknown,2
T3_bushman,1988,unknown,6
T3_bushman,1989,unknown,7
T3_bushman,1990,unknown,6
T3_bushman,1991,unknown,2
T3_bushman,1992,unknown,5
T3_bushman,1993,unknown,7
T3_bushman,1994,unknown,3
T3_bushman,1995,unknown,6
T3_bushman,1996,unknown,5
T3_bushman,1997,unknown,4
T3_bushman,1998,unknown,3
T3_bushman,1999,unknown,2
T3_bushman,2000,unknown,4
T3_bushman,2001,unknown,1
T3_bushman,2003,unknown,2
T3_bushman,2004,unknown,3
T3_bushman,2005,unknown,3
T3_bushman,2006,unknown,2
T3_bushman,2007,unknown,1
T3_bushman,2008,unknown,4
T3_bushman,2009,unknown,2
T3_bushman,2010,unknown,4
T3_bushman,2011,unknown,1
T3_bushman,2012,unknown,5
T3_bushman,2013,unknown,3
T3_bushman,2014,unknown,5
T3_bushman,2016,unknown,4
T3_bushman,2017,unknown,8
T3_bushman,2018,unknown,2
T3_bushman,2019,unknown,1
T3_bushman,2020,unknown,7
T3_bushman,2021,unknown,3
T3_bushman,2022,unknown,0
T3_bushman,2023,unknown,2
T3_bushman,2024,unknown,2
T3_hunchback,1954,clinical_kyphosis,0
T3_hunchback,1955,clinical_kyphosis,0
T3_hunchback,1958,clinical_kyphosis,0
T3_hunchback,1961,clinical_kyphosis,0
T3_hunchback,1970,clinical_kyphosis,0
T3_hunchback,1974,clinical_kyphosis,0
T3_hunchback,1976,clinical_kyphosis,0
T3_hunchback,1986,clinical_kyphosis,0
T3_hunchback,1987,clinical_kyphosis,0
T3_hunchback,1988,clinical_kyphosis,0
T3_hunchback,1989,clinical_kyphosis,0
T3_hunchback,1990,clinical_kyphosis,0
T3_hunchback,1991,clinical_kyphosis,1
T3_hunchback,1992,clinical_kyphosis,0
T3_hunchback,1993,clinical_kyphosis,0
T3_hunchback,1994,clinical_kyphosis,0
T3_hunchback,1995,clinical_kyphosis,0
T3_hunchback,1996,clinical_kyphosis,1
T3_hunchback,1997,clinical_kyphosis,1
T3_hunchback,1998,clinical_kyphosis,1
T3_hunchback,1999,clinical_kyphosis,0
T3_hunchback,2000,clinical_kyphosis,1
T3_hunchback,2001,clinical_kyphosis,0
T3_hunchback,2002,clinical_kyphosis,0
T3_hunchback,2003,clinical_kyphosis,0
T3_hunchback,2004,clinical_kyphosis,0
T3_hunchback,2005,clinical_kyphosis,0
T3_hunchback,2006,clinical_kyphosis,0
T3_hunchback,2007,clinical_kyphosis,0
T3_hunchback,2008,clinical_kyphosis,0
T3_hunchback,2009,clinical_kyphosis,0
T3_hunchback,2010,clinical_kyphosis,0
T3_hunchback,2011,clinical_kyphosis,0
T3_hunchback,2012,clinical_kyphosis,0
T3_hunchback,2013,clinical_kyphosis,0
T3_hunchback,2014,clinical_kyphosis,0
T3_hunchback,2015,clinical_kyphosis,0
T3_hunchback,2016,clinical_kyphosis,0
T3_hunchback,2017,clinical_kyphosis,1
T3_hunchback,2018,clinical_kyphosis,0
T3_hunchback,2019,clinical_kyphosis,0
T3_hunchback,2020,clinical_kyphosis,1
T3_hunchback,2021,clinical_kyphosis,0
T3_hunchback,2022,clinical_kyphosis,1
T3_hunchback,2023,clinical_kyphosis,1
T3_hunchback,2024,clinical_kyphosis,2
T3_hunchback,1954,drosophila_hunchback_gene,0
T3_hunchback,1955,drosophila_hunchback_gene,0
T3_hunchback,1958,drosophila_hunchback_gene,0
T3_hunchback,1961,drosophila_hunchback_gene,0
T3_hunchback,1970,drosophila_hunchback_gene,0
T3_hunchback,1974,drosophila_hunchback_gene,0
T3_hunchback,1976,drosophila_hunchback_gene,0
T3_hunchback,1986,drosophila_hunchback_gene,1
T3_hunchback,1987,drosophila_hunchback_gene,3
T3_hunchback,1988,drosophila_hunchback_gene,6
T3_hunchback,1989,drosophila_hunchback_gene,13
T3_hunchback,1990,drosophila_hunchback_gene,8
T3_hunchback,1991,drosophila_hunchback_gene,16
T3_hunchback,1992,drosophila_hunchback_gene,7
T3_hunchback,1993,drosophila_hunchback_gene,5
T3_hunchback,1994,drosophila_hunchback_gene,12
T3_hunchback,1995,drosophila_hunchback_gene,15
T3_hunchback,1996,drosophila_hunchback_gene,7
T3_hunchback,1997,drosophila_hunchback_gene,5
T3_hunchback,1998,drosophila_hunchback_gene,9
T3_hunchback,1999,drosophila_hunchback_gene,10
T3_hunchback,2000,drosophila_hunchback_gene,10
T3_hunchback,2001,drosophila_hunchback_gene,11
T3_hunchback,2002,drosophila_hunchback_gene,9
T3_hunchback,2003,drosophila_hunchback_gene,16
T3_hunchback,2004,drosophila_hunchback_gene,8
T3_hunchback,2005,drosophila_hunchback_gene,19
T3_hunchback,2006,drosophila_hunchback_gene,16
T3_hunchback,2007,drosophila_hunchback_gene,6
T3_hunchback,2008,drosophila_hunchback_gene,17
T3_hunchback,2009,drosophila_hunchback_gene,7
T3_hunchback,2010,drosophila_hunchback_gene,14
T3_hunchback,2011,drosophila_hunchback_gene,15
T3_hunchback,2012,drosophila_hunchback_gene,8
T3_hunchback,2013,drosophila_hunchback_gene,10
T3_hunchback,2014,drosophila_hunchback_gene,7
T3_hunchback,2015,drosophila_hunchback_gene,15
T3_hunchback,2016,drosophila_hunchback_gene,5
T3_hunchback,2017,drosophila_hunchback_gene,6
T3_hunchback,2018,drosophila_hunchback_gene,10
T3_hunchback,2019,drosophila_hunchback_gene,8
T3_hunchback,2020,drosophila_hunchback_gene,6
T3_hunchback,2021,drosophila_hunchback_gene,6
T3_hunchback,2022,drosophila_hunchback_gene,9
T3_hunchback,2023,drosophila_hunchback_gene,4
T3_hunchback,2024,drosophila_hunchback_gene,6
T3_hunchback,1954,historical_literary_quasimodo,0
T3_hunchback,1955,historical_literary_quasimodo,0
T3_hunchback,1958,historical_literary_quasimodo,0
T3_hunchback,1961,historical_literary_quasimodo,0
T3_hunchback,1970,historical_literary_quasimodo,0
T3_hunchback,1974,historical_literary_quasimodo,0
T3_hunchback,1976,historical_literary_quasimodo,0
T3_hunchback,1986,historical_literary_quasimodo,0
T3_hunchback,1987,historical_literary_quasimodo,0
T3_hunchback,1988,historical_literary_quasimodo,0
T3_hunchback,1989,historical_literary_quasimodo,0
T3_hunchback,1990,historical_literary_quasimodo,0
T3_hunchback,1991,historical_literary_quasimodo,0
T3_hunchback,1992,historical_literary_quasimodo,0
T3_hunchback,1993,historical_literary_quasimodo,0
T3_hunchback,1994,historical_literary_quasimodo,0
T3_hunchback,1995,historical_literary_quasimodo,0
T3_hunchback,1996,historical_literary_quasimodo,0
T3_hunchback,1997,historical_literary_quasimodo,0
T3_hunchback,1998,historical_literary_quasimodo,0
T3_hunchback,1999,historical_literary_quasimodo,1
T3_hunchback,2000,historical_literary_quasimodo,0
T3_hunchback,2001,historical_literary_quasimodo,0
T3_hunchback,2002,historical_literary_quasimodo,0
T3_hunchback,2003,historical_literary_quasimodo,0
T3_hunchback,2004,historical_literary_quasimodo,0
T3_hunchback,2005,historical_literary_quasimodo,0
T3_hunchback,2006,historical_literary_quasimodo,0
T3_hunchback,2007,historical_literary_quasimodo,0
T3_hunchback,2008,historical_literary_quasimodo,0
T3_hunchback,2009,historical_literary_quasimodo,0
T3_hunchback,2010,historical_literary_quasimodo,0
T3_hunchback,2011,historical_literary_quasimodo,0
T3_hunchback,2012,historical_literary_quasimodo,1
T3_hunchback,2013,historical_literary_quasimodo,2
T3_hunchback,2014,historical_literary_quasimodo,1
T3_hunchback,2015,historical_literary_quasimodo,0
T3_hunchback,2016,historical_literary_quasimodo,0
T3_hunchback,2017,historical_literary_quasimodo,0
T3_hunchback,2018,historical_literary_quasimodo,2
T3_hunchback,2019,historical_literary_quasimodo,1
T3_hunchback,2020,historical_literary_quasimodo,1
T3_hunchback,2021,historical_literary_quasimodo,1
T3_hunchback,2022,historical_literary_quasimodo,0
T3_hunchback,2023,historical_literary_quasimodo,0
T3_hunchback,2024,historical_literary_quasimodo,0
T3_hunchback,1954,unknown,1
T3_hunchback,1955,unknown,1
T3_hunchback,1958,unknown,1
T3_hunchback,1961,unknown,1
T3_hunchback,1970,unknown,2
T3_hunchback,1974,unknown,1
T3_hunchback,1976,unknown,1
T3_hunchback,1986,unknown,0
T3_hunchback,1987,unknown,0
T3_hunchback,1988,unknown,1
T3_hunchback,1989,unknown,0
T3_hunchback,1990,unknown,0
T3_hunchback,1991,unknown,2
T3_hunchback,1992,unknown,0
T3_hunchback,1993,unknown,0
T3_hunchback,1994,unknown,1
T3_hunchback,1995,unknown,0
T3_hunchback,1996,unknown,1
T3_hunchback,1997,unknown,0
T3_hunchback,1998,unknown,0
T3_hunchback,1999,unknown,0
T3_hunchback,2000,unknown,0
T3_hunchback,2001,unknown,1
T3_hunchback,2002,unknown,2
T3_hunchback,2003,unknown,1
T3_hunchback,2004,unknown,0
T3_hunchback,2005,unknown,1
T3_hunchback,2006,unknown,4
T3_hunchback,2007,unknown,2
T3_hunchback,2008,unknown,3
T3_hunchback,2009,unknown,1
T3_hunchback,2010,unknown,2
T3_hunchback,2011,unknown,2
T3_hunchback,2012,unknown,3
T3_hunchback,2013,unknown,3
T3_hunchback,2014,unknown,1
T3_hunchback,2015,unknown,6
T3_hunchback,2016,unknown,4
T3_hunchback,2017,unknown,5
T3_hunchback,2018,unknown,3
T3_hunchback,2019,unknown,6
T3_hunchback,2020,unknown,5
T3_hunchback,2021,unknown,2
T3_hunchback,2022,unknown,3
T3_hunchback,2023,unknown,4
T3_hunchback,2024,unknown,5
T3_hunchback,1954,vertebrate_zebrafish_hunchback,0
T3_hunchback,1955,vertebrate_zebrafish_hunchback,0
T3_hunchback,1958,vertebrate_zebrafish_hunchback,0
T3_hunchback,1961,vertebrate_zebrafish_hunchback,0
T3_hunchback,1970,vertebrate_zebrafish_hunchback,0
T3_hunchback,1974,vertebrate_zebrafish_hunchback,0
T3_hunchback,1976,vertebrate_zebrafish_hunchback,0
T3_hunchback,1986,vertebrate_zebrafish_hunchback,0
T3_hunchback,1987,vertebrate_zebrafish_hunchback,0
T3_hunchback,1988,vertebrate_zebrafish_hunchback,0
T3_hunchback,1989,vertebrate_zebrafish_hunchback,0
T3_hunchback,1990,vertebrate_zebrafish_hunchback,0
T3_hunchback,1991,vertebrate_zebrafish_hunchback,0
T3_hunchback,1992,vertebrate_zebrafish_hunchback,0
T3_hunchback,1993,vertebrate_zebrafish_hunchback,0
T3_hunchback,1994,vertebrate_zebrafish_hunchback,0
T3_hunchback,1995,vertebrate_zebrafish_hunchback,0
T3_hunchback,1996,vertebrate_zebrafish_hunchback,0
T3_hunchback,1997,vertebrate_zebrafish_hunchback,0
T3_hunchback,1998,vertebrate_zebrafish_hunchback,0
T3_hunchback,1999,vertebrate_zebrafish_hunchback,0
T3_hunchback,2000,vertebrate_zebrafish_hunchback,0
T3_hunchback,2001,vertebrate_zebrafish_hunchback,0
T3_hunchback,2002,vertebrate_zebrafish_hunchback,0
T3_hunchback,2003,vertebrate_zebrafish_hunchback,1
T3_hunchback,2004,vertebrate_zebrafish_hunchback,0
T3_hunchback,2005,vertebrate_zebrafish_hunchback,1
T3_hunchback,2006,vertebrate_zebrafish_hunchback,0
T3_hunchback,2007,vertebrate_zebrafish_hunchback,0
T3_hunchback,2008,vertebrate_zebrafish_hunchback,0
T3_hunchback,2009,vertebrate_zebrafish_hunchback,4
T3_hunchback,2010,vertebrate_zebrafish_hunchback,1
T3_hunchback,2011,vertebrate_zebrafish_hunchback,0
T3_hunchback,2012,vertebrate_zebrafish_hunchback,1
T3_hunchback,2013,vertebrate_zebrafish_hunchback,1
T3_hunchback,2014,vertebrate_zebrafish_hunchback,0
T3_hunchback,2015,vertebrate_zebrafish_hunchback,0
T3_hunchback,2016,vertebrate_zebrafish_hunchback,0
T3_hunchback,2017,vertebrate_zebrafish_hunchback,0
T3_hunchback,2018,vertebrate_zebrafish_hunchback,0
T3_hunchback,2019,vertebrate_zebrafish_hunchback,2
T3_hunchback,2020,vertebrate_zebrafish_hunchback,0
T3_hunchback,2021,vertebrate_zebrafish_hunchback,0
T3_hunchback,2022,vertebrate_zebrafish_hunchback,0
T3_hunchback,2023,vertebrate_zebrafish_hunchback,0
T3_hunchback,2024,vertebrate_zebrafish_hunchback,0
T3_oriental_disease,1950,historical_clinical_compound,1
T3_oriental_disease,1951,historical_clinical_compound,1
T3_oriental_disease,1952,historical_clinical_compound,1
T3_oriental_disease,1953,historical_clinical_compound,1
T3_oriental_disease,1955,historical_clinical_compound,2
T3_oriental_disease,1956,historical_clinical_compound,2
T3_oriental_disease,1958,historical_clinical_compound,1
T3_oriental_disease,1960,historical_clinical_compound,1
T3_oriental_disease,1964,historical_clinical_compound,1
T3_oriental_disease,1965,historical_clinical_compound,1
T3_oriental_disease,1966,historical_clinical_compound,4
T3_oriental_disease,1967,historical_clinical_compound,1
T3_oriental_disease,1968,historical_clinical_compound,1
T3_oriental_disease,1969,historical_clinical_compound,1
T3_oriental_disease,1970,historical_clinical_compound,1
T3_oriental_disease,1971,historical_clinical_compound,2
T3_oriental_disease,1975,historical_clinical_compound,4
T3_oriental_disease,1976,historical_clinical_compound,1
T3_oriental_disease,1977,historical_clinical_compound,2
T3_oriental_disease,1978,historical_clinical_compound,3
T3_oriental_disease,1979,historical_clinical_compound,2
T3_oriental_disease,1980,historical_clinical_compound,6
T3_oriental_disease,1981,historical_clinical_compound,2
T3_oriental_disease,1982,historical_clinical_compound,1
T3_oriental_disease,1983,historical_clinical_compound,2
T3_oriental_disease,1984,historical_clinical_compound,2
T3_oriental_disease,1985,historical_clinical_compound,4
T3_oriental_disease,1986,historical_clinical_compound,2
T3_oriental_disease,1987,historical_clinical_compound,3
T3_oriental_disease,1990,historical_clinical_compound,1
T3_oriental_disease,1991,historical_clinical_compound,3
T3_oriental_disease,1992,historical_clinical_compound,1
T3_oriental_disease,1994,historical_clinical_compound,4
T3_oriental_disease,1995,historical_clinical_compound,1
T3_oriental_disease,1996,historical_clinical_compound,2
T3_oriental_disease,1997,historical_clinical_compound,1
T3_oriental_disease,1998,historical_clinical_compound,1
T3_oriental_disease,2000,historical_clinical_compound,1
T3_oriental_disease,2001,historical_clinical_compound,1
T3_oriental_disease,2002,historical_clinical_compound,1
T3_oriental_disease,2004,historical_clinical_compound,1
T3_oriental_disease,2005,historical_clinical_compound,1
T3_oriental_disease,2006,historical_clinical_compound,1
T3_oriental_disease,2008,historical_clinical_compound,1
T3_oriental_disease,2011,historical_clinical_compound,3
T3_oriental_disease,2012,historical_clinical_compound,2
T3_oriental_disease,2013,historical_clinical_compound,2
T3_oriental_disease,2014,historical_clinical_compound,2
T3_oriental_disease,2016,historical_clinical_compound,1
T3_oriental_disease,2017,historical_clinical_compound,1
T3_oriental_disease,2020,historical_clinical_compound,1
T3_oriental_disease,2022,historical_clinical_compound,1
T3_oriental_disease,2023,historical_clinical_compound,1
T3_oriental_disease,2024,historical_clinical_compound,2
T3_oriental_disease,1950,unknown,0
T3_oriental_disease,1951,unknown,0
T3_oriental_disease,1952,unknown,0
T3_oriental_disease,1953,unknown,0
T3_oriental_disease,1955,unknown,0
T3_oriental_disease,1956,unknown,0
T3_oriental_disease,1958,unknown,0
T3_oriental_disease,1960,unknown,0
T3_oriental_disease,1964,unknown,0
T3_oriental_disease,1965,unknown,0
T3_oriental_disease,1966,unknown,0
T3_oriental_disease,1967,unknown,0
T3_oriental_disease,1968,unknown,0
T3_oriental_disease,1969,unknown,0
T3_oriental_disease,1970,unknown,0
T3_oriental_disease,1971,unknown,0
T3_oriental_disease,1975,unknown,0
T3_oriental_disease,1976,unknown,0
T3_oriental_disease,1977,unknown,0
T3_oriental_disease,1978,unknown,0
T3_oriental_disease,1979,unknown,0
T3_oriental_disease,1980,unknown,0
T3_oriental_disease,1981,unknown,0
T3_oriental_disease,1982,unknown,0
T3_oriental_disease,1983,unknown,0
T3_oriental_disease,1984,unknown,0
T3_oriental_disease,1985,unknown,0
T3_oriental_disease,1986,unknown,0
T3_oriental_disease,1987,unknown,0
T3_oriental_disease,1990,unknown,0
T3_oriental_disease,1991,unknown,0
T3_oriental_disease,1992,unknown,0
T3_oriental_disease,1994,unknown,0
T3_oriental_disease,1995,unknown,0
T3_oriental_disease,1996,unknown,0
T3_oriental_disease,1997,unknown,0
T3_oriental_disease,1998,unknown,1
T3_oriental_disease,2000,unknown,0
T3_oriental_disease,2001,unknown,0
T3_oriental_disease,2002,unknown,0
T3_oriental_disease,2004,unknown,0
T3_oriental_disease,2005,unknown,0
T3_oriental_disease,2006,unknown,0
T3_oriental_disease,2008,unknown,0
T3_oriental_disease,2011,unknown,0
T3_oriental_disease,2012,unknown,0
T3_oriental_disease,2013,unknown,0
T3_oriental_disease,2014,unknown,0
T3_oriental_disease,2016,unknown,0
T3_oriental_disease,2017,unknown,0
T3_oriental_disease,2020,unknown,0
T3_oriental_disease,2022,unknown,0
T3_oriental_disease,2023,unknown,0
T3_oriental_disease,2024,unknown,0
